지점명,주소
이천안흥점,"경기 이천시 구만리로 191  (안흥동, 이천 롯데캐슬 골드스카이) 롯데캐슬 1층 상가 102호"
강변역점,서울 광진구 구의동 587-62
파주운정산내점,경기 파주시 청암로17번길 59  (목동동)
대전송촌점,대전 대덕구 송촌북로16번길 44  (송촌동)
합정역점,"서울 마포구 합정동 413-13  1,2층"
부산명지점,"부산 강서구 명지국제8로10번길 38  (명지동) 1층 116,117호"
순천 신대점,"전남 순천시 해룡면 좌야로 150  (신대리, 중흥에코시티7단지) 711동 120호"
신구대점,경기 성남시 중원구 광명로 355  (금광동)
성남은행점,경기 성남시 중원구 산성대로 532  (은행동)
파주다율점,경기 파주시 청암로 75  (다율동) 상상메디컬프라자 109호
수원 권선점,경기 수원시 권선구 세권로 188  (권선동) 1층
동해터미널점,강원 동해시 항골길 94  (천곡동)
청주율량주성점,충북 청주시 청원구 주성로 295  (주성동)
홍대점,서울 마포구 독막로7길 60  (서교동)
인천 테크노밸리점,인천 부평구 주부토로 236  (갈산동)
구로 헤리움점,서울 구로구 중앙로 18  (고척동)  1층 106
세종새롬점,"세종특별자치시 새롬중앙로 59  (새롬동, 새롬빌딩)"
의정부 고산점,경기 의정부시 바대논길 104  (고산동)
대전가양보건대점,대전 동구 우암로326번길 16  (가양동)
소하2동점,"경기 광명시 오리로 346  (소하동, 행운드림프라자)  1층 112호"
전북대점,전북 전주시 덕진구 덕진동1가 664-6  원플러스 제1층 115호
금천 롯데캐슬점,"서울 금천구 시흥대로 315  (독산동, 금천롯데캐슬골드파크4차)"
구미역점,경북 구미시 원평동 129-15
보령점,충남 보령시 동대동 502-18
용인 보정점,"경기 용인시 기흥구 죽전로 53  (보정동, 야후빌딩)"
진주경상대점,경남 진주시 가좌길 17  (가좌동)
김포 사우점,"경기 김포시 사우중로 51  (사우동, 메가라인)"
동탄 반송점,"경기 화성시 동탄문화센터로 65  (반송동, 에이스타운)"
화정 로데오점,"경기 고양시 덕양구 화신로 263  (화정동, 브릿지타워(BRIDGE TOWER)) 113호"
광주 용산점,"광주 동구 용산3길 17  (용산동, 모아엘가 에듀파크) 109호"
거제고현점,경남 거제시 서문로 66  (고현동) 청암빌딩 101호
여주 오학점,경기 여주시 보뜰1길 2  (오학동)
여수 여천점,전남 여수시 망마로 55  (신기동)
김해대동점,경남 김해시 대동면 동남로 149  (조눌리)
군산 나운점,전북 군산시 나운동 95-2
대전둔산점,"대전 서구 둔산로 130  (둔산동, 대덕프라자) 1층 107호"
강진점,"전남 강진군 강진읍 중앙로 88  (평동리, 금호상가)"
수원 나혜석거리점,경기 수원시 팔달구 권광로196번길 24  (인계동)
창원귀산점,경남 창원시 성산구 삼귀로 379  (귀산동)
부산 남포점,부산 중구 광복로 30-1  (창선동2가)
구월 호텔점,"인천 남동구 선수촌공원로23번길 1  (구월동, 9월호텔)"
인천 주안점,인천 미추홀구 주안로 92  (주안동) 다동 101호
목포 용해점,전남 목포시 대양로 129  (용해동)
고양 화정점,"경기 고양시 덕양구 화중로 126  (화정동, 찬우물상가) 104호"
부산대점,부산 금정구 부산대학로49번길 38-1  (장전동)
삼성전자 기흥점,"경기 용인시 기흥구 삼성로 1  (농서동, 삼성전자(주)기흥캠퍼스)"
구리 수택점,"경기 구리시 이문안로 106  (수택동, 럭키아파트 단지내 상가)"
광교 호수공원점,"경기 수원시 영통구 법조로 38  (하동, 광교 더샵 레이크파크)"
광양 성황점,전남 광양시 성황7길 21  (성황동) 1층중 1층 일부(성황동)
광양 마동점,전남 광양시 사동로 204  (마동)
호매실 금곡점,"경기 수원시 권선구 금곡로212번길 14  (금곡동, 거성빌딩)"
장성 제니스점,경북 포항시 북구 새천년대로1249번길 26  (장성동)
대구 성서점,대구 달서구 이곡공원로1길 50  (이곡동)
대전목동점,대전 중구 목동 4-11  1층
부천 범박점,"경기도 부천시 범안로 117  (범박동, 현대리치모아) 1층 103호"
안산 원곡센트럴점,경기 안산시 단원구 화랑로 122  (원곡동)
진접 해밀점,경기 남양주시 진접읍 해밀예당1로 50-44  (금곡리) 1층
안산 고잔점,"경기 안산시 단원구 광덕동로 41  (고잔동, 로진프라자) 104호"
용인 신동백점,"경기 용인시 기흥구 동백죽전대로 507  (동백동, 용인동백두산위브더제니스) 143호"
봉담2지구점,경기도 화성시 봉담읍 상리중심상가길 6-4  (상리) 1층 103호
대전봉명점,"대전광역시 유성구 계룡로 150  (봉명동, 승호빌딩) 205호"
시흥 은계호수공원점,"경기도 시흥시 은계호수로 31  (은행동, 그린타워)"
안산 선부점,"경기도 안산시 단원구 선부광장1로 30  (선부동, 단원프라자)"
창원팔용점,"경상남도 창원시 의창구 팔용로 428  (팔용동, 드림피아)"
의정부회룡역점,경기도 의정부시 외미로 95  (호원동) 1층 114호
산본역점,"경기도 군포시 번영로 495  (산본동, 신명산빌딩) 1층 101호"
포항 오천문덕점,경북 포항시 남구 오천읍 원동로 44  (원리)
미사가로수길점,"경기도 하남시 미사강변동로84번길 29  (망월동, 미사역 헤리움 애비뉴어)104호"
김포 라베니체점,경기도 김포시 태장로 820-26  (장기동) 라베니체마치에비뉴8차 116호
평택고덕점,"경기도 평택시 고덕면 고덕중앙2로 77-6  (여염리, 리치타워)"
서귀포 명동로점,제주특별자치도 서귀포시 명동로 20  (서귀동)
광주 신창점,광주 광산구 신창로 110-1  (신창동)
광주 충장로점,광주 동구 충장로안길 38  (황금동) 국제빌딩
부산 국제신도시점,부산광역시 강서구 명지국제8로10번길 38  (명지동)
김해내외중앙점,"경남 김해시 내외중앙로 30  (외동, 쌍둥이빌딩메트로타워I) 메트로타워 113호"
수원 세류역점,경기도 수원시 권선구 세류동 1162
천안성성레이크타운점,충남 천안시 서북구 성성8로 2-15  (성성동)
등촌역점,"서울 강서구 공항대로 531  (염창동, 한울밸리움) 105호"
익산영등점,전북 익산시 영등동 831-3
거창거열점,경상남도 거창군 거창읍 거열로4길 133  (가지리)
구미 인동점,"경북 구미시 인동35길 32  (구평동, 건강타운)"
논산 내동점,충남 논산시 시민로132번길 48  (내동) 104호
충북음성점,충청북도 음성군 음성읍 설성로 85  (읍내리)
명지대점,"서울 서대문구 명지대길 6  (홍은동, 신흥빌딩)"
오리역점,"경기도 성남시 분당구 성남대로43번길 10  (구미동, 하나EZ타워)"
대전도안목원대점,대전 서구 도안북로93번길 20-5  (도안동)
개봉 푸르지오점,"서울 구로구 남부순환로 775  (개봉동, 개봉푸르지오) 상가 106동 101호"
제주 연동대야점,제주특별자치도 제주시 국기로 19  (연동)  1층
인천 구월점,"인천 남동구 인하로489번길 16  (구월동, 세동네오스) 103호"
일산 탄현점,경기 고양시 일산서구 일현로 65  (탄현동)
서울 방배서래점,서울 서초구 동광로 95  (방배동)
익산 모현점,전북 익산시 배산로 158  (모현동1가)
포항 초곡점,경북 포항시 북구 흥해읍 초곡지구로 123  (초곡리)
전남 도청점,전남 무안군 삼향읍 대죽서로 35  (남악리)
잠실 새내역점,서울 송파구 올림픽로12길 17  (잠실동)
창원 용지호수공원점,"경남 창원시 성산구 용지로169번길 13  (용호동, 라이크빌-1)  (용호동, 라이크빌-1)"
남양주 오남점,경기 남양주시 오남읍 진건오남로 529-1  (오남리)
양산물금점,경남 양산시 물금읍 백호2길 14  (가촌리)
경주 황성점,경북 경주시 황성로16번길 7  (황성동)
인천 도화점,"인천 미추홀구 숙골로87번길 2  (도화동, 센타프라자)"
시흥 목감역점,경기 시흥시 목감둘레로 253-35  (조남동)
용인 외대점,경기 용인시 처인구 모현읍 외대로 42  (왕산리)
세종해밀점,"세종특별자치시 해밀3로 32  (해밀동, 해밀마을1단지) 105동 117,118호"
대구 동천점,대구 북구 동천로 128  (동천동)
모란점,경기 성남시 중원구 둔촌대로 84  (성남동) 란프라임타워 107호
광명 하안점,"경기도 광명시 범안로 1041  (하안동, 삼성빌딩) 삼성빌딩 1층"
세종대평점,"세종특별자치시 갈매로 58  (대평동, 황산프라자)  (대평동, 황산프라자) 120호,121호"
향동점,경기 고양시 덕양구 향동동 524  센터프라자 113호
오시리아점,부산 기장군 기장읍 시랑리 717
당진 시곡점,충남 당진시 서해로 6260  (시곡동) B동
포항 이동점,경북 포항시 남구 대이로111번길 5  (대잠동) 111호
통영점,"경상남도 통영시 산양읍 삼칭이해안길 820  (영운리, 통영한산마리나호텔) 디저트39 통영점"
밀양삼문점,경남 밀양시 미리벌중앙로1길 19  (삼문동)  (삼문동) 1층
통영 죽림점,경상남도 통영시 광도면 죽림4로 19-10  (죽림리)
고덕역점,"서울 강동구 고덕로 266  (명일동, 고덕역 대명벨리온)"
고성점,경남 고성군 회화면 회진로 515  (봉동리)
군산 수송점,전북 군산시 수송로 204  (수송동)
나주 빛가람점,전남 나주시 배멧3길 5-4  (빛가람동)
전주혁신도시점,"전북 전주시 덕진구 기지로 77  (장동, 전북혁신도시 더 M city 센텀) (장동, 전북혁신도시 더 M city 센텀) 디방디엠시티 c-116호"
해운대점,부산 해운대구 해운대해변로357번길 17  (중동) 110호
공주 신관점,충남 공주시 신관로 69-31  (신관동) 1층
청주동남지구점,충북 청주시 상당구 중고개로141번길 13-21  (용암동) 스마트타운 110호
부평 청천점,"인천광역시 부평구 세월천로 47  (청천동, 대일빌딩)"
계양 작전역점,"인천 계양구 주부토로 417  (작전동, BS 빌딩)  1층"
일산 식사점,경기 고양시 일산동구 식사동 1587
의정부역점,"경기 의정부시 태평로 76  (의정부동, 미즘) 미즘빌딩 1층"
의왕 퍼스트힐점,경기 의왕시 신장승길 29  (삼동)
수진역점,경기 성남시 수정구 수진동 2206
인천대점,"인천 연수구 하모니로138번길 11  (송도동, 송도캐슬센트럴파크)"
인천 서창점,인천 남동구 서창남로 77  (서창동)  메인프라자 110호
전대점,광주 북구 호동로 12-8  (중흥동)
구파발역점,"서울 은평구 진관3로 21  (진관동, 은평뉴타운엘크루) 엘크루오피스텔 103호"
전남 영광점,전남 영광군 영광읍 천년로12길 23  (신하리)
목포 하당점,전남 목포시 백년대로297번길 3-1  (상동)
안산 한대역점,"경기 안산시 상록구 광덕1로 355  (이동, 데코스포텔) (이동, 데코스포텔) 1층"
안산 초지점,"경기 안산시 단원구 광덕1로 62  (초지동, 아트프라자) (초지동, 아트프라자) 109호"
남해점,경남 남해군 남해읍 강진만로 1  (입현리) 1층
울산 언양점,울산 울주군 언양읍 헌양길 51  (남부리)
하남 풍산현대지산점,경기 하남시 미사대로 540  (덕풍동) (덕풍동) 현대지산 A-130
한양대점,"서울 성동구 마조로5길 6  (행당동, 새마을금고)"
충남 내포혁신도시점,"충남 홍성군 홍북읍 홍학로 95  (신경리, 아이프라자 2) (신경리, 아이프라자 2) 2차 103호"
수원 정자점,"경기 수원시 장안구 정자천로173번길 11-6  (정자동, 세경프라자) 102호"
한국교원대점,충북 청주시 흥덕구 강내면 탑연리 339
파주 교하점,"경기 파주시 파주로 266  (동패동, 아이비타워)  (동패동, 아이비타워) 102호"
부산 연산점,부산 연제구 반송로 89  (연산동) 1층 4호
진주평거점,경남 진주시 평거로 11  (평거동)
충남 당진점,"충남 당진시 대덕1로 125-26  (대덕동, 대광빌)"
남양주 마석점,"경기 남양주시 화도읍 경춘보학1길 8  (녹촌리, 남양주 라온프라이빗 5단지) (녹촌리, 남양주 라온프라이빗 5단지) 107호"
안성공도점,"경기 안성시 공도읍 공도4로 3  (만정리, 우성메디컬프라자)  (만정리, 우성메디컬프라자) M1층 113호, 114호"
동해 북삼점,강원 동해시 동회동 66-15
녹번역점,서울 은평구 은평로 240  (응암동) 힐스테이트 녹번역 상가 304호
호평점,"경기 남양주시 늘을2로 20  (호평동, CH리베로빌딩) (호평동, CH리베로빌딩) 115호"
인천 미추홀점,인천 미추홀구 용현동 665-19
인천 신현점,"인천 서구 가정로 375  (신현동, 금강아미움) 106호"
부평 중앙점,인천 부평구 경원대로 1420  (부평동)
김해삼계점,경남 김해시 해반천로130번길 31  (삼계동)
거여역점,서울특별시 송파구 오금로 519  (거여동) 스위트빌딩 202호
인천 부개역점,인천 부평구 부개동 301-10
목포 산정점,전남 목포시 산정로 37  (산정동) 1층(산정동)
민락에스클래스점,"경기 의정부시 오목로 196  (민락동, 민락2지구 제일풍경채 센텀-애비뉴모나코) 1층 55호"
포항 장성점,경북 포항시 북구 성실로 70  (장성동)
문정 래미안점,"서울 송파구 문정로 83  (문정동, 문정래미안아파트) 상가동 129호-1"
부평 산곡점,인천 부평구 산곡동 412-4
대치점,서울 강남구 선릉로64길 28  (대치동)
라페스타점,"경기 고양시 일산동구 중앙로 1305-56  (장항동, 라페스타D)  D동 126호"
킨텍스원시티점,"경기 고양시 일산동구 태극로 8  (장항동, 킨텍스원시티 1블럭)"
파주 문산점,경기 파주시 문산읍 방촌로 1719-74  (당동리) 좋은빌딩 1층
포천 송우점,경기 포천시 소흘읍 송우리 123
신림역점,서울 관악구 신원로 39  (신림동) 1층
학동역점,"서울 강남구 학동로 208  (논현동, 용문빌딩)"
야탑역점,"경기 성남시 분당구 야탑로65번길 8  (야탑동, 나인투빌딩) (야탑동, 나인투빌딩) 1층 103호"
강동역점,"서울 강동구 천호대로 1092  (성내동, 에스케이허브진) 110호"
창원상남점,"경남 창원시 성산구 마디미로56번길 7  (상남동, 레알주차장빌딩) (상남동, 레알주차장빌딩) 110호"
안산 월피점,경기 안산시 상록구 월피동 508-1
부천 시청점,"경기 부천시 석천로169번길 22  (중동, 현대센트럴파크) (중동, 현대센트럴파크)"
제주 이도점,제주특별자치도 제주시 연신로 85  (이도이동)
개금점,부산 부산진구 가야대로 486  (개금동)
동탄 수변공원점,경기 화성시 동탄순환대로29길 56  (영천동)  코스모스스퀘어 1층 105호
부산 덕천점,"부산 북구 금곡대로8번길 87  (덕천동, 덕천역 이즈 카운티) 이즈카운티 107호"
부천 옥길점,경기 부천시 양지로166번길 22  (옥길동)
검암 경서점,인천 서구 검암동 599-2   A동 1층
구리 갈매점,"경기 구리시 경춘북로 252  (갈매동, 갈매역아이파크)  갈매역 아이파크 애비뉴상가 A동 125호"
양주옥정점,경기 양주시 옥정로 226  (옥정동)  1층 108호
인천 석남점,인천 서구 가정로 258  (석남동) 지인프라자 1층
안산 그랑시티자이점,경기 안산시 상록구 사동 1639  그랑시티자이2차아파트 상가 121호
가재울 뉴타운점,"서울 서대문구 거북골로 100  (남가좌동, 래미안 루센티아) 래미안루센티아 상가1호"
동산 마동점,전북 익산시 중앙로33길 1  (마동)
김포 구래점,"경기 김포시 김포한강9로75번길 180  (구래동, 두원타워) (구래동, 두원타워)"
원흥 삼송점,경기 고양시 덕양구 권율대로 690  (원흥동)  202동 104호
대전관저롯데시네마점,대전 서구 봉우로8번길 23  (관저동) 103A
전주만성점,전북 전주시 덕진구 만성로 137  (만성동)  만성에코르 1단지상가 107호
동탄 호수공원점,"경기 화성시 동탄대로 181  (송동, 동탄린스트라우스더레이크) 레이크꼬모 A동 111호"
당진 기지시점,충남 당진시 송악읍 기지시1길 62  (기지시리)  1층
문경점,경북 문경시 여중1길 21  (모전동)
남양주 다산점,"경기 남양주시 다산중앙로 109  (다산동, 다산진건지구 업무1-4)  1층 114호"
충북혁신도시점,충북 음성군 맹동면 원중로 1438  (동성리)
동탄 신리천점,경기 화성시 동탄대로14길 5-17  (오산동)
삼천포점,경남 사천시 주공로 3  (벌리동) 120호 (벌리동 253-6번지)
서산 해미점,충남 서산시 해미면 서문1로 6  (읍내리)
연천전곡점,경기 연천군 전곡읍 온골로 38-2  (전곡리)
여수 교동점,전남 여수시 진남상가길 21  (교동)
양산역점,경남 양산시 양산역7길 14  (중부동)
이천점,경기 이천시 어재연로 30  (중리동)
경주점,경북 경주시 원화로 312  (성동동)
철원 DMZ점,강원 철원군 동송읍 금학로 247  (이평리)
충북진천점,충북 진천군 진천읍 중앙북로 14  (벽암리) 1층 104호
길음 뉴타운점,"서울 성북구 길음로 33  (길음동, 길음뉴타운) 상가B동 29호"
강남역점,"서울 서초구 서초대로74길 23  (서초동, 서초타운트라팰리스)  108호"
구미 문성점,경북 구미시 고아읍 들성로 170  (원호리)
부산 시민공원점,부산 부산진구 새싹로 83-2  (부암동) B동 1층
김포 운양점,경기 김포시 김포한강11로 300  (운양동) 에비뉴파크 105호
금천 시흥점,서울 금천구 독산로 131-1  (시흥동)
오산원동점,"경기 오산시 오산로132번길 28-19  (원동, 승희프라자) (원동, 승희프라자) 1층"
울산 옥동점,울산 남구 문수로 322  (옥동) 동은빌딩 1층
시흥 배곧점,"경기 시흥시 서울대학로278번길 61  (배곧동, 서영베니스스퀘어) (정왕동, 서영베니스스퀘어) 1층"
평택소사벌점,"경기 평택시 비전5로 16  (비전동, 프라우빌딩) 프라우빌딩 111호"
동탄 2시범단지점,경기 화성시 동탄순환대로 617  (청계동)  범환상가 104호
인천 청라점,인천 서구 연희동 797-1  린스트라우스 B동 115호
경북 도청점,경북 예천군 호명면 산합리 1408  신성프라자 101호
강릉 유천점,강원 강릉시 선수촌로 67  (홍제동) 108호
부산 사직점,부산 동래구 아시아드대로146번길 10  (사직동)
인천 연수점,"인천 연수구 벚꽃로 106  (청학동, 연수광장프라자) 101호(광장프라자)"
충북증평점,"충북 증평군 증평읍 광장로 106  (중동리, 제일가정의학과)"
익산 원광대점,전북 익산시 무왕로 884  (신동) 1층
부산 남천점,"부산 수영구 황령대로473번길 15  (남천동, 남천 엑슬루타워) 103, 104호"
용인 김량장점,경기 용인시 처인구 금령로 94  (김량장동)
파주 동패점,경기 파주시 동패동 1758-1  삼융프라자 106
충북오송점,충북 청주시 흥덕구 오송읍 연제리 712
서산 호수공원점,"충남 서산시 호수공원3로 26  (읍내동, 하진하우스)"
제주 노형점,제주특별자치도 제주시 노형동 3794-5
안양 동편마을점,"경기 안양시 동안구 동편로 16  (관양동) (광양동, 동편상가)"
울진 군청점,"경북 울진군 울진읍 울진중앙로 123-2  (읍내리, 클래식)"
분당 서현점,"경기 성남시 분당구 서현로180번길 19  (서현동, 비전월드)  101-25호"
김해율하점,경남 김해시 관동동 1094-1
인천 검단사거리역점,인천 서구 검단로 469  (왕길동) 104-105호(왕길동)
구미 형곡송정점,경북 구미시 송정대로 11  (송정동)
원주 무실점,강원 원주시 시청로 100  (무실동)
안성석정점,경기 안성시 석정동 255-9
안동 옥동점,경북 안동시 옥동 616-1
천안 두정점,"충남 천안시 서북구 두정중9길 11-1  (두정동, 한일상사)  1층"
대구 테크노폴리스점,대구 달성군 유가읍 테크노상업로 96  (봉리)
동여의도점,"서울 영등포구 의사당대로1길 25  (여의도동, 하남빌딩)  115호"
광양 중마점,전남 광양시 공영로 102  (중동)
울산 성남점,울산 중구 젊음의거리 29-6  (성남동)
포항 양덕점,경북 포항시 북구 양덕동 1396
충주연수점,충북 충주시 갱고개로 176  (연수동)
대구 침산점,"대구 북구 침산로 153  (침산동, 명성푸르지오) 105동 1층 C15호"
충주성서점,충북 충주시 성서8길 19  (성서동)
송탄출장소점,경기 평택시 관광특구로 19  (서정동)  101-1호(서정동)
영주 가흥점,경북 영주시 대동로13번길 2-21  (가흥동)
송도 캠퍼스타운점,"인천 연수구 송도과학로27번길 55  (송도동, 롯데캐슬 캠퍼스타운) (송도동, 갬퍼스타운 애비뉴)"
시흥대야점,"경기 시흥시 비둘기공원7길 39  (대야동, 트윈프라자) 1층 101호(대야동, 트윈프라자)"
남앙주 진접점,경기 남양주시 진접읍 금곡리 974-1  103호
판교 알파돔점,"경기 성남시 분당구 대왕판교로606번길 10  (백현동, 알파리움1단지) 타워 1동 2층 328호(백현동, 알파리움)"
전주아중점,전북 전주시 덕진구 건산로 261  (우아동2가) 1동 1호(우아동 2가)
파주 금촌점,경기 파주시 중앙로 323  (금촌동) 1층
금정역점,경기 군포시 산본천로226번길 4  (산본동) 101호(산본동)
아산 용화점,충남 아산시 용화고길 93  (용화동)  103호
태안점,충남 태안군 태안읍 동문3길 17  (동문리)
용인 기흥구청점,"경기 용인시 기흥구 구갈로60번길 3  (구갈동, 골드프라자) 102호(구갈동, 골드프라자)"
상봉점,"서울 중랑구 망우로 353  (상봉동, 상봉 프레미어스 엠코) 비주거동 1층 C 101호"
속초 교동점,강원 속초시 중앙로 20  (교동)
용인 동백점,"경기 용인시 기흥구 동백죽전대로 444  (중동, 쥬네브) 쥬네브썬월드빌딩 9층"
대구 수성못점,대구 수성구 수성못길 18  (두산동)
정읍 상동점,"전북 정읍시 신경1길 1-9  (상동) 1,2층"
태백 황지연못점,강원 태백시 황지로 149  (황지동) 연지로 빌딩 101호
외대점 (250331 폐점),서울 동대문구 휘경로 13  (이문동)
가평점,"경기 가평군 가평읍 연인2길 22-1  (읍내리, 한서건축사무소) 1층"
안양역점,경기 안양시 만안구 장내로139번길 60  (안양동)
인천아라점,"인천 서구 이음5로 62  (원당동, 정인프라자)"
창원합성로점,경남 창원시 마산회원구 합성남로 10  (합성동)
보라매점,서울 관악구 봉천로7길 41  (봉천동)
아주대점,경기 수원시 팔달구 아주로 43  (우만동)
순천 조례점,전남 순천시 신월큰길 27  (조례동)
더샵 부평점,인천 부평구 십정동 289-8
강남 테헤란로점,"서울 강남구 테헤란로4길 6  (역삼동, 강남역 센트럴 푸르지오 시티)"
증포점,경기 이천시 이섭대천로 1342  (증포동) 102호
옥천중앙로점,충북 옥천군 옥천읍 중앙로 40  (금구리)
수원매교역점,경기 수원시 팔달구 정조로 667  (매교동)
분당서현시범단지점,"경기 성남시 분당구 중앙공원로39번길 49  (서현동, 서현 지엔느)"
구로구청점,"서울 구로구 가마산로 285  (구로동, 비즈트위트 레드)"
건대점,"서울 광진구 아차산로 238  (1층, 자양동)"
학익점,인천 미추홀구 소성로 237  (학익동)
우송대동역점,대전 동구 백룡로 9  (자양동)
대전탄방점,대전 서구 괴정동 7-2
울산 송정점,울산 북구 송정25길 2  (송정동)
대구 태전점,대구 북구 칠곡중앙대로69길 11  (태전동)
신사역점,서울 강남구 강남대로146길 25  (논현동)
관악점,"서울 관악구 관악로 164  (봉천동, 대우디오슈페리움1단지)"
하남 메가박스점,광주 광산구 우산동 1588-1  동부센트레빌상가 141호
석수동 안양대교점,"경기 안양시 만안구 안양로 447  (석수동, 유안율빌딩)"
제주시청대야점,제주특별자치도 제주시 동광로 7  (이도일동)
안산중앙점,"경기 안산시 단원구 예술대학로 9  (고잔동, 보배프라자)"
방배중앙점,서울 서초구 방배중앙로 117  (방배동)
창원중앙점,경남 창원시 성산구 용지로133번길 11  (중앙동)
대전역점,"대전 동구 중앙로 215  (정동, 대전역)"
가산 한라원앤원점,서울 금천구 가산디지털2로 101  (가산동)
양원역점,서울 중랑구 양원역로 72  (망우동)
남원춘향점,전북 남원시 주천면 원천로 345-34  (호기리)
수유역점,서울 강북구 수유동 174-32
울산 대공원점,울산 남구 대공원로99번길 20  (옥동)
진해석동점,"경남 창원시 진해구 냉천로 61  (석동, 보람수산)"
동인천역점,인천 동구 송현로 7  (송현동)
평택포승점,경기 평택시 포승읍 여술3길 17-16  (도곡리) 101호
대전학하점,대전 유성구 계산동 762-9
여주교동점,경기 여주시 교동 538
인천 귤현점,인천 계양구 귤현동 496
화성시청 남양점,경기 화성시 남양읍 역골중앙로 14  (남양리) 102호
순천오천점,전남 순천시 오천6길 26  (오천동)
호매실 능실점,경기 수원시 권선구 호매실로104번길 24-70  (호매실동)
창원경남대점,경남 창원시 마산합포구 창포동3가 8-4
덕천동이수타워점,"부산 북구 기찰로 12  (덕천동, 이수빌딩)"
덕소점,"경기 남양주시 와부읍 덕소로 269  (도곡리, 동성프라자)"
안성중대점,경기 안성시 대덕면 대학10길 20  (내리)
마석 스타점,"경기 남양주시 화도읍 마석중앙로37번길 45  (마석우리, 별나라프라자)"
판교역점,경기 성남시 분당구 판교역로 136  (백현동)
지축점,경기 고양시 덕양구 오부자2길 18  (지축동)
군산조촌디오션점,전북 군산시 조촌동 2-38
광주 경안점,경기 광주시 경안로 32  (경안동)
다사 대실점,대구 달성군 다사읍 대실역남로 10  (죽곡리)
성대점,경기 수원시 장안구 화산로213번길 23  (율전동)
논현중앙점,인천 남동구 논현동 631-9
안면도점,충남 태안군 안면읍 방포로 1  (승언리)
계양구청점,"인천 계양구 계산새로 71  (계산동, 하이베라스) C동 1층 113,114호"
송도트리플스트리트점,"인천 연수구 송도과학로16번길 33-4  (송도동, 송도 트리플스트리트) D동 118호"
부천송내역점,"경기 부천시 부일로199번길 21  (상동, 황금프라자빌딩) 103,104,105호"
대전산성점,"대전 중구 대둔산로408번길 5  (산성동, 동신빌딩)"
시흥거북섬점,"경기 시흥시 거북섬2길 5  (정왕동, 시흥시 MTV 프라자) 102호"
삼성점,서울 강남구 테헤란로87길 57  (삼성동)
남원사랑도통점,전북 남원시 춘향로 24  (도통동) 1층
창원유니시티점,경상남도 창원시 의창구 중동중앙로 95  (중동)
월미도점,인천 중구 북성동1가 98-230  2층
사가정역점,서울 중랑구 면목로 341  (면목동) 1F
광주사암로점,광주 광산구 사암로215번길 27  (우산동)
평촌엘프라우드,"경기 안양시 동안구 운곡로 60  (비산동, 평촌엘프라우드) 2단지 상가 223호"
수원인계점,경기 수원시 팔달구 인계로 118  (인계동)
안산해양점,경기 안산시 상록구 해양4로 26  (사동) 자이센터프라자 1층
선화하늘채점,"대전 중구 대종로594번길 51  (선화동, 하늘채스카이앤1차) 303동 128호"
광주상무점,광주 서구 금부로 83  (금호동) 1층
화성융건릉점,경기 화성시 세자로475번길 14-3  (안녕동) 2층3층
울산온양점,울산 울주군 온양읍 온양로 177  (대안리)
횡성점,강원특별자치도 횡성군 횡성읍 교항리 116-8
일산킨텍스점,"경기 고양시 일산서구 킨텍스로 217-60  (대화동, 킨텍스) 킨텍스 제1전시장 5홀 전면 디저트39"
부천소사역점,경기 부천시 소사구 소사본동 65-5  118호
홍대입구역점,서울 마포구 신촌로 28  (동교동) 1층
세종나성점,"세종특별자치시 나성로 96  (나성동, 더센트럴) 1층 159호"
충북음성성본점,"충북 음성군 대소면 성본산단4로 41  (성본리, 음성푸르지오 더퍼스트)"
시흥장현점,"경기 시흥시 황고개로 486  (장곡동, 퍼스트프라자) 1층"
롯데마트그랑그로서리구리점,"경기 구리시 동구릉로136번길 57  (인창동, 구리유통종합상가) 롯데마트그랑그로서리구리점 2층"
광명사거리역점,"경기 광명시 오리로 942  (광명동, 임플란트빌딩) 1,2층"
부산모라점,부산 사상구 사상로489번길 28  (모라동)
울산신정점,"울산 남구 봉월로 55  (신정동, 양우내안애팰리스) 상가 104호"
충북대병원점,"충북 청주시 서원구 1순환로 771  (개신동, 보덕빌딩) 1층 디저트39"
답십리점,서울 동대문구 답십리동 21-78
마곡점,"서울 강서구 마곡중앙로 111  (마곡동, 롯데캐슬 르웨스트) 105동 175호"
강동구청점,서울 강동구 성내동 319-33  1층 2호
안양어반포레점,"경기 안양시 만안구 냉천로 125  (안양동, 안양어반포레자연앤이편한세상 3단지) 108호(안양어반포레자연앤이편한세상 3단지 3-3상가)"
구미신평점,경북 구미시 신비로 16  (신평동)
검암푸르지오점,인천 서구 한중로 10  (백석동) 메르시타워 115호
화곡더챔버점,"서울 강서구 강서로 174  (화곡동, 한양 더챔버)"
글로스터호텔인천점,인천 남동구 소래역로 36  (논현동) 글로스터인천 1층
학익시티필드점,인천 미추홀구 매소홀로 262  (학익동)
양산신명동점,경남 양산시 신명동7길 30  (명동) 1층
당진송악점,"충남 당진시 송악읍 신복운로 49  (복운리, 송악프라자) 108호, 109호"
수원탑동점,"경기 수원시 권선구 서부로 1822-55  (탑동, (주)덕산마트)"
김제검산점,전북특별자치도 김제시 검산택지1길 51  (검산동)
대전관평점,"대전 유성구 관평2로 26  (관평동, 아카데미프라자)"
청주강서점,"충북 청주시 흥덕구 서현중로 66  (강서동, 레인보우빌딩)"
온수역점,서울 구로구 온수동 9-12
함양점,"경남 함양군 함양읍 고운로 83  (교산리, 한주상가) 107호"
강릉교동점,강원특별자치도 강릉시 솔올로5번길 18-6  (교동) 1층
대치중앙점,서울 강남구 삼성로 325  (대치동) 1층
시온성점,"전북특별자치도 완주군 봉동읍 과학로 979  (둔산리, 시온성주유소)"
운정로데오점,경기 파주시 경의로1240번길 14-31  (와동동) 1층 111호
부송점,전북특별자치도 익산시 궁동로 158  (부송동)
삼산점,경북 안동시 문화광장길 63  (삼산동)
양평J&J점,경기 양평군 양평읍 시민로 125  (공흥리)
보령중앙로점,충남 보령시 중앙로 187-31  (대천동)
사천점,경남 사천시 사남면 유천리 929  삼정그린코아 포레스트 후문 상가 143동 125호
평촌두산벤처다임점,"경기 안양시 동안구 흥안대로 415  (평촌동, 두산벤처다임) 동문 1층 137호"
군산영화점,전북특별자치도 군산시 구영5길 123  (영화동)
칠암캠퍼스점,경남 진주시 동진로 38  (칠암동) 102호
독립문문화공원점,서울 서대문구 통일로 203  (영천동) 1층
운정GTX점,"경기 파주시 청석로 115  (동패동) 114호, 115호"
청담점,서울 강남구 도산대로89길 3  (청담동) 1층
여수웅천점,"전남 여수시 웅천로 347  (웅천동, 새여수새마을금고 웅천사옥) 1층"
창원역점,"경남 창원시 의창구 사화로 16  (팔용동, 한창빌딩) 1층"
노원상계보람점,"서울 노원구 한글비석로 470  (상계동, 동서기업빌딩)"
연지초읍점,부산 부산진구 동평로235번길 23  (연지동) 1층
서울대벤처타운역점,서울 관악구 신림동 1536-16  1층
부산문현점,부산 남구 수영로 33  (문현동) 1층 105-1호 (문현동)
송도센트럴파크점,"인천 연수구 인천타워대로 257  (송도동, 송도 아트포레 푸르지오 시티) B-107,108호"
카카오판교아지트점,"경기 성남시 분당구 판교역로 166  (백현동, 카카오 판교 아지트) 1층 13번유닛 (백현동, 카카오판교아지트점)"
인천길병원점,"인천 남동구 남동대로777번길 9  (구월동, 룩소르주상복합아파트) 102호 103호(구월동)"
역삼팁스타운점,서울 강남구 역삼로19길 7  (역삼동) 유니콘빌딩 지상1층
서충주신도시점,충북 충주시 중앙탑면 원앙9길 18-1  (용전리) 1층 105호
홍제점,서울 서대문구 세무서길 69  (홍제동)
상계롯데캐슬점,"서울 노원구 덕릉로 753  (상계동, 노원 롯데캐슬 시그니처) 105동 1층 2-3호"
미아사거리역점,"서울 강북구 월계로 43  (미아동, 앨리스고홈빌딩) 1층"
순천중앙점,"전남 순천시 황금2길 10  (남내동, 소매점, 필라골프)"
전주삼천점,전북특별자치도 전주시 완산구 삼천동1가 597-9
백령도점,인천 옹진군 백령면 백령로 236  (진촌리)
마포월드컵북로점,"서울 마포구 월드컵북로 108  (성산동, 정인빌딩) 1층"
병점복합타운점,경기 화성시 병점노을7로 5  (진안동) 110호
영도동삼점,부산 영도구 절영로 473  (동삼동)
전북고창점,전북특별자치도 고창군 고창읍 중앙로 126  (읍내리) 1층
포이사거리점,"서울 강남구 개포로 202  (개포동, 석인빌딩) 102,103호"
부산시청점,부산 연제구 거제천로 110  (연산동)
용인둔전점,경기 용인시 처인구 포곡읍 포곡로108번길 13  (둔전리) 107호
구미상모점,경북 구미시 박정희로2길 10  (상모동) 1층
강릉종합운동장점,강원특별자치도 강릉시 춘갑봉길 12  (포남동)
화서역점,경기 수원시 팔달구 수성로157번길 1  (화서동) 1층
신방화역점,"서울 강서구 마곡중앙5로 81  (마곡동, 에스비타운) 115호"
원지터미널점,경남 산청군 신안면 하정리 630-6  1층
통영무전점,"경남 통영시 무전5길 3  (무전동, 현대자동차)"
평택역점,경기 평택시 평택로39번길 2  (평택동)
부산못골점,"부산 남구 못골번영로 6  (대연동, 못골대중사우나)"
영덕중앙점,경북 영덕군 영덕읍 중앙길 75  (덕곡리)
대구이시아폴리스점,"대구 동구 팔공로 259  (봉무동, 프라임빌딩) 1층 106호"
일산후곡점,경기 고양시 일산서구 일산로 550  (일산동) 1층
영등포구청점,서울 영등포구 당산로 128-1  (당산동3가)
sk하이닉스점,"경기 이천시 부발읍 경충대로 2106  (아미리, 현대시티프라자)"
인천더블유병원점,"인천 미추홀구 인주대로 400  (주안동, 인천W여성병원) 1층"
시흥정왕점,"경기 시흥시 중심상가2길 12-8  (정왕동, 정왕주차타운) 1층 102호"
제주화북점,제주특별자치도 제주시 일주동로 263  (화북일동) 1층
칠곡북삼점,경북 칠곡군 북삼읍 북삼로8길 5  (인평리)
안양수촌마을점,경기 안양시 동안구 관양동 1380-6
음성감곡점,충북 음성군 감곡면 장감로 132  (왕장리)
울산우정혁신점,울산 중구 종가6길 12  (우정동) 1층
중랑구청점,서울 중랑구 봉화산로 218  (신내동) 1층
신용산점,"서울 용산구 한강대로 95  (한강로2가, 래미안용산 더 센트럴) B223호"
경대동문점,"대구 동구 경대로 126  (신암동, 해링턴플레이스동대구아파트) 307동 104호"
동의대점,"부산 부산진구 가야대로 538  (가야동, 가야 롯데캐슬 골드아너) 상가2동 109호"
부산신만덕점,부산 북구 덕천로 302  (만덕동)
간석올리브점,"인천 남동구 간석동 939-1  래미안자이아파트 상가 1층 109호, 110호"
행당점,서울 성동구 행당동 298-86
문화충대병원점,대전 중구 문화로 214  (문화동)
둔산타임월드점,대전 서구 둔산로31번길 21  (둔산동)
서대전점,대전 중구 계백로 1703-1  (오류동)
남춘천점,"강원특별자치도 춘천시 경춘로 2364  (온의동, 강남병원) 1층"
대방역점,"서울 동작구 알마타길 6  (대방동, 파밀리에 하늘마루) 107호"
동춘점,"인천 연수구 앵고개로264번길 10-13  (동춘동, 대동빌딩) 1층"
대구시지광장점,대구 수성구 신매로19길 54  (신매동) 2층
해운대장산점,"부산 해운대구 좌동로 96  (좌동, 블루스퀘어) A동"
거제홈플러스점,"경남 거제시 장평로 12  (장평동, 디큐브백화점) 지하1층"
제주아라점,제주특별자치도 제주시 중앙로 553  (아라일동) 1층
과천중앙점,"경기 과천시 관문로 92  (중앙동, 힐스테이트 과천중앙) 1층"
대전복합터미널점,"대전 동구 동서대로 1689  (용전동, 대전복합터미널(서관)) 108호(서관 3번 게이트 옆)"
지타워몰점,"서울 구로구 디지털로26길 38  (구로동, G-Tower) B132 (202호)"
대구범어점,대구 수성구 범어로20길 39  (범어동)
부산사직운동장점,부산 동래구 아시아드대로161번길 90  (사직동)
부산동아대점,부산 사하구 낙동대로 550  (하단동) 1층
평택용죽점,경기 평택시 용죽2로 32-25  (용이동) 101호
전주객사점,전북 전주시 완산구 고사동 25
길동점,서울 강동구 길동 411-4  1층 1호
수원경기대점,경기 수원시 영통구 대학로 28  (이의동)
광양덕례점,전남 광양시 광양읍 갈티로 46  (덕례리)
진주초전점,경남 진주시 초전북로61번길 16-3  (초전동)
부천원종점,경기 부천시 소사로 758  (원종동)
예산터미널점,"충남 예산군 예산읍 금오대로 35-13  (산성리) 1층 102,102호"
용인백암점,"경기 용인시 처인구 백암면 근창로 35  (근창리, 비두빌딩)  비두빌딩 1층"
대전월평점,"대전 서구 청사로 130  (월평동, 청사로프라자)"
당진문예의전당점,충남 당진시 무수동로 60  (읍내동)
부천상동점,"경기 부천시 상동로 112  (상동, 썬프라자)"
화성시청남양점,경기 화성시 남양읍 역골중앙로 14  (남양리) 102호
