매장명,주소,구
역삼점,서울 강남구 논현로72길 13 1층(역삼동),강남구
강남원에디션점,서울 강남구 언주로 563,강남구
강남행복병원점,"서울 강남구 헌릉로590길 60 (세곡동, 강남구립 행복요양병원) 1F",강남구
강남나누리병원점,서울 강남구 언주로149길 5 (논현동) 1F,강남구
학동제마점,서울 강남구 학동로34길 22 (논현동),강남구
삼성대치점,"서울 강남구 삼성로64길 32 (대치동, 주성빌딩) 1층",강남구
강남대치점,"서울 강남구 역삼로 415 (대치동, 성진빌딩) 1층",강남구
강남율현점,"서울 강남구 밤고개로21길 8 (율현동, 세곡프라자) 지상1층 104,105호",강남구
한티역점,서울 강남구 도곡로69길 8 (대치동) 1층,강남구
청담역점,"서울 강남구 삼성로 721 (청담동, 룩희 819) 1층",강남구
강남구청역아이티웨딩점,"서울 강남구 학동로 338 (논현동, 강남파라곤) 이디야커피",강남구
학동역점,"서울 강남구 학동로 219 (논현동, 국제빌딩) 2층",강남구
강남논현학동점,서울 강남구 논현로131길 28 1층,강남구
강남도산점,서울 강남구 도산대로37길 20 1층(신사동),강남구
[하단 유의사항 확인2],서울 강남구 논현로 636,강남구
을지병원사거리점,서울 강남구 도산대로30길 7 1층(논현동),강남구
삼성한전점,서울 강남구 테헤란로 107길 11(삼성동 169-10),강남구
역삼중앙점,서울특별시 강남구 언주로81길 8,강남구
도산사거리점,서울특별시 강남구 언주로148길 14 나동 1층 107호,강남구
대청역점,서울특별시 강남구 개포로109길 34,강남구
개포동역점,서울특별시 강남구 개포로82길 11,강남구
일원동점,서울특별시 강남구 양재대로27길 20,강남구
역삼충현점,서울 강남구 역삼동  667-18,강남구
강남YMCA점,서울 강남구 논현동  봉은사로37길 29 뜨레빌빌라 101호,강남구
청담사거리점,서울 강남구 청담동  125-22,강남구
신사역점,서울 강남구 신사동  512-10 대성빌딩1층,강남구
도곡2동점,서울 강남구 도곡동  518-10번지 1층,강남구
역삼역점,서울 강남구 역삼동  643-10,강남구
역삼플래티넘점,서울 강남구 역삼동 826-37 쌍용플래티넘상가 B-108,강남구
역삼월드점,서울 강남구 역삼동 754-2 도곡프라자 102,강남구
삼성동점,서울 강남구 테헤란로88길 10 101호,강남구
길동사거리점,서울 강동구 천호대로 1132 1층 101-103호(성내동),강동구
천호중흥S클래스점,서울 강동구 천호동 423-200,강동구
암사상암로점,서울 강동구 상암로 55 1층,강동구
둔촌오륜포레온점,"서울 강동구 양재대로 1300 (둔촌동, 올림픽파크포레온) 포레온스테이션 나인 144호",강동구
강일점,"서울 강동구 아리수로93길 19 (강일동, 임페리얼타워) 1층",강동구
강동성내점,서울 강동구 풍성로 162 (성내동) 1층,강동구
강동고덕교차로점,"서울 강동구 고덕로 421 (강일동, 대한연세요양원) 1층",강동구
명일역점,"서울 강동구 구천면로 424 (명일동, 명일메가타운)",강동구
천호중앙점,"서울 강동구 올림픽로 660 (천호동, 천호엘크루주상복합) 1층 105호",강동구
고덕그라시움후문점,서울 강동구 동남로82길 121 (고덕동) 1층,강동구
강동구청점,서울 강동구 성내동 556-2,강동구
암사중앙점,서울 강동구 암사길 50 근린생활시설동 105호(암사동),강동구
천호초교사거리점,서울특별시 강동구 구천면로 304,강동구
명일중앙점,서울특별시 강동구 상암로 210 (명일동),강동구
보훈병원점,서울 강동구 둔촌동  556 암펠로스타워 1층,강동구
길동역점,서울 강동구 길동  양재대로 1471번지 동선빌딩 1층,강동구
강동역점,서울 강동구 천호동 450번지 강동상떼빌 제엘106호,강동구
둔촌점,서울 강동구 양재대로 1377 1층 9호,강동구
천호현대점,서울 강동구 천호동 432-2,강동구
미아역점,서울 강북구 미아동  207-3,강북구
수유역점,서울 강북구 수유동  191-2,강북구
가오리역점,서울 강북구 삼각산로 108 1층,강북구
번동점,서울 강북구 번동  309,강북구
한신대점,서울 강북구 덕릉로 31 수유동 이디야커피 1층,강북구
미아중앙점,"서울특별시 강북구 도봉로 128 (미아동, 1층)",강북구
북한산점,서울 강북구 4.19로 85 1층,강북구
미아꿈의숲해링턴점,"서울 강북구 오현로 45 (미아동, 꿈의숲 해링턴 플레이스) 상가1층",강북구
미아트리베라점,"서울 강북구 삼양로19길 25 (미아동, 삼성래미안트리베라1차아파트) 지하 1층 107동 1-1호",강북구
염창대로점,서울 강서구 염창동 262,강서구
방화역점,"서울 강서구 금낭화로 145 (방화동, 에어뷰21-1오피스텔) 126호",강서구
등촌3동성당점,"서울 강서구 강서로56길 110 (등촌동, SJC빌딩) 이디야 등촌3동성당점",강서구
개화산점,"서울 강서구 양천로 28 (방화동, 벽산에어트리움) 본관동1층",강서구
예원문화센터점,"서울 강서구 화곡로63길 65 (등촌동, 예원교회) 2층",강서구
화곡본동시장점,서울 강서구 까치산로4길 11 (화곡동) 1층,강서구
마곡헤리움점,"서울 강서구 마곡중앙5로1길 25 (마곡동, 마곡헤리움2차) 1층 108호",강서구
마곡파인스퀘어점,"서울 강서구 마곡중앙4로 22 (마곡동, 파인스퀘어) 1층 124,125,126호",강서구
까치산로점,"서울 강서구 까치산로 182 101호, 102호",강서구
방화동로점,서울 강서구 방화동로 95 1층(방화동   580-130번지),강서구
강서구청점,서울 강서구 화곡동  981-1,강서구
우장산동점,"서울 강서구 우현로 15 102~103호(화곡동, 우장산빌딩)",강서구
화곡로점,서울 강서구 화곡3동  1067-20 2층,강서구
방화사거리점,서울특별시 강서구 양천로 72  106호,강서구
강서NC점,서울 강서구 등촌동  674-2,강서구
강서한강자이점,서울 강서구 가양동  52-7 강서한강자이타워 B동 108-2,강서구
공항시장역점,서울특별시 강서구 방화동로 37-0 (방화동 메디스 타워 ),강서구
염창동점,서울 강서구 염창동  264-37,강서구
등촌역점,서울 강서구 등촌동  등촌로 217,강서구
화곡사거리점,서울 강서구 화곡동  342-53,강서구
봉천역점,서울 관악구 봉천동  931-4,관악구
신림미성점,서울 관악구 신림동  난곡로 250,관악구
신대방역점,서울특별시 관악구 난곡로 368 (신림동 송암빌딩 ) 송암빌딩2층,관악구
녹두거리점,서울특별시 관악구 신림로 91 1층,관악구
봉일시장점,서울특별시 관악구 은천로 23,관악구
관악하나로마트점,서울 관악구 남부순환로 1369 1층(신림동),관악구
난곡사거리점,서울 관악구 남부순환로 1444 1층,관악구
신림패션문화점,서울 관악구 봉천로6길 24 1층(신림동),관악구
남현홈플러스점,서울 관악구 과천대로 909 홈플러스서울남현점 1층,관악구
청룡중앙점,서울특별시 관악구 쑥고개로 80 (봉천동) 1층,관악구
신림대학동점,서울 관악구 호암로26길 17 (신림동) 1층,관악구
신림역점,서울 관악구 신림로 312 (신림동) 1층 좌측호,관악구
신림문화교점,서울 관악구 신림동 92-32 (서원동성당),관악구
봉천현대시장점,서울 관악구 봉천동 899-31,관악구
관악산으뜸점,서울 관악구 신림로 21 (신림동) 으뜸공원휴게소 2층,관악구
관악인헌점,서울 관악구 인헌길 74 (봉천동) 1층,관악구
건대역점,서울 광진구 화양동 7-3 한림타워 101호,광진구
군자역점,"서울 광진구 능동로 290 (능동, 삼일빌딩) 1층 105호",광진구
아차산역점,서울 광진구 구의동  663,광진구
자양동점,서울 광진구 자양동  681-15,광진구
자양우성점,서울특별시 광진구 자양번영로 34 (자양동 제이원하이텔 ),광진구
동서울터미널점,서울 광진구 구의동  547 강변현대하이엘 109호,광진구
세종대후문점,서울 광진구 군자동  102-1,광진구
중곡대원점,서울특별시 광진구 용마산로 111,광진구
건대스타시티점,"서울 광진구 아차산로 272 1층 5호(자양동, 더샵스타시티 1층)",광진구
건대스타시티2호점,"서울 광진구 능동로 92 201호(자양동, 스타시티몰 지하2층)",광진구
구의자양로점,서울 광진구 자양로 251 (구의동) 1층,광진구
중곡신성점,"서울 광진구 용마산로 37 (중곡동, 이안빌딩) 1층",광진구
자양사거리점,서울 광진구 자양로 81 1층 103호,광진구
혜민병원점,"서울 광진구 자양로 85 (자양동, 혜민병원) 1층",광진구
자양문원점,서울 광진구 아차산로 345 1F,광진구
구로이마트점,서울 구로구 구로동 188-26,구로구
신도림테크노마트점,서울 구로구 구로동  3-25,구로구
개봉현대점,서울 구로구 개봉로 69 2층(개봉동),구로구
남구로역점,서울 구로구 디지털로27길 127 (가리봉동) 1층,구로구
구로NC점,서울특별시 구로구 구로동로 240,구로구
구로미성점,서울특별시 구로구 구로중앙로 228 1층 106~108호,구로구
구로코레일점,서울특별시 구로구 구로중앙로 174,구로구
성공회대점,서울 구로구 연동로 312 2층 201호,구로구
고척스카이돔점,서울 구로구 경인로 397 별관동 지상1층 101호,구로구
고척사거리점,"서울 구로구 고척로 228-6 1층 (고척동, 종만빌딩)",구로구
신도림메르디앙점,서울특별시 구로구 신도림로 65 (신도림동) 신도림월드메르디앙오피스텔 1층 101호,구로구
개봉역점,서울 구로구 남부순환로97길 11 (개봉동) 2층,구로구
구로역광장점,"서울 구로구 경인로 572 (구로동, 스타팰리스) 109호,110호",구로구
구로구청점,"서울 구로구 가마산로25길 9 (구로동, 네오팰리스)",구로구
구로하버라인점,"서울 구로구 항동로3길 6 (항동, 가온 프라자) 1층 102,103호",구로구
구일역점,서울 구로구 구일로 110 1층,구로구
독산동점,서울 금천구 독산로 218 창영빌딩 1층,금천구
시흥동점,서울특별시 금천구 시흥동  890-10 전첨빌딩   1층,금천구
가산월드점,서울 금천구 가산동  426-5 월드메르디앙벤처 2차 101호,금천구
시흥중앙점,서울 금천구 시흥동  1011 관악우방아파트  상가 105호,금천구
은행나무사거리점,서울특별시 금천구 금하로 690 (시흥동) 1층,금천구
가산두산위브점,서울특별시 금천구 가산로 111 103호,금천구
세광교회점,서울 금천구 독산로 124 (시흥동),금천구
가산리더스타워점,서울 금천구 가산동 60-15 삼성리더스타워 지하1층,금천구
박미삼거리점,서울 금천구 시흥대로 150 지상1층(시흥동),금천구
시흥유통센터점,"서울 금천구 시흥대로 88 1층(시흥동, 오복빌딩)",금천구
가산오거리점,"서울 금천구 가산로 155 (가산동, 케이디에스빌딩) 지상1,2층",금천구
독산동쌈지공원점,서울 금천구 독산로 276 (독산동) 102호,금천구
석수푸르지오점,"서울 금천구 삼성산길 11 (시흥동, 위너스타워) 101호",금천구
서서울미술관점,서울 금천구 시흥대로79길 65,금천구
태릉입구역점,서울 노원구 공릉동  633-17,노원구
육군사관학교점,서울 노원구 화랑로 574 (공릉동) 육군사관학교 행정안내소,노원구
상계상록스토아점,"서울 노원구 동일로227길 26 (상계동, 상계주공15단지아파트) 상가동 지하1층, 지상1층",노원구
월계이마트점,"서울 노원구 마들로3길 15 (월계동, 월계이마트) 이마트 더타운몰 월계점 2층 아크앤북 이디야커피",노원구
월계인덕점,"서울 노원구 광운로22길 39 1층(월계동, ID시티)",노원구
중계본동점,서울특별시 노원구 중계로14바길 2,노원구
중계롯데우성점,서울 노원구 중계동  361-1,노원구
당고개역점,서울특별시 노원구 상계로 313 (상계동  ) 1층,노원구
상계중앙점,서울 노원구 동일로 1650 (상계동) 1~2층,노원구
광운대점,서울 노원구 월계동 465-10,노원구
공릉역점,서울 노원구 공릉동  386-6번지 1층,노원구
원자력병원점,서울 노원구 공릉동  421-19 102호,노원구
수락산역점,서울 노원구 상계동  하이베라스 133호 (동일로 1689),노원구
상계동점,서울 노원구 상계동  456-132,노원구
상계역점,서울 노원구 중계동  광현빌딩 1층,노원구
서울여대점,서울 노원구 공릉동  90-4 우토파크프라자 105호,노원구
중계점,서울 노원구 동일로204가길 34 103호,노원구
창동역점,서울 도봉구 창동 13번지 103호,도봉구
덕성여대점,서울 도봉구 삼양로 542 1층(쌍문동),도봉구
방학점,서울 도봉구 방학동  670,도봉구
쌍문역점,서울 도봉구 쌍문동  88-20,도봉구
창동학원가점,서울 도봉구 창동  해동로16길 61 1층,도봉구
신창점,서울 도봉구 창동  578-146,도봉구
방학역점,서울 도봉구 방학동  652-21,도봉구
선덕고사거리점,"서울 도봉구 쌍문동  256 에벤에셀 101동 209,225호",도봉구
쌍문동점,서울 도봉구 노해로 162 (쌍문동) 1층,도봉구
도봉산점,서울 도봉구 도봉산길 18 (도봉동) 1층,도봉구
창동제일점,서울 도봉구 노해로70길 81 (창동) 1층 101호,도봉구
창동하나로마트점,"서울 도봉구 마들로11길 20 (창동, 농협창동유통센타) 1층",도봉구
창동대우점,서울 도봉구 덕릉로63가길 30 (창동) 1층,도봉구
솔밭공원역점,"서울 도봉구 삼양로 594 (쌍문동, 주함해븐빌) C-1동 1층 101호",도봉구
경희대캠퍼스점,서울 동대문구 경희대로 26 1층 호텔관광대학(회기동),동대문구
청량리역점,"서울 동대문구 고산자로34길 70 (용두동, 청량리역 해링턴플레이스)",동대문구
답십리점,"서울 동대문구 사가정로 6 (답십리동, 청계G well estates) 1층 101호",동대문구
신설동역점,서울 동대문구 천호대로 11-3 (신설동) 1층,동대문구
답십리사거리점,"서울 동대문구 답십리로 145 (답십리동) 1층,2층",동대문구
장안중랑천점,서울 동대문구 장한로18길 32 (장안동) 1층,동대문구
장한평군자초교점,서울 동대문구 한천로2길 53 (장안동) 1층,동대문구
답십리파크자이점,"서울 동대문구 한천로 55 (답십리동, 영진빌딩) 1층",동대문구
이문점,서울 동대문구 신이문로 19 1층(이문동),동대문구
청량리점,서울 동대문구 왕산로 225 미주상가 1층 10호,동대문구
장안중앙점,서울특별시 동대문구 사가정로25길 42 (장안동 영림빌딩) 1층,동대문구
촬영소사거리점,서울특별시 동대문구 답십리로 264,동대문구
배봉초교사거리점,서울특별시 동대문구 답십리로63길 131,동대문구
용두동점,서울 동대문구 용두동  40-1,동대문구
장안동사거리점,서울 동대문구 장안동  331-4,동대문구
전농사거리점,서울 동대문구 전농동  39-9 1층 (사가정로 132),동대문구
회기역중앙점,서울 동대문구 회기로 193 1층,동대문구
경희대점,서울 동대문구 회기동  16-55 2층,동대문구
남성역점,서울특별시 동작구 사당로17가길 13,동작구
노량진한성빌딩점,서울 동작구 만양로 105 한성빌딩 1층 110호,동작구
상도파크엘점,"서울 동작구 양녕로 220 (상도동, 상도역 롯데캐슬 파크엘) 1층",동작구
흑석역점,서울 동작구 현충로 100-1 (흑석동),동작구
노량진드림스퀘어점,"서울 동작구 노들로2길 7 (노량진동, 노량진 드림스퀘어 복합빌딩) 1층 씨113호",동작구
상도중앙점,"서울 동작구 만양로 17 (상도동) 1층 101,102호",동작구
노량진역사점,"서울 동작구 노량진로 지하 130 (노량진동, 9호선 노량진역) 이디야커피",동작구
총신대점,"서울 동작구 사당로16가길 96 1,2층",동작구
사당역점,서울 동작구 동작대로7길 100 1층(사당동),동작구
중앙대점,서울 동작구 흑석동 195-19,동작구
해군회관점,서울특별시 동작구 여의대방로 194,동작구
중앙대후문점,서울특별시 동작구 흑석로 20 (상도동  ) 1층,동작구
상도역점,서울 동작구 상도동  753,동작구
대방역점,서울특별시 동작구 노량진로 24-0 (대방동 한신빌딩 ) 대방동,동작구
보라매공원점,서울 동작구 신대방동  498-2,동작구
노들점,"서울 동작구 노량진로 200 (노량진동,베스트고시텔)1층",동작구
보라매점,서울 동작구 보라매로5가길 16 보라매아카데미 1층,동작구
노량진CTS점,서울 동작구 노량진동  41-5건설상가102호,동작구
성산점,서울 마포구 월드컵북로 137 1층 일부(성산동),마포구
광흥창역점,서울 마포구 서강로 46 1층 일호,마포구
마포성산시영점,서울 마포구 월드컵북로 210 (성산동) 1층,마포구
망리단길점,"서울 마포구 포은로 81-1 (망원동, S-빌딩) 1층",마포구
공덕롯데캐슬점,"서울 마포구 마포대로 109 (공덕동, 롯데캐슬프레지던트) 지1층 8120호",마포구
마포공덕역점,"서울 마포구 새창로 6 (도화동) 102, 202호",마포구
합정역사거리점,서울특별시 마포구 독막로2길 5 (합정동) 1층,마포구
합정홈플러스점,서울 마포구 양화로 45 지하 2층,마포구
상암홈플러스점,서울 마포구 성산동 515,마포구
마포점,서울 마포구 도화동  250-1,마포구
합정동점,서울특별시 마포구 양화로6길 90,마포구
오벨리스크점,서울특별시 마포구 도화동  555  한화오벨리스크 1층 103,마포구
망원중앙점,서울특별시 마포구 월드컵로 147 1층 (망원동),마포구
홍대청기와점,서울특별시 마포구 월드컵북로 7,마포구
합정LIG점,서울 마포구 합정동  392-3,마포구
상암한샘점,서울 마포구 상암동  1522 1층,마포구
망원역점,서울 마포구 서교동  441-11,마포구
명지대점,서울 서대문구 남가좌동  거북골로 35,서대문구
서대문점,서울 서대문구 냉천동  248 1층,서대문구
신촌기차역점,서울 서대문구 창천동  4-1 1층,서대문구
신촌역점,서울특별시 서대문구 신촌로 87-20 (창천동  ),서대문구
연남동점,서울특별시 서대문구 연희로 42 (연희동) 1층,서대문구
가재울중앙점,서울특별시 서대문구 가재울미래로2 101동 105호,서대문구
홍은사거리점,서울특별시 서대문구 통일로 510(홍은동) 일원 북한산 더샵 단지 내 상가 110호,서대문구
서대문구청점,서울 서대문구 연희로 237 (연희동) 1층,서대문구
연희홍연길점,서울 서대문구 연희동 717-7 1층,서대문구
아현역점,"서울 서대문구 신촌로37길 10 (북아현동, 아현 메디컬) 1층",서대문구
연세의료원의과대학점,"서울 서대문구 연세로 50-1 (신촌동, 세브란스병원)",서대문구
연세의료원ABMRC점,"서울 서대문구 연세로 50-1 (신촌동, 세브란스병원)",서대문구
연세의료원제중관점,"서울 서대문구 연세로 50-1 (신촌동, 세브란스병원)",서대문구
연세의료원종합관점,"서울 서대문구 연세로 50-1 (신촌동, 세브란스병원)",서대문구
서울간호대점,서울 서대문구 간호대로 8 (홍제동) 이디야커피(서울간호대점),서대문구
우면동점,서울 서초구 바우뫼로 20 1층(우면동),서초구
로얄마리나한강점,서울 서초구 한강남자전거길 2351,서초구
강남역르피에드점,"서울 서초구 서운로 136 108, 109호",서초구
신논현역점,"서울 서초구 서초대로77길 55 (서초동, 에이프로 스퀘어) 101,102호",서초구
삼성금융연수원점,"서울 서초구 사임당로23길 27 (서초동, 서초 금융 캠퍼스) 삼성금융캠퍼스 1층",서초구
국립국악원점,"서울 서초구 남부순환로 2364 (서초동, 국립국악원) 1층",서초구
신사멀버리힐스점,서울 서초구 잠원동 27-2 신사멀버리힐스 104호,서초구
국립중앙도서관디지털관점,서울 서초구 반포동 산 60-1 (국립중앙도서관) 본관 및 디지털도서관,서초구
국립중앙도서관본관점,서울 서초구 반포동 산 60-1 (국립중앙도서관) 본관 및 디지털도서관 1,서초구
강남센트럴시티점,"서울 서초구 신반포로 176 (반포동, 센트럴시티) 1층 104호",서초구
서울고속버스터미널점,"서울 서초구 신반포로 194 (반포동, 강남고속버스터미널) 1,2층 21호",서초구
서초우면중앙점,"서울 서초구 양재대로2길 100-11 (우면동, 서초 리슈빌S) 1층 103,104호",서초구
양재하나로마트점,서울 서초구 청계산로 10 1층,서초구
방배역점,서울 서초구 방배동 910-9,서초구
방배중앙점,서울특별시 서초구 동광로 1 (방배동 대양빌딩),서초구
함지박사거리점,서울특별시 서초구 방배로 234 (방배동 우신빌딩 ) 102,서초구
서울교대점,서울 서초구 서초동  1577-11,서초구
예술의전당점,서울특별시 서초구 반포대로 32,서초구
남부터미널점,서울 서초구 서초동  1444-2,서초구
양재중앙점,서울 서초구 양재동  23 111호,서초구
반포지하상가점,서울 서초구 신반포로 지하 200 도로지하 G-032호,서초구
내방역점,서울 서초구 방배동  898-1,서초구
교대역점,서울 서초구 서초동  1669-15,서초구
서초점,서울 서초구 서초3동  서초대로48길 16      (1555-17번지) 1층,서초구
양재점,서울 서초구 남부순환로347길 38  1층,서초구
잠원논현점,서울 서초구 잠원동  38-26,서초구
성수아카데미점,서울 성동구 성수동2가  277-17성수아카데미타워,성동구
왕십리역점,서울 성동구 행당동  287-15,성동구
옥수동점,서울 성동구 옥수동  매봉길 12,성동구
성수우리W타워점,"서울 성동구 아차산로15길 19 1층(성수동2가, 우리W타워)",성동구
마장동점,서울 성동구 마장동  478-38,성동구
신금호역점,서울특별시 성동구 금호산길 64 (금호동2가),성동구
마장역점,서울특별시 성동구 마장로 293-1,성동구
상왕십리역점,서울특별시 성동구 무학봉15길 27 1층(하왕십리동),성동구
왕십리센트라스점,서울 성동구 무학로 22 1층,성동구
텐즈힐점,"서울 성동구 무학로 33 153동 102호(하왕십리동, 텐즈힐)",성동구
왕십리비트플렉스점,서울 성동구 왕십리광장로 17 지상2층,성동구
답십리로데오점,서울 성동구 용답중앙15길 8 (용답동) 1층,성동구
한양대생활과학관점,"서울 성동구 왕십리로 222 (사근동, 한양대학교) 서울캠퍼스(생활과학관 7층)",성동구
서울숲리버포레점,"서울 성동구 왕십리로 137 (성수동1가, 서울숲아이파크리버포레)",성동구
성신여대점,서울 성북구 동선동2가  305번지,성북구
동덕여대점,서울 성북구 장월로1길 60,성북구
고대타이거프라자점,"서울 성북구 안암로 145 (안암동5가, 고려대학교안암캠퍼스) 2층",성북구
안암래미안점,서울 성북구 안암동1가 190 1층 이디야커피,성북구
장위뉴타운점,서울 성북구 장월로 144-1 (장위동) 1층,성북구
성신여대역점,서울 성북구 동소문로17길 40 (동소문동6가) 1층,성북구
석관동점,"서울 성북구 돌곶이로8길 22 (석관동, 래미안아트리치) 301동 1층 109호",성북구
하월곡동점,서울특별시 성북구 오패산로 16 1층 (하월곡동),성북구
보문역점,서울특별시 성북구 보문로 111,성북구
장위동점,"서울 성북구 월계로40길 7 104호(장위동,센트럴타운)",성북구
한성대점,서울 성북구 삼선교로10길 45 1층,성북구
정릉중앙점,서울 성북구 정릉2동  161-17,성북구
고대개운점,서울 성북구 안암동5가  15-57번지,성북구
석계중앙점,서울 성북구 석관동  168-2,성북구
돌곶이역점,서울 성북구 석관동  246-10,성북구
길음뉴타운점,서울특별시 성북구 길음로 74-0 (길음동 길음뉴타운 ) 길음뉴타운상가 102,성북구
종암동점,서울 성북구 종암동  87-4,성북구
월곡1동점,서울 성북구 하월곡동  79-19,성북구
고대점,서울 성북구 안암동5가  103-101,성북구
송파위례점,"서울 송파구 위례광장로 188 135호, 136호",송파구
서울한방병원점,"서울 송파구 법원로11길 32 (문정동, 혜화복합시설) 이디야커피(서울한방병원점)",송파구
삼전중앙점,서울 송파구 삼전동 100-5,송파구
서울삼성내과점,"서울 송파구 백제고분로 126 (잠실동, 오룡빌딩) 1층 103호, 104호",송파구
위례포레샤인점,"서울 송파구 위례순환로 477 (장지동, 위례포레샤인23단지) 근린생활시설2동 1층 101호, 102호",송파구
송파올림픽훼미리타운점,"서울 송파구 중대로 24 (문정동, 올림픽훼밀리타운) 상가동 1층 120호, 121호",송파구
송파문정점,서울 송파구 송이로 159 (가락동) 1층 101호,송파구
방이초교점,서울 송파구 가락로 280 (방이동) 1층 102호,송파구
송파풍납점,서울특별시 송파구 강동대로9길 17-1 1층,송파구
석촌백제점,서울 송파구 석촌동  백제고분로39길 15 (삼경빌딩) 1층 101호,송파구
올림픽공원점,서울 송파구 방이동 35-4 아이스페이스잠실2 105,송파구
가락중앙점,서울 송파구 송이로 87 1층(가락동),송파구
오금중앙점,서울 송파구 위례성대로22길 18 1층(오금동),송파구
가든파이브테크노관점,"서울 송파구 충민로 66 (문정동, 가든파이브라이프) T-3143호",송파구
가락몰점,서울특별시 송파구 양재대로 932,송파구
잠실본동점,서울특별시 송파구 백제고분로 172 (잠실동) 1층,송파구
방이역점,서울 송파구 방이동  208-6,송파구
잠실역점,서울 송파구 잠실동  27,송파구
거여점,서울 송파구 거여동 26-2 1층,송파구
목동파라곤점,서울 양천구 목동 917 목동파라곤 지하1층,양천구
신정네거리역점,서울 양천구 신정동  972-4,양천구
목3동점,서울 양천구 목동중앙북로 38 목동롯데캐슬위너아파트 상가동 125호,양천구
오목교대학학원점,서울 양천구 목동  오목로319,양천구
양천구청점,"서울특별시 양천구 신정동  323-16 대영프라자   대영프라자103,104호",양천구
목동신목점,서울특별시 양천구 목동중앙로 85,양천구
강서초교점,"서울특별시 양천구 오목로 48 신월동, 지상1층",양천구
신정서부점,서울 양천구 신정로11길 50-15 1층 내(신정동),양천구
목동센트럴아이파크위브점,서울 양천구 남부순환로 603 (신월동) 1층,양천구
남부지방법원점,서울 양천구 은행정로4길 25,양천구
영등포점,"서울 영등포구 영중로 16-1 (영등포동3가) 1층,2층(영등포동3가)",영등포구
당산버드나루점,서울 영등포구 버드나루로 87 (영등포동7가) 1층 102호,영등포구
영등포홈플러스점,"서울 영등포구 당산로 42 (문래동3가, 홈플러스) 2층 x4y4호",영등포구
신길성애병원점,서울 영등포구 여의대방로53길 27 (신길동) 1층,영등포구
국회의사당역점,"서울 영등포구 의사당대로 22 (여의도동, 이룸센터) 1층",영등포구
남부고용센터점,서울 영등포구 양산로 71 (양평동3가) 1층,영등포구
영등포그랜드점,"서울 영등포구 양산로9길 15 (양평동3가, 그랜드타워) 1층 101호",영등포구
대림1동점,서울 영등포구 도림로 198 (대림동) 1층,영등포구
영등포KNK점,"서울 영등포구 영신로 220 (영등포동8가, KnK디지털타워) 1층 105호",영등포구
신길아이파크점,서울 영등포구 도림로 280 1층(신길동),영등포구
서여의도점,서울 영등포구 여의도동 14-3 (아이비피아빌딩) 아이비피아 1F,영등포구
영등포코레일점,"서울 영등포구 경인로 846 (영등포동, 영등포 민자역사) 영등포역 지하1층",영등포구
IFC몰점,"서울 영등포구 국제금융로 10 (여의도동, 서울 국제금융 센터) IFC몰 L3",영등포구
문래에이스점,"서울 영등포구 선유로13길 25 (문래동6가, 에이스하이테크시티2) 1층 112호",영등포구
영등포당산엘르점,서울 영등포구 당산동1가 21 .,영등포구
국회대로점,서울 영등포구 국회대로 638,영등포구
신길쉔코리아점,서울 영등포구 도신로 204,영등포구
보라매역점,서울 영등포구 신길동  501,영등포구
당산역점,서울 영등포구 당산동5가 11-33 당산디오빌 1층,영등포구
라이프점,서울 영등포구 여의도동  61-3,영등포구
대림역점,서울 영등포구 대림동  1052-45번지 1층,영등포구
여의도농협재단점,서울 영등포구 여의도동 농협문화복지재단 중1층 이디야커피,영등포구
선유도역점,서울 영등포구 양평동5가  57-1,영등포구
영등포시장점,서울 영등포구 영등포로35길 19 (영등포동6가) 1층,영등포구
신길썬프라자점,서울 영등포구 신길동  4662,영등포구
영등포에이스점,서울 영등포구 문래동3가  55-20 에이스하이테크시티2동 108호,영등포구
한국수출입은행점,서울특별시 영등포구 은행로 38 (여의도동 한국수출입은행 ),영등포구
신길역점,서울특별시 영등포구 영등포로 353,영등포구
당산중앙점,서울 영등포구 당산로 159 1층(당산동4가),영등포구
여의나루역점,"서울 영등포구 여의나루로 113 2층 201,220,221호",영등포구
여의도역점,"서울 영등포구 의사당대로 108 비05호(여의도동, 아일렉스상가)",영등포구
양평동2가점,서울 영등포구 선유서로25길 19 1층 101호(양평동2가),영등포구
도림점,"서울 영등포구 도신로15길 40 (도림동,도림빌딩) 1층 102호",영등포구
영등포아크로타워점,서울 영등포구 국회대로54길 10 상가1동 1층 2호,영등포구
숙대입구역점,서울 용산구 갈월동  한강대로 289,용산구
동부이촌동점,서울특별시 용산구 이촌로77길 19 (이촌동 이촌종합상가 ),용산구
원효로점,서울특별시 용산구 원효로 257 1층(원효로1가),용산구
동자동점,서울특별시 용산구 후암로 93 (동자동) 지상1층,용산구
순천향병원점,서울특별시 용산구 대사관로 72 1층,용산구
IBK고객센터점,서울 용산구 한남동  707-18 IBK 고객센터 1층,용산구
삼각지점,서울 용산구 한강대로 138 1층(한강로2가),용산구
용산효창점,서울 용산구 효창원로66길 2 1층,용산구
용문점,서울 용산구 원효로41길 73 (원효로2가) 제1층,용산구
용산원효점,"서울 용산구 원효로 70 (원효로4가, 신정빌딩) 1층",용산구
용산청파점,"서울 용산구 청파로71길 10 (청파동1가, 새마을금고) 1층",용산구
용산원효대로점,서울 용산구 원효로3가 146-2 이디야커피 용산원효대로점,용산구
국립중앙박물관 버금홀점,서울 용산구 서빙고로 137 국립중앙박물관 버금홀,용산구
국립중앙박물관 야외카페점,서울 용산구 서빙고로 137 국립중앙박물관 별A동 1층,용산구
국립중앙박물관 으뜸홀카페점,서울 용산구 서빙고로 137 4층,용산구
역촌진흥로점,서울 은평구 진흥로1길 3 (역촌동) 1층,은평구
불광역점,서울 은평구 통일로 749 (대조동) 1층,은평구
녹번혁신파크점,서울 은평구 통일로 675 (녹번동) 이디야(녹번혁신파크점),은평구
불광점,서울 은평구 통일로 790 (불광동),은평구
은평신사점,"서울 은평구 갈현로1길 21 (신사동, 새마을금고신사동제2분사무소) 이디야(은평신사점)",은평구
서광교회점,"서울 은평구 통일로 951 (갈현동, 서광교회) 서광교회1층",은평구
역촌역점,서울 은평구 진흥로 95 (역촌동),은평구
증산동점,서울 은평구 증산서길 78 (증산동),은평구
연신내역점,서울 은평구 통일로 855-9 (갈현동) 1층,은평구
응암역점,"서울 은평구 연서로 9 (역촌동, 센타폴리스) 1층 106호",은평구
은평구청점,서울 은평구 녹번동  212,은평구
본서부병원점,"서울 은평구 응암로 337 (응암동, 빛터룩스 빌딩) 1층",은평구
백련산아이파크점,서울 은평구 응암로 264 1층 좌측호(응암동),은평구
갈현점,"서울 은평구 갈현로 268 (갈현동, 101호, 102호)",은평구
역촌동점,"서울특별시 은평구 갈현로 82 (역촌동) 101호, 102호",은평구
응암오거리점,서울 은평구 응암동  577-78번지,은평구
연신내통일로점,서울 은평구 통일로 876 (불광동) 1층,은평구
구파발역점,서울 은평구 진관동  72 드림스퀘어1층 115호 116호,은평구
구산역점,서울특별시 은평구 연서로 148-1 (대조동  ) 148,은평구
녹번동점,서울 은평구 녹번동  131-158 신명빌딩1층,은평구
종로4가점,서울특별시 종로구 김상옥로 1,종로구
광화문스페이스본점,"서울 종로구 사직로8길 4 (사직동, 광화문 스페이스본) B1F 푸드코트 15호",종로구
종로이화동점,"서울 종로구 낙산성곽서1길 10 (이화동) 1,2층",종로구
안국역사점,서울 종로구 안국동 73-1 (3호선 안국역),종로구
경복궁역점,"서울 종로구 자하문로 7 (체부동, 성명빌딩) 1층",종로구
경희궁점,서울 종로구 경희궁1길 16 (신문로2가) 1층,종로구
북촌마을점,서울 종로구 북촌로5길 39 (화동) 2층,종로구
광화문점,서울 종로구 세종대로23길 15 (도렴동) 이디야커피,종로구
종로교차로점,서울특별시 종로구 동호로 406-1 이디야커피,종로구
창덕궁점,서울특별시 종로구 돈화문로 41-1 1층,종로구
독립문역점,서울 종로구 통일로 266 1층 102호(무악동),종로구
종로삼일대로점,"서울 종로구 삼일대로 390-1 1,2층",종로구
성균관대점,서울 종로구 성균관로 8 1층(명륜2가),종로구
창신중앙점,서울 종로구 지봉로 64 1층(숭인동),종로구
상명대점,서울 종로구 홍지동 60-2,종로구
종로타워점,서울특별시 종로구 종로 51  지하1층 (종로2가),종로구
탑골공원점,서울특별시 종로구 수표로 109-1 (낙원동  ) 1층,종로구
낙원동점,서울 종로구 낙원동  46-4,종로구
혜화동로터리점,"서울특별시 종로구 혜화로 3-1 1층, 2층",종로구
혜화역점,서울 종로구 창경궁로  258-15 전우빌딩,종로구
삼일빌딩점,서울 종로구 관철동  11-1,종로구
동대문역점,"서울 종로구 율곡로 286 (종로6가, 야드인빌딩) 2층",종로구
종로5가점,"서울 종로구 대학로 33 1층 103호(효제동, 포레스트힐시티)",종로구
배화여대점,서울 종로구 필운동 46,종로구
신설점,서울 종로구 난계로29길 30 (숭인동) 1층,종로구
대학로점,서울 종로구 대학로10길 17 동숭동복합건물 1층 9-1호,종로구
종로3가점,서울 종로구 종로3가 124번지,종로구
숭인점,서울 종로구 숭인동 1054번지,종로구
충무필동점,서울특별시 중구 퇴계로 218-5,중구
동국대후문점,"서울 중구 창경궁로 2 (충무로5가, 남경빌딩) 1층 2호",중구
오장동점,서울특별시 중구 마른내로 109-1,중구
IBK본점,"서울 중구 을지로 79 (을지로2가, 기업은행) 지하1층",중구
퇴계로2길점,서울 중구 퇴계로2길 1 (남창동) 이디야커피,중구
명동중앙점,"서울 중구 명동7길 21 (을지로2가, 명동아르누보센텀) 1층 121호",중구
명동퍼시픽호텔점,서울 중구 퇴계로20길 2 1층,중구
신당중앙점,서울 중구 황학동  2480,중구
동대문점,서울 중구 을지로6가 18-37 삼정빌딩 1층,중구
정동점,서울 중구 정동  갑도빌딩 1층 23-8,중구
신당점,서울 중구 신당동  241-5,중구
회현SK리더스점,서울 중구 회현동1가  206 104호,중구
서소문점,서울 중구 서소문동  한성빌딩1층,중구
충무아트홀점,서울 중구 신당동  퇴계로 381-1,중구
명동역점,서울 중구 충무로1가  25-50번지,중구
한국은행점,서울 중구 남대문로3가  98번지,중구
을지로3가점,서울 중구 저동2가 78 비즈센터 102,중구
사가정아이파크점,"서울 중랑구 동일로92길 57 (면목동, 메디포레) 1층",중랑구
동부제일병원삼거리점,"서울 중랑구 망우로 505 (망우동, 미래학원) 1층",중랑구
망우코레일점,"서울 중랑구 망우로55길 11-10 (상봉동, 망우역) 망우역1층",중랑구
중랑묵동점,서울 중랑구 공릉로 42 W7빌딩 1층,중랑구
면목늘찬병원점,"서울 중랑구 동일로 643 (면목동, 늘찬병원) 1층",중랑구
면목역점,"서울 중랑구 면목로 429 (면목동, 킴스아파트)",중랑구
서울의료원점,서울 중랑구 신내로 156 1층,중랑구
서울중화초등학교점,"서울 중랑구 신내로7가길 7 (신내동, 제이리옴) 1층",중랑구
상봉역점,서울 중랑구 망우로 277 (상봉동) 1층 이디야커피,중랑구
면목경남아너스빌점,서울 중랑구 면목로27길 92 (면목동) 1층,중랑구
양원역점,서울 중랑구 양원역로14가길 24 (망우동) 101호,중랑구
화랑대역점,"서울 중랑구 신내로25가길 2 (묵동, 현동학당) 104호",중랑구
봉화산역점,서울 중랑구 신내동  646 금강리빙스텔114,중랑구
동원사거리점,"서울 중랑구 겸재로 240 (면목동, 행복오피스텔) 102호",중랑구
먹골역점,서울 중랑구 동일로157길 13 (묵동) 1층,중랑구
중화동점,서울 중랑구 동일로129길 1 (중화동) 1층,중랑구
서일중앙점,"서울 중랑구 용마산로 394 1층, 1호(면목동)",중랑구
중랑교차로점,서울 중랑구 동일로 683 1층(면목동),중랑구
상봉엠코점,서울특별시 중랑구 망우로 353,중랑구
상봉중앙점,서울특별시 중랑구 망우로 316  1층 103호,중랑구
망우중앙점,서울특별시 중랑구 용마산로115길 109,중랑구
중랑역점,서울 중랑구 상봉동  130-99,중랑구
신내동점,서울 중랑구 신내동  613-10,중랑구
사가정역점,서울 중랑구 면목로 325 .,중랑구
수원서문점,경기 수원시 장안구 장안로 10 (영화동),수원시
수원오목천점,"경기 수원시 권선구 삼천병마로1592번길 3-4 1층 101호(오목천동, 남현빌딩)",수원시
수원호매실중앙점,"경기 수원시 권선구 금곡로 204 113,114호(금곡동, 세종타운 721)",수원시
수원로데오점,"경기 수원시 팔달구 갓매산로 46 1,2층(매산로2가)",수원시
수원광교호수공원점,"경기 수원시 영통구 법조로 38 B14호, B15호",수원시
수원인계점,경기 수원시 팔달구 인계동 1046-2,수원시
일월수목원점,경기 수원시 장안구 일월로 68 (천천동) 이디야커피,수원시
수원삼성정문점,경기 수원시 영통구 삼성로 186-1 (매탄동) 1층,수원시
수원터미널점,"경기 수원시 권선구 경수대로 270 (권선동, 터미널동, 할인점동) 1305호",수원시
수원아주대점,"경기 수원시 영통구 월드컵로 191 (원천동, 동문빌딩) 1층",수원시
수원광교에듀타운점,"경기 수원시 영통구 도청로17번길 40 (이의동) 1층 107호,108호",수원시
수원인계한신점,"경기 수원시 팔달구 경수대로 549 (인계동, 동수원빌딩) 103,104호",수원시
수원광교역점,경기 수원시 영통구 대학1로 49 1층(이의동),수원시
수원한일타운점,"경기 수원시 장안구 송원로 113 (조원동, 조원빌딩)",수원시
수원화성갈비점,경기 수원시 팔달구 중부대로34번길 25 (인계동),수원시
광교아이스링크점,경기 수원시 영통구 광교호수로 165 (하동) 광교복합체육센터 내,수원시
수원화홍문점,경기 수원시 팔달구 화서문로75번길 27 (북수동),수원시
수원서광교스위첸점,경기 수원시 장안구 연무동 224 20호,수원시
광교플렉스데시앙점,"경기 수원시 영통구 창룡대로256번길 50 (이의동) L1,L2",수원시
광교롯데마트점,경기 수원시 영통구 이의동 1332 롯데마트 광교점 B1층,수원시
수원남부경찰서점,경기 수원시 영통구 중부대로368번길 8-8 1층,수원시
수원시청점,경기 수원시 팔달구 효원로219번길 33 (인계동) 이디야커피 수원시청점,수원시
수원체육문화센터점,경기 수원시 영통구 영통로 383 (영통동) 지하1층,수원시
수원화서시장점,경기 수원시 팔달구 동말로 55 1층(화서동),수원시
수원황골마을점,경기도 수원시 영통구 봉영로1759번길 7 (영통동) 1층,수원시
수원매탄점,경기 수원시 영통구 효원로 393 1층,수원시
수원영통점,경기 수원시 영통구 영통동 995-5,수원시
성빈센트병원점,경기 수원시 팔달구 지동 성빈센트병원 93-6 1층,수원시
수원백성병원점,경기 수원시 팔달구 인계동  1019-3,수원시
수원망포점,경기 수원시 영통구 망포동  558번지 107호,수원시
수원디지털엠파이어2점,경기 수원시 영통구 신동  신원로88 디지털엠파이어2 101-104,수원시
수원탑동점,경기 수원시 권선구 탑동  863-1 102호,수원시
수원정자점,경기도 수원시 장안구 정자천로173번길 11-6 (정자동 세경프라자 ),수원시
수원AK&점,경기도 수원시 팔달구 덕영대로 924  AK& 3층,수원시
수원금곡점,경기도 수원시 권선구 서수원로523번길 30-13 (금곡동),수원시
수원호매실점,"경기도 수원시 권선구 금곡로102번길 29  108호(금곡동, 센트럴프라자A)",수원시
서수원이마트점,경기 수원시 권선구 수인로 291,수원시
수원경희대점,경기도 수원시 영통구 덕영대로 1709 1층 101호,수원시
수원메르디앙점,경기도 수원시 팔달구 경수대로604번길 19,수원시
수원망포역점,경기도 수원시 영통구 영통로 195,수원시
수원영통중앙점,경기 수원시 영통구 봉영로 1613 하우스토리 102호,수원시
수원곡반정동점,경기도 수원시 권선구 곡반정로97번길 20,수원시
수원인계중앙점,경기 수원시 팔달구 권광로 280 1층 일부,수원시
수원영통디지털점,"경기 수원시 영통구 덕영대로1556번길 16 F동 180, 181호",수원시
수원원천동점,"경기 수원시 영통구 중부대로448번길 97 104.105호(원천동, 삼성테크노파크)",수원시
수원삼성교점,경기 수원시 영통구 인계로 289,수원시
수원신동점,경기 수원시 영통구 권선로882번길 115-2 1층(반정동),수원시
판교파미어스몰점,경기 성남시 수정구 창업로 17 (시흥동) C2블록 B1층 B103-2호,성남시
정자역점,경기 성남시 분당구 정자일로 177 2층 204호,성남시
성남동점,경기 성남시 중원구 둔촌대로 115 1층 102호(성남동),성남시
분당미금제일점,경기 성남시 분당구 미금일로86번길 11 (구미동) 1층,성남시
판교봇들마을점,"경기 성남시 분당구 판교로 375 (삼평동, 메가스페이스1) 1층 106, 107호",성남시
성남복정도서관점,경기 성남시 수정구 복정로 121 (복정동) 1층 101호,성남시
성남고등동점,경기 성남시 수정구 청계산로4길 31 (고등동) 1층,성남시
분당서현시범단지점,"경기 성남시 분당구 중앙공원로40번길 8 (서현동, 현대근린상가) 1층 146호",성남시
성남하대원점,경기 성남시 중원구 둔촌대로 272 (하대원동) 1층 일부호,성남시
성남상대원시장점,경기 성남시 중원구 희망로 334 (상대원동) 1층,성남시
성남단대점,경기 성남시 수정구 산성대로 383 (단대동) 1층 일부,성남시
분당구미점,경기 성남시 분당구 미금로 40 1층,성남시
성남금광점,경기 성남시 중원구 광명로 329-1 (금광동) 1층,성남시
판교대장지구점,경기 성남시 분당구 판교대장로7길 6-44 (대장동) 1층,성남시
분당중탑점,경기 성남시 분당구 야탑동 274-2 (대명빌딩),성남시
성남금광중앙점,경기 성남시 중원구 금광동 2887 (한양빌딩),성남시
분당오리홈플러스점,"경기 성남시 분당구 탄천상로151번길 20 (구미동, 월드쇼핑(CGV Square)) 지하1층 일부호",성남시
분당이매점,경기 성남시 분당구 이매동 120-2 (성우빌딩),성남시
궁내크리스탈DI점,"경기 성남시 분당구 대왕판교로 221 (궁내동, 동일빌딩) 이디야커피(궁내크리스탈DI점)",성남시
판교고등점,"경기 성남시 수정구 청계산로1길 25 (고등동, 카사벨라) 1층",성남시
성남아이파크디어반점,경기 성남시 중원구 갈마치로 245 (상대원동) 1층 107호(상대원동),성남시
남한산성입구역점,경기 성남시 수정구 논골로 20 (양지동) 이디야(남한산성입구역점),성남시
분당파크뷰점,경기도 성남시 분당구 정자일로 248,성남시
태평역점,경기 성남시 수정구 태평동 6455번지 동인트루빌 101호,성남시
미금점,경기 성남시 분당구 금곡동  155 우방코아 104,성남시
서현점,경기 성남시 분당구 서현동  250-4 금호리빙스텔 108호,성남시
야탑2호점,경기 성남시 분당구 야탑로69번길 8 106호,성남시
야탑역점,경기 성남시 분당구 야탑동  360-1 시그마3 104호,성남시
가천대점,경기 성남시 수정구 태평동  성남대로 1334 110호,성남시
수내중앙점,경기 성남시 분당구 수내동  29,성남시
성남도촌동점,경기도 성남시 중원구 도촌남로 33 (도촌동 세일프라자 ) 106호,성남시
분당신기사거리점,경기도 성남시 분당구 불정로87번길 17 (정자동  ) 경기도 성남시 분당구 133번지 10,성남시
분당느티마을점,경기도 성남시 분당구 느티로63번길 6-3 (정자동  ),성남시
동서울대점,경기 성남시 수정구 복정동 686-1,성남시
분당효자촌점,경기도 성남시 분당구 돌마로486번길 6,성남시
성남상대원점,경기도 성남시 중원구 금상로57번길 4,성남시
성남시청점,경기도 성남시 중원구 양현로405번길 7 (여수동  ),성남시
분당쉐르빌점,경기도 성남시 분당구 정자일로 100 (정자동 미켈란쉐르빌 ),성남시
분당아름마을점,"경기도 성남시 분당구 판교로 443 1층 109호(야탑동, 중앙퍼지마트)",성남시
단대오거리역점,경기도 성남시 중원구 산성대로 344 (중앙동) 1층,성남시
수내푸른마을점,경기도 성남시 분당구 불정로 254 1층(수내동) 삼평프라자 이디야커피점,성남시
야탑중앙점,경기도 성남시 분당구 매화로 41 (야탑동),성남시
위례중앙타워점,경기 성남시 수정구 위례광장로 300 중앙타워208호,성남시
성남SKN테크노파크점,경기 성남시 중원구 사기막골로 124 비즈센터동1층 110-1호,성남시
용인하나로마트점,경기 용인시 기흥구 중부대로 682 (상하동) 농협하나로클럽용인점 내 이디야커피,용인시
용인농서점,"경기 용인시 기흥구 서천로202번길 5 1층 101,102호",용인시
수지동천자이점,경기 용인시 수지구 고기로 89 상가동B114~115호,용인시
용인에버랜드역점,"경기 용인시 처인구 포곡읍 전대로78번길 19-2 (전대리 , 골든튤립에버호텔) 102호",용인시
용인백암점,경기 용인시 처인구 백암면 덕평로 1-1 1층 이디야커피,용인시
용인마평점,"경기 용인시 처인구 금령로 147 (마평동, 한솔빌딩) 101호",용인시
용인천리점,경기 용인시 처인구 이동읍 백옥대로 618 1층 일부,용인시
용인상현중앙점,"경기 용인시 수지구 수지로 77 (상현동, 힐프라자) 1층 105호,106호",용인시
용인양지점,경기 용인시 처인구 양지면 양대로 13 1층,용인시
용인성복느티나무점,"경기 용인시 수지구 성복1로 80 (성복동, 성복역 서희스타힐스) 1층 105호",용인시
용인한숲시티점,경기 용인시 처인구 남사면 한숲로 123 3단지 근린생활시설 동 지하1층 112호,용인시
용인상현마을점,"경기 용인시 수지구 상현로 6 (상현동, 광교상현 솔하임) 1층",용인시
용인외대점,경기 용인시 처인구 모현읍 왕산리 499-5 (우주빌딩),용인시
광교숲속마을점,경기 용인시 수지구 광교호수로378번길 1 (상현동) 1층,용인시
용인기흥역점,경기 용인시 기흥구 구갈동 274-9 1층 이디야커피,용인시
수원신갈IC점,경기 용인시 기흥구 신갈동 455-5 (안전빌딩) 1층,용인시
용인서천중앙점,경기 용인시 기흥구 서천동 722,용인시
용인중앙점,경기 용인시 처인구 김량장동 92-2 2층,용인시
용인처인구청점,경기 용인시 처인구 금령로12번길 19 (김량장동) 이디야(용인처인구청점),용인시
르노코리아중앙연구소점,"경기 용인시 기흥구 탑실로 61 (공세동, 르노코리아자동차(주)중앙연구소)",용인시
수지성복점,"경기 용인시 수지구 성복2로 226 105호(성복동, 유재빌딩)",용인시
단대죽전점,경기 용인시 수지구 죽전로144번길 7-5 1층 108호,용인시
수지구청점,경기 용인시 수지구 풍덕천동  717-1,용인시
용인IT밸리점,경기 용인시 기흥구 영덕동  765-7 102호,용인시
용인동백중앙점,"경기도 용인시 기흥구 동백중앙로 283 골드프라자 B123,124호 (중동)",용인시
용인백현점,경기도 용인시 기흥구 동백중앙로 358-8,용인시
용인동백호수점,경기 용인시 기흥구 평촌2로2번길 12 1층,용인시
죽전벽산점,경기 용인시 수지구 죽전동 826,용인시
용인신갈점,"경기 용인시 기흥구 새천년로 20 106호, 107호",용인시
용인신갈중앙점,경기 용인시 기흥구 신갈로58번길 33 1층,용인시
흥덕이마트점,경기 용인시 기흥구 영덕동 흥덕지구 508블록 이마트 1층,용인시
용인둔전점,경기 용인시 처인구 포곡읍 포곡로 99 (1층 일부),용인시
수지풍덕천점,경기 용인시 수지구 정평로 40-4 (풍덕천동),용인시
수지신봉초교점,경기 용인시 수지구 신봉2로 115-16 1층 102호(신봉동),용인시
용인죽전누리에뜰점,"경기 용인시 기흥구 죽전로 20 132,133호(보정동, 죽전우리에뜰)",용인시
용인신동백점,경기 용인시 기흥구 동백죽전대로527번길 100-3 101호(중동),용인시
광교상현역점,"경기 용인시 수지구 광교중앙로296번길 14 103,104호(상현동)",용인시
용인서천점,"경기 용인시 기흥구 서그내로 31 상가동 106,107호",용인시
용인역북중앙점,경기 용인시 처인구 중부대로1313번길 2 1층,용인시
용인포곡점,경기 용인시 처인구 포곡읍 포곡로 220 1층,용인시
안양7동점,경기 안양시 만안구 전파로 23 B동 1층 9~10호,안양시
대림대점,"경기 안양시 동안구 임곡로 29 (비산동, 대림대학교) 대림대학교 생활관 1층 일부호(비산동)",안양시
평촌갈산공원점,경기 안양시 동안구 갈산로 53 (호계동) 이디야(평촌갈산공원점),안양시
안양씨엘포레점,"경기 안양시 만안구 소곡로 78 (안양동, 안양씨엘포레자이) 1층",안양시
안양종합운동장점,경기 안양시 동안구 평촌대로 364 (비산동) 1층,안양시
평촌더샵센트럴시티점,"경기 안양시 동안구 부림로 188 (관양동, 청용빌딩) 다동 1층 105호 이디야커피",안양시
안양관양점,"경기 안양시 동안구 관악대로388번길 3 (관양동, 고양빌딩) 1층",안양시
안양비산사거리점,경기 안양시 동안구 경수대로883번길 96 (비산동) 1층,안양시
안양예술공원점,경기 안양시 만안구 예술공원로 148 (안양동) 1층,안양시
안양SKV1점,"경기 안양시 동안구 엘에스로116번길 25-32 (호계동, 안양 SK V1 center) 153호",안양시
평촌샛별점,"경기 안양시 동안구 동안로 194 1층 140호(비산동, 평촌스포츠센타)",안양시
평촌학원가점,경기 안양시 동안구 호계동 1058-6,안양시
안양대점,경기 안양시 만안구 안양로257번길 23 1층,안양시
평촌스마트스퀘어점,경기도 안양시 동안구 시민대로327번길 6,안양시
안양덕천점,경기도 안양시 만안구 덕천로48번길 50,안양시
인덕원역점,경기도 안양시 동안구 흥안대로 517,안양시
안양중앙점,경기도 안양시 만안구 안양로 283 (안양동) 1층,안양시
안양1번가점,경기 안양시 만안구 안양동  674-154,안양시
평촌점,경기 안양시 동안구 관양동 벌말프라자 107호 1604-4,안양시
안양점,경기 안양시 만안구 안양동  668-33,안양시
범계점,경기 안양시 동안구 호계동 1042 에메랄드빌딩104호,안양시
성결대점,경기 안양시 만안구 냉천로 2 지상1층,안양시
안산리더스카이점,"경기 안산시 단원구 와동로 125 (와동) 115,116호",안산시
안산수암동점,경기 안산시 상록구 수암2길 3 (수암동) 1층,안산시
안산월피현대점,"경기 안산시 상록구 충장로 579 1층, 8~9호(안산현대2차아파트 상가동B동)",안산시
안산초지푸르지오점,"경기 안산시 단원구 화랑로 160 (초지동, 단지내 상가) 127호. 128호",안산시
안산고대병원점,"경기 안산시 단원구 적금로 123 (고잔동, 고려대학병원) 병원내 1층",안산시
안산고잔로데오점,"경기 안산시 단원구 광덕2로 164 (고잔동, 메디피아) 102호",안산시
대부도펜션타운점,경기 안산시 단원구 참살이2길 12 (선감동) 나동 2층,안산시
안산원시역점,경기 안산시 단원구 별망로 555 (원시동) 141호,안산시
동안산병원점,경기 안산시 상록구 월피로 81 (월피동) 이디야커피,안산시
안산대부북동점,경기 안산시 단원구 대부황금로 1203 (대부북동) 이디야커피,안산시
안산본오동2호점,경기 안산시 상록구 샘골로 184 (본오동) 102호,안산시
안산반월동점,"경기 안산시 상록구 창말2길 25 (건건동) 108호, 109호",안산시
안산상록구청점,경기 안산시 상록구 석호로 107 (사동) 1층 101호,안산시
안산반달섬점,경기 안산시 단원구 성곡동 839-11 (반달섬 파크프라자) 105~106호,안산시
안산상록수역점,"경기 안산시 상록구 상록수로 44 (본오동, 상림프라자) 1층 101.102호",안산시
대부도메르블루점,경기 안산시 단원구 대부남동 3-175,안산시
안산롯데마트점,"경기 안산시 상록구 항가울로 422 (성포동, 롯데마트) 1층",안산시
안산석호로점,경기 안산시 상록구 석호로 223 (사동) 1층102호(사동),안산시
안산해양점,"경기 안산시 상록구 해양로 14 (사동, 안산고잔9차푸르지오 상가동) 103호, 104호, 105호",안산시
안산팔곡이동점,경기 안산시 상록구 해안로 1351 (팔곡이동) 이디야커피 안산팔곡이동점,안산시
안산고잔역점,경기 안산시 단원구 다리간로 18 1층,안산시
안산중앙역점,경기 안산시 단원구 고잔동  729-3,안산시
안산본오동점,경기 안산시 상록구 본오동  872-16,안산시
안산성포동점,경기 안산시 상록구 성포동  593-10,안산시
안산한대앞역점,경기 안산시 상록구 중보로 49 1층,안산시
안산초지점,경기 안산시 단원구 초지동  729,안산시
안산한도병원점,경기도 안산시 단원구 선부광장로 95 (선부동  ) 109호,안산시
안산한대점,경기도 안산시 상록구 한양대학로 40 (사동) 1층(사동),안산시
안산반월공단점,경기도 안산시 단원구 동산로 76,안산시
안산일동점,경기 안산시 상록구 안산대학로 97 1층 (일동),안산시
고잔이마트점,경기 안산시 단원구 고잔동 742-6 이마트고잔점 3층,안산시
안산식물원사거리점,경기 안산시 상록구 도매시장로 91 1층(일동),안산시
안산사동점,"경기 안산시 상록구 감골2로 13 1층 101, 102호(사동, 예누림분산상가동)",안산시
안산스포츠파크점,"경기 안산시 단원구 첨단로 644 (초지동, 안산스포츠파크1층 일부)",안산시
안산부곡동점,경기 안산시 상록구 부곡로 115 103호(부곡동),안산시
안산월피동점,"경기 안산시 상록구 광덕산2로 17 103, 104호(월피동)",안산시
안산사동중앙점,경기 안산시 상록구 항가울로 19 102호 (사동),안산시
안산호수동점,"경기 안산시 단원구 광덕대로 130 (고잔동, 폴리타운) 1층 103,4호",안산시
안산단원병원점,"경기 안산시 단원구 원포공원1로 19 (초지동, 원포빌딩) 110호",안산시
서울렛츠런파크점,"경기 과천시 경마공원대로 107 1층, 5층(주암동)",과천시
과천중앙점,"경기 과천시 별양상가2로 35 (별양동) 3동 113,114호",과천시
과천역점,"경기 과천시 별양로 164 (부림동, 과천센트럴파크푸르지오써밋) 상가동 7-2호",과천시
의왕오전동점,경기 의왕시 오전동  839 동원빌딩 2층 이디야커피,의왕시
의왕백운밸리점,"경기 의왕시 백운중앙로 88 상가동 1층 07,08호",의왕시
의왕백운호수점,경기 의왕시 백운중앙로5길 5 (학의동) 1층 101호,의왕시
의왕롯데마트점,"경기 의왕시 계원대학로 7 (내손동, 롯데마트) 1",의왕시
산본점,경기 군포시 광정로 58 1층 이디야커피(신산본빌딩),군포시
산본역사점,경기도 군포시 번영로 504 3층 3-다호,군포시
금정역점,경기 군포시 산본천로 216 1층,군포시
군포역점,경기 군포시 군포로 535 1층(당동),군포시
군포송정지구점,경기 군포시 송부로33번길 3-13 1층(도마교동),군포시
군포대야미점,경기 군포시 대야1로15번길 5 (대야미동) 1층,군포시
금정신환사거리점,경기 군포시 금재로 2-1 (금정동),군포시
시흥한라비발디점,경기 시흥시 배곧1로 27-15 301동 1층,시흥시
시흥삼미시장점,"경기 시흥시 삼미시장1길 19 (신천동, 늘푸른교회)",시흥시
시흥월곶동서로점,"경기 시흥시 동서로10번길 7 (월곶동) 1층 일부호, 2층 전부(월곶동)",시흥시
시흥정왕엠티브이점,경기 시흥시 엠티브이24로 20 (정왕동) 101호,시흥시
시흥에이스타워점,"경기 시흥시 엠티브이26로19번길 1 (정왕동, (주)에이스타워) 1층 109호(정왕동)",시흥시
시흥월곶포구점,"경기 시흥시 월곶해안로 165 (월곶동, 광명빌딩) 101,102호",시흥시
시흥타원타크라점,"경기 시흥시 옥구천동로 218 (정왕동, 타원타크라 6차 지식산업센터)",시흥시
시흥능곡중앙점,"경기 시흥시 능곡번영길 30 (능곡동) 1층 108,109호",시흥시
시흥서울대학로점,"경기 시흥시 서울대학로 59-21 (배곧동, 배곧로얄팰리스 테크노1차) 1층 110호",시흥시
시흥배곧고등학교점,"경기 시흥시 배곧4로 87 (정왕동, 베스트프라자) 1층 116, 117호",시흥시
시흥정왕보건소점,"경기 시흥시 정왕대로233번안길 1 (1층,우촌빌딩)",시흥시
시흥대야점,경기도 시흥시 대야동  579-2 하이베라스텔(은행순환로 77)   104-105호,시흥시
시흥신일점,경기 시흥시 시흥대로 1069 1층(신천동),시흥시
시흥배곧신도시점,"경기 시흥시 서울대학로278번길 21 1층 119,120호(정왕동 새롬프라자2)",시흥시
시흥배곧타운점,경기 시흥시 배곧4로 22 1층 119호(정왕동),시흥시
오이도빨간등대점,경기 시흥시 오이도로 195 (정왕동),시흥시
시흥조남점,"경기 시흥시 목감우회로 51 1층 106호(목감동, 목감지구 동한메디컬프라자)",시흥시
오이도점,"경기 시흥시 오이도로 119 1층, 2층",시흥시
시흥거모동점,경기도 시흥시 도일로112번안길 21-2  101(거모동),시흥시
정왕역점,경기도 시흥시 마유로418번길 18,시흥시
시화로데오점,경기도 시흥시 중심상가2길 20-13 (정왕동  ),시흥시
광명사거리역점,경기도 광명시 오리로 974 (광명동  ) 201호,광명시
광명역코레일점,"경기 광명시 광명역로 21 1층 고객라운지내서편맞이방호(일직동, 고속철도 광명역)",광명시
광명중대병원점,"경기 광명시 덕안로104번길 17 (일직동) 1층 109호(일직동,M클러스터)",광명시
광명역데시앙점,경기 광명시 양지로 21 (일직동) C동 2층 217호,광명시
부천중동시계탑점,경기도 부천시 원미구 조마루로297번길 33,부천시
부천상동세이브존점,"경기 부천시 원미구 길주로 105 (상동, 드림모아) 지하1층 101호 일부",부천시
부천원종역점,경기 부천시 오정구 원종동 228-6,부천시
부천오정대공원점,경기 부천시 오정동 127-14,부천시
신중동점,"경기 부천시 길주로 275 (중동, 중동프라자) 중동프라자 1층104호",부천시
부천세무서점,경기 부천시 신흥로 266 (중동) 102호,부천시
부천소사스위첸점,"경기 부천시 은성로67번길 12 (소사본동, 소새울KCC스위첸) 제2동 1층 209호",부천시
부천심곡본동점,"경기 부천시 성주로176번길 28 (심곡본동) 1층, 2층",부천시
부천뉴코아점,"경기 부천시 송내대로 239 (상동, 부천터미널소풍) BF07-3호",부천시
부천약대오거리점,경기 부천시 수도로 86 1층 105호(도당동),부천시
부천소사점,경기 부천시 소사로 214 1층(소사본동),부천시
부천상3동점,경기 부천시 상동로117번길 61 1층 106호,부천시
부천원미구청점,경기도 부천시 원미구 부천로 140,부천시
부천센트리움점,경기도 부천시 소사구 경인로 189,부천시
부천벚꽃마을점,경기도 부천시 원미구 상이로 47-1,부천시
가톨릭대점,"경기도 부천시 원미구 지봉로  48 1층 103호, 104호",부천시
부천중동팰리스점,경기도 부천시 원미구 장말로 217,부천시
부천소새울역점,경기 부천시 소사구 소사본동  231-4,부천시
서울신대점,경기도 부천시 소사구 호현로489번길 39,부천시
부천성모병원점,경기도 부천시 원미구 부흥로 472  이디야커피 부천성모병원점,부천시
부천오정점,경기 부천시 오정로 247 썬프라자 104호,부천시
부천시청역점,경기 부천시 원미구 중동  1033-1,부천시
부천고강점,경기도 부천시 오정구 역곡로 491,부천시
부천리첸시아점,경기 부천시 원미구 중동  1116,부천시
부천남부역점,경기 부천시 성주로 274-2 1층(심곡본동),부천시
부천범박동점,경기 부천시 소사구 범박동  204-8,부천시
역곡북부역점,경기 부천시 원미구 역곡동  82-8 2층,부천시
부천소사본동점,경기 부천시 소사동로 78 1층 108호,부천시
부천북부역점,경기 부천시 원미구 심곡동  382-12번지,부천시
부천송내점,경기 부천시 원미구 상동  411-1,부천시
안성명동점,경기도 안성시 중앙로 389번길 17(대천동),안성시
안성원곡점,경기 안성시 원곡면 만세로 1413 108호,안성시
안성공도점,경기 안성시 공도읍 공도3로 14 (만정리) 1층,안성시
동아방송대점,"경기 안성시 삼죽면 동아예대길 50 1,2층",안성시
안성아양지구점,"경기 안성시 아양1로 73 (옥산동) A동 101,102호",안성시
안성죽산점,경기 안성시 죽산면 죽주로 287-1 이디야커피,안성시
안성한경대점,경기 안성시 중앙로 324 (석정동) 이디야(안성한경대점),안성시
안성양성점,경기 안성시 양성면 장터길 21 1층 이디야커피,안성시
평택동점,경기 평택시 평택동  37-23,평택시
평택법원점,경기도 평택시 평남로 1041,평택시
평택대점,"경기 평택시 현신2길 6 101, 201호(용이동, 드림빌딩)",평택시
평택비전중앙점,경기 평택시 중앙로 205 1층 우측(비전동),평택시
평택송탄점,경기 평택시 탄현로 323 1층(신장동),평택시
평택청북점,경기 평택시 청북읍 청북남로 253 1층,평택시
안중백병원점,경기 평택시 안중읍 서동대로 1931-21 1층,평택시
평택송탄신장점,경기 평택시 쇼핑로 25-1 (신장동) 이디야커피,평택시
평택포승점,경기 평택시 포승읍 여술로 20 102호,평택시
평택안중홈플러스점,경기 평택시 안중읍 서동대로 1489 홈플러스 내,평택시
평택시청점,경기 평택시 평택5로20번길 30 (합정동) 1층,평택시
평택성모병원점,경기 평택시 평택로 286 (세교동) 105-106호,평택시
평택경기대로점,경기 평택시 비전동 830-2 (패밀리타운) 이디야커피,평택시
평택서정이충점,경기 평택시 이충로 84-5 (서정동) 106-108호,평택시
동탄무봉산점,경기 화성시 동탄치동천로4길 6-58 (영천동) 1층,화성시
동탄삼성반도체점,"경기 화성시 삼성1로 160 (석우동, 디지털스테이션) 1층 112호",화성시
동탄장지점,"경기 화성시 동탄장지천5길 4-20 (장지동) 1층 103,104호",화성시
동탄북광장점,"경기 화성시 동탄지성로 12 (반송동, 월드프라자) 1층 101,102호",화성시
동탄산척중앙점,경기 화성시 동탄산척로2나길 10-11 (산척동) 1층 101호,화성시
동탄솔빛나루점,"경기 화성시 동탄솔빛로 57 (반송동, 케이에이치스퀘어) 1층 104호",화성시
동탄하나로유통센터점,경기 화성시 동탄순환대로27길 30 (영천동) 1층,화성시
화성향남시범점,경기 화성시 향남읍 행정중앙1로 10 1층 102호,화성시
화성봉담동화점,"경기 화성시 봉담읍 동화길 93-12 103호, 104호",화성시
병점한신점,"경기 화성시 병점1로 66-2 (병점동) 1층 101-1, 102호",화성시
화성동탄역1호점,경기 화성시 동탄역로 124 (오산동) 제1동 1층 106호,화성시
동탄호수공원점,"경기 화성시 동탄대로5길 32 (송동) 지2층 B206,207호",화성시
동탄여울공원점,"경기 화성시 동탄광역환승로 73 (오산동, 동탄역 반도유보라 아이비파크 8.0) 207동 지1층",화성시
화성태안융건릉점,경기 화성시 장조1로 17-2 이디야커피,화성시
동탄산척점,경기 화성시 동탄순환대로14길 82-9 1층,화성시
화성반월점,경기 화성시 영통로26번길 33 (반월동),화성시
화성원평점,경기 화성시 매송면 원평리 135-1,화성시
화성팔탄점,경기 화성시 팔탄면 구장길 17 (문영빌딩),화성시
화성동탄남광장점,경기 화성시 동탄구 동탄중심상가1길 15,화성시
동탄2카림애비뉴점,경기 화성시 동탄대로시범길 134 판매시설지1층 115-1호(청계동),화성시
화성향남점,"경기 화성시 향남읍 행정중앙2로 67 1층 121, 122호",화성시
화성봉담점,경기 화성시 봉담읍 상봉길 31 104.105호,화성시
화성사강점,경기 화성시 송산면 사강로 201 A-1동 1층,화성시
동탄대로점,경기 화성시 동탄대로14길 5-11 1층(오산동),화성시
화성남양점,경기 화성시 남양읍 시청로 6 1층 108호,화성시
동탄프리미엄아울렛점,경기 화성시 동탄기흥로257번가길 21 F동 1층 111호 112호,화성시
화성조암점,경기 화성시 우정읍 조암남로 12,화성시
동탄치동점,경기 화성시 동탄대로21가길 4-10 1층,화성시
화성진안점,경기 화성시 진안동  876-4,화성시
화성석우IT점,경기 화성시 동학산2길 8-7 (석우동),화성시
동탄체육공원점,경기 화성시 왕배산2길 4-20 1층(목동),화성시
화성향남상신점,경기 화성시 향남읍 상신하길로 74 1층 107호(원메디피아),화성시
화성우정화산점,경기 화성시 우정읍 기아자동차로 687,화성시
화성발안점,경기 화성시 향남읍 발안공단로 90 (구문천리) 1층 108호,화성시
병점홈플러스점,"경기도 화성시 경기대로 985 (병점동, 홈플러스) 병점점2층 일부호",화성시
화성동탄SKV1점,"경기 화성시 동탄순환대로 830 (영천동 , 동탄 SK V1 center) B122호",화성시
화성송산육일리점,경기 화성시 송산면 화성로 322 (육일리) 이디야커피,화성시
오산세교점,경기도 오산시 수청로106번길 6-3,오산시
오산궐동점,"경기 오산시 궐리사로 20 1,2층(궐동)",오산시
오산운암점,"경기 오산시 운암로 113 113,118호",오산시
오산수청점,경기 오산시 내삼미로79번길 31 109호 110호,오산시
오산홈플러스점,"경기 오산시 청학로 238 (수청동, 홈플러스) 홈플러스 오산점 1F",오산시
오산초평누읍점,"경기 오산시 발안로 1367 (누읍동, 석선빌딩) 1층 105호",오산시
이천이마트점,경기 이천시 증포동  47-4 1층,이천시
이천로데오점,경기 이천시 창전동  162-10,이천시
이천부발점,경기도 이천시 경충대로 2096-4 (부발읍  ),이천시
이천갈산동점,경기도 이천시 향교로 171  1층 (갈산동),이천시
이천송정점,경기도 이천시 증신로291번길 138,이천시
이천터미널점,경기도 이천시 이섭대천로 1200,이천시
이천창전동점,경기 이천시 영창로 243 1동 1층(창전동),이천시
이천장호원점,경기 이천시 장호원읍 장감로 23,이천시
이천롯데마트점,경기 이천시 구만리로 191 1층,이천시
이천마장점,경기 이천시 마장면 중앙로9번길 10 101호,이천시
이천가좌로점,경기 이천시 부발읍 가좌로 45 (아이펙스) 1층,이천시
이천이마트에브리데이점,경기 이천시 중리천로 18 (중리동) 1층,이천시
이천돌솥밥점,경기 이천시 신둔면 경충대로 3194 이천돌솥,이천시
이천신하교회점,경기 이천시 부발읍 경충대로 2264 안아주심드림센터동 1층,이천시
이천아트홀점,경기 이천시 부악로 40 이천아트홀 1층,이천시
여주중앙점,경기도 여주시 여흥로 115-0 (홍문동  ),여주시
여주가남점,경기 여주시 가남읍 태평1길 4 1층,여주시
여주이마트점,경기 여주시 세종로 151 (홍문동),여주시
여주터미널점,"경기 여주시 세종로 85 (홍문동, 여주종합터미널) 1층",여주시
여주남한강점,"경기 여주시 강변북로 31 (오학동) 1,2층",여주시
여주교동점,경기 여주시 교동 30-32,여주시
여주하동점,경기 여주시 청심로 65 1층,여주시
경기광주초월점,경기 광주시 초월읍 경충대로1127번길 21-1 (초월역 모아미래도 파크힐스) 상가동 지하2층 12호,광주시
중대물빛공원점,경기 광주시 순암로 270 (중대동) 3층(중대동),광주시
경기광주태전센트힐점,경기 광주시 태전동 87-94 태전퍼스트 센트힐 제1동 1층 제 106호,광주시
경기광주산이리점,경기 광주시 초월읍 경충대로 859 1층,광주시
경기광주초월롯데점,경기 광주시 초월읍 경충대로 1037 1층,광주시
경기광주역동점,경기 광주시 경충대로 1754 (역동) 1층 3호,광주시
경기광주양벌초교점,"경기 광주시 오포읍 마루들길 232-4 1층 102,104호",광주시
경기광주태전점,경기 광주시 태전동1길 36 (태전동) 1층,광주시
경기광주문형점,경기 광주시 오포읍 봉골길 59 1층,광주시
경기광주양벌점,경기 광주시 오포읍 양벌로 331-6 1층 102호,광주시
곤지암점,경기 광주시 곤지암읍 곤지암리 433-2,광주시
경기광주능평점,경기 광주시 오포읍 능평로 210 1층,광주시
경기광주세무서점,경기 광주시 포돌이로 1 (경안동) 이디야커피,광주시
경기광주회덕점,경기 광주시 이배재로 150 (목현동) 1층 3호,광주시
경기광주시청점,경기 광주시 행정타운로 49-6 (송정동) 지하1층 103호,광주시
광주경안점,경기 광주시 경안로 17 1층 (경안동),광주시
광주중대점,경기 광주시 고불로 50 1층(중대동),광주시
광주목현점,"경기 광주시 이배재로 304 지1층(목현동, 로얄펠리스 101동)",광주시
광주퇴촌점,경기도 광주시 광동로 32,광주시
양평용문점,경기도 양평군 용문로 535,양평군
양평파크점,경기 양평군 양평읍 중앙로 208 1층,양평군
양평롯데마트점,경기 양평군 양평읍 남북로 76 롯데마트 1층,양평군
양평용문중앙점,경기 양평군 용문면 다문중앙1길 9-1 1층,양평군
양평공흥점,경기 양평군 양평읍 중앙로 90 1층,양평군
양평국수DI점,경기 양평군 양서면 경강로 990 1층,양평군
양평군청사거리점,경기 양평군 양평읍 양근로147번길 20 1층,양평군
남양주팔당한강점,경기 남양주시 와부읍 팔당로 151 3층,남양주시
마석역점,경기 남양주시 화도읍 마석중앙로 101,남양주시
다산중앙점,경기 남양주시 다산순환로 397-54 (다산동),남양주시
다산부영점,경기 남양주시 다산중앙로82번안길 122 101호(다산동),남양주시
남양주화도점,경기 남양주시 화도읍 경춘로 1896-8 1층 일부,남양주시
남양주다산역점,경기 남양주시 다산중앙로123번길 22-16 (다산동) 1층 104호,남양주시
남양주진접역점,"경기 남양주시 진접읍 경복대로 233 주건축물제1동 103호, 104호",남양주시
남양주다산한강초교점,경기 남양주시 다산지금로146번길 8-31 (다산동) 1층 일부,남양주시
삼육대점,경기 남양주시 불암로 25-39 (별내동) 1층,남양주시
남양주내각리점,"경기 남양주시 진접읍 내각1로 67 111,112호",남양주시
남양주오남역점,경기 남양주시 오남읍 양지리 722-2 이디야커피,남양주시
남양주평내점,경기 남양주시 경춘로1256번길 34 2층 202호 203호(평내동),남양주시
남양주다산행정복지센터점,경기 남양주시 다산중앙로20번길 10-40 (다산동) 1층 102호,남양주시
남양주진벌점,경기 남양주시 진접읍 진벌로 73 가동 1층 103호,남양주시
남양주천마산점,경기 남양주시 화도읍 경춘로 1815 1층 3호,남양주시
남양주마석초등학교점,경기 남양주시 화도읍 수레로1260번길 11-1 1층 101호,남양주시
도농코레일점,"경기 남양주시 경춘로 433 (다산동, 도농역) 3층",남양주시
남양주진접DI점,경기 남양주시 진접읍 금강로 1475 2층,남양주시
덕소코레일점,경기 남양주시 와부읍 덕소로 56 (덕소역),남양주시
남양주화도DI점,경기 남양주시 화도읍 수레로 1089 1층,남양주시
평내호평점,"경기 남양주시 경춘로1306번길 2 (평내동, 중앙빌딩) 1층 1호",남양주시
별내서부점,경기 남양주시 별내5로5번길 4-21 1층,남양주시
진접이마트점,경기 남양주시 진접읍 연평리 101-14 외11필지2층,남양주시
남양주호평점,경기 남양주시 호평동  640 메인씨네마타워 111호,남양주시
진접장현리점,경기 남양주시 진접읍 장현리 장현프라자 129호,남양주시
경복대점,경기 남양주시 진접읍 금곡리 경복대로 426 1층,남양주시
남양주청학리점,"경기 남양주시 별내면  청학로중앙길 15, 115(주공프라자)",남양주시
덕소삼거리점,경기 남양주시 와부읍 덕소리 덕소로 87-1,남양주시
별내이마트점,경기 남양주시 별내동  192-2 별내이마트 내,남양주시
남양주묵현점,경기 남양주시 화도읍 묵현리 458-4,남양주시
별내북부점,경기 남양주시 별내동  827-2 (2~3호),남양주시
남양주마석점,경기 남양주시 화도읍 마석우리 383-1,남양주시
남양주양지점,경기도 남양주시 진건오남로 778  오남읍 1층 111호 (선일프라자),남양주시
남양주사능점,경기도 남양주시 진건오남로 90,남양주시
진접센트레빌점,"경기도 남양주시 진접읍 부평로 42, 상가동107, 108호",남양주시
남양주호평중앙점,경기도 남양주시 천마산로 27 1층,남양주시
남양주시청점,경기도 남양주시 금곡로 50,남양주시
남양주오남점,경기 남양주시 오남읍 진건오남로 522,남양주시
별내메가박스점,경기 남양주시 두물로 19 1층 101호,남양주시
별내백상앨리츠점,"경기 남양주시 별내중앙로 36-31 106, 107, 108호(별내동)",남양주시
퇴계원점,경기 남양주시 퇴계원읍 퇴계원로 66 1층일부,남양주시
구리등기소점,경기 구리시 인창동  건원대로 44119 태영빌딩 119호,구리시
구리역점,경기 구리시 인창동  676-6,구리시
롯데하이마트구리점,경기 구리시 동구릉로148번길 33 1층 롯데하이마트 구리점,구리시
구리수택점,경기도 구리시 체육관로80번길 24,구리시
갈매중앙점,경기 구리시 갈매중앙로55번길 109,구리시
구리벌말점,경기 구리시 벌말로 91 (토평동),구리시
구리세무서점,경기 구리시 안골로 50 1층 103호(교문동),구리시
구리시청점,"경기 구리시 아차산로432번길 13 (교문동, 지케이아이스쿨) 1층,2층",구리시
구리토평점,경기 구리시 벌말로129번길 62 (토평동),구리시
하남신장에코점,경기 하남시 신장동로 35 1층,하남시
미사호수공원점,"경기 하남시 미사강변남로 45 (망월동, 골든브릿지) 1층 122호",하남시
미사숲공원점,경기 하남시 풍산동 510-2 1층,하남시
하남미사스카이폴리스점,경기 하남시 미사강변한강로 135 (망월동) 나 138호 나 139호,하남시
하남현대지식산업센터2차점,경기 하남시 미사대로 520 (덕풍동) 디씨동 1층 01-029호,하남시
하남검단산점,경기 하남시 검단산로 232 (창우동) 지하1층,하남시
하남감일동점,경기 하남시 감일로102번길 35 (감일동) 1층,하남시
하남덕풍초교점,경기 하남시 신장로 200 (덕풍동) 1층,하남시
서하남IC점,"경기 하남시 서하남로 31 (감북동) 1,2층",하남시
하남테크노밸리U1점,"경기 하남시 풍산동 633 힐즈파크프라자 B03,04호",하남시
하남시청점,경기도 하남시 대청로 15 (신장동) 1층 107호,하남시
하남시청역점,"경기 하남시 하남대로 815 명지캐럿108, 1층(112,113호)",하남시
하남미사가로수길점,경기 하남시 미사강변한강로 290-3 모노라운지 1층109호,하남시
하남검단산역점,경기 하남시 대청로 73 1층,하남시
하남미사강변한강로점,경기 하남시 미사강변한강로334번길 34 (망월동) 1층,하남시
미사청아초교점,경기 하남시 미사강변중앙로111번길 4 (풍산동) 101호,하남시
미사센텀비즈점,경기 하남시 조정대로 45 지하1층 122호,하남시
하남유니온파크점,경기 하남시 하남유니온로 70-1 에일린의뜰 단지내상가 1층 118호,하남시
미사망월초점,경기 하남시 미사강변북로30번길 14 1층(망월동),하남시
미사강변도시점,경기도 하남시 미사강변대로226번길 26,하남시
화정별빛마을점,"경기 고양시 덕양구 화신로 319 (화정동, 문정빌딩) 1층 일부",고양시
EBS2호점,경기 고양시 일산동구 한류월드로 281 20층 일부,고양시
풍산역점,경기 고양시 일산동구 하늘마을1로 8 (중산동) 1층 107호,고양시
능곡역점,경기 고양시 덕양구 토당로 54 1층 (충정회관),고양시
일산국립암센터점,경기 고양시 일산동구 일산로330번길 12-2 (마두동) 1층 전체호,고양시
일산하이파크점,경기 고양시 일산서구 하이파크1로 77 (덕이동) 1층,고양시
일산킨텍스꿈에그린점,"경기 고양시 일산서구 킨텍스로 240 (대화동, 킨텍스 꿈에그린) B129",고양시
킨텍스홈플러스점,경기 고양시 일산서구 호수로 817 지하1층(홈플러스킨텍스점),고양시
일산백마점,"경기 고양시 일산동구 일산로 234 (마두동, 백일상가) 1층 우측",고양시
EBS1호점,경기 고양시 일산동구 한류월드로 281 EBS통합사옥 1층,고양시
고양벽제삼거리점,"경기 고양시 덕양구 혜음로 166 (고양동) 1층 101호, 102호",고양시
고양향동점,경기 고양시 덕양구 꽃내음2길 50-3 (향동동) 1층,고양시
고양서오릉점,경기 고양시 덕양구 용두동 432-33 실주소 432-507,고양시
고양지축초교점,경기 고양시 덕양구 오부자1길 42 (지축동) 1층,고양시
화정중앙공원점,"경기 고양시 덕양구 백양로 65 (화정동, 동도센트리움)",고양시
고양성저마을점,"경기 고양시 일산서구 대산로 212 (대화동, (주)오네뜨빌딩)",고양시
고양지축중앙점,경기 고양시 덕양구 지축로 86 (지축동) 105호,고양시
주엽롯데마트점,"경기 고양시 일산서구 중앙로 1496 (주엽동, 롯데마트) 롯데마트 주엽점 1층 이디야커피",고양시
대화마을점,경기도 고양시 일산서구 대화로 138 (대화동  ) 주건축물제1동1층전체호,고양시
마두역점,경기 고양시 일산동구 장백로 184 우신프라자 1층,고양시
화정이마트점,경기 고양시 덕양구 화정동  976 이마트1층,고양시
일산이마트점,경기 고양시 일산동구 백석동  (중앙로 1124) 일산층커피바코너,고양시
중산마을점,경기 고양시 일산동구 중산동  1560-1,고양시
일산원마운트점,경기 고양시 일산서구 대화동  2606,고양시
일산풍동점,경기 고양시 일산동구 풍동  1275,고양시
마두역2호점,경기 고양시 일산동구 중앙로 1190 서울타워 1층,고양시
능곡점,경기 고양시 덕양구 토당동  845,고양시
일산허유재병원점,경기 고양시 일산동구 장항동  780,고양시
화정중앙점,경기도 고양시 덕양구 화중로130번길 32,고양시
일산가좌마을점,경기 고양시 일산서구 가좌동  392-3,고양시
고양동산점,경기 고양시 덕양구 동산동  353,고양시
고양어울림점,경기도 고양시 덕양구 고양대로1384번길 15 정암코아 107호,고양시
고양백석터미널점,경기도 고양시 일산동구 일산로 74-17,고양시
일산웨스턴돔점,경기 고양시 일산동구 장항동 868 웨스턴돔 b-187,고양시
9사단점,경기 고양시 일산동구 고양대로 910 창일주유소 인근,고양시
고양내유점,경기 고양시 덕양구 통일로 1072 (내유동) 문정이클래스 1(일부)층,고양시
문산점,"경기 파주시 문산읍 문향로 70 (문산리, 동양슈퍼마켓) 2층",파주시
금촌역점,경기 파주시 새꽃로 197 (금촌동) 1층,파주시
문산당동점,경기도 파주시 방촌로 1719-62,파주시
문산당동중앙점,경기도 파주시 문산읍 당동리 912-1,파주시
야당역점,경기도 파주시 경의로 1080,파주시
문산역점,경기 파주시 문산읍 문산역로 91 1층,파주시
파주경찰서점,"경기 파주시 쇠재로 128 (금릉동) 103,104,105호",파주시
파주목동점,경기 파주시 와석순환로252번길 12 (목동동) 1층,파주시
파주식자재마트점,경기 파주시 조리읍 통일로 43 (농협파주하나로클럽) 이디야커피,파주시
파주광탄점,경기 파주시 광탄면 혜음로 1138 (새마을금고) 1층일부,파주시
파주운정호수공원점,경기 파주시 가온로 172 (와동동) 101호,파주시
파주운정가람점,경기 파주시 가람로 71 (와동동) 102호,파주시
파주법원점,경기 파주시 법원읍 술이홀로 872 1층,파주시
파주시청점,"경기 파주시 금정로 41 (금촌동, 고무래황소시골밥상) 1층",파주시
운정역로데오점,경기 파주시 와동동 1438 109호,파주시
파주금촌DI점,경기 파주시 시청로 145 (아동동) 1층 일부,파주시
양주장흥점,경기 양주시 장흥면 권율로 6 1층,양주시
양주옥정로데오점,경기 양주시 옥정로 204 107호(옥정동),양주시
양주해동마을점,경기 양주시 고읍남로39번길 129-8 1층 일부 (광사동),양주시
양주회정점,경기 양주시 평화로 1571 (회정동),양주시
양주IC점,경기 양주시 화합로 1631 (회암동) 1층 A동,양주시
양주봉양동점,경기 양주시 봉양동 376-1,양주시
양주고암동점,경기 양주시 회천남로 294 (고암동) 1층 105호,양주시
양주코레일점,"경기 양주시 평화로 919 (남방동, 양주역) 1층",양주시
양주회암사지박물관점,경기 양주시 회암사길 11,양주시
덕정역점,경기 양주시 덕정동  350-102,양주시
양주송추점,경기도 양주시 장흥면 가마골로 4 유진빌딩 이디야커피,양주시
양주복지점,경기 양주시 백석읍 양주산성로 603 1층,양주시
양주고읍중앙점,경기 양주시 고읍로 36-18 1층(고읍동),양주시
양주미소점,"경기 양주시 부흥로 2151 (삼숭동, 1층일부)",양주시
의정부신곡중앙점,경기 의정부시 부용로 209-1 1층(신곡동),의정부시
의정부민락로데오점,경기 의정부시 오목로205번길 39 (민락동) 1층 112호,의정부시
의정부시장점,경기 의정부시 태평로90번길 6 (의정부동) 1층,의정부시
의정부부대찌개거리점,경기 의정부시 태평로133번길 21 (의정부동) 1층,의정부시
의정부금오행정타운점,경기 의정부시 호국로1519번길 5 (금오동) 1층,의정부시
의정부서부로점,"경기도 의정부시 서부로 675 (가능동, 대경빌딩) 1층 105호",의정부시
의정부신곡제일점,"경기 의정부시 금신로 308 (신곡동) 1층 101,102호",의정부시
의정부종합운동장점,경기 의정부시 진등로 11 (녹양동) 1층 이디야커피,의정부시
의정부장암역점,경기 의정부시 동일로128번길 13 (장암동) 1~2층,의정부시
의정부홈플러스점,경기 의정부시 청사로 38 1층(금오동),의정부시
의정부3동점,경기 의정부시 의정부동 165-1 1층,의정부시
의정부흥선점,경기 의정부시 호국로 1139 1층(가능동),의정부시
의정부범골점,경기 의정부시 범골로 110 (의정부동) 1층,의정부시
의정부중앙점,"경기 의정부시 행복로 25 지하1층,지상1층",의정부시
의정부호원중앙점,경기 의정부시 신흥로 64 1층(호원동),의정부시
경기도청북부청사점,"경기 의정부시 장곡로596번길 9 지상1층 106호(신곡동, 세명프라자)",의정부시
의정부발곡프라자점,경기도 의정부시 회룡로 178,의정부시
의정부시민로점,경기도 의정부시 시민로 39 108호(의정부동),의정부시
의정부솔뫼DT점,경기 의정부시 시민로 450 1층~3층,의정부시
의정부어룡점,"경기 의정부시 효자로 14 (민락동, 이프라자) 1층 111호",의정부시
의정부금오중앙점,경기 의정부시 금오동  120-25,의정부시
의정부용현점,경기 의정부시 용현동  용민로84 104호,의정부시
의정부신곡점,경기 의정부시 추동로19번길 21 1층,의정부시
신한대점,경기 의정부시 호원동  119-31번지,의정부시
의정부민락점,경기 의정부시 민락동  700-3 한영빌딩 104호0,의정부시
지행역점,"경기 동두천시 지행동  721 효원월드타워제1층 106호,107호",동두천시
동두천중앙역점,경기도 동두천시 중앙로 278 (생연동  ) 1층,동두천시
보산역점,경기 동두천시 평화로2530번길 3 (보산동) 1층,동두천시
포천송우리중앙점,경기 포천시 소흘읍 송우로 74 (송우리) 4-5호,포천시
포천성동리DI점,경기 포천시 영중면 성동리 36,포천시
포천하송우삼거리점,경기 포천시 소흘읍 솔모루로 164 1층,포천시
포천산정호수점,경기 포천시 영북면 산정호수로411번길 112-19 주건축물제1동 1층,포천시
포천가산점,경기 포천시 가산면 탑동가산로 760 제1동 1층,포천시
포천초등학교점,경기 포천시 중앙로75번길 56 (신읍동),포천시
포천내촌점,경기 포천시 내촌면 금강로 2004 2동 1층,포천시
포천신북점,경기 포천시 신북면 호국로 2000 1동,포천시
포천이가팔리입구점,경기 포천시 소흘읍 죽엽산로 3 A동 1층,포천시
포천일동점,경기 포천시 일동면 화동로 1072,포천시
포천개성인삼농협점,경기 포천시 호국로 1423 (어룡동),포천시
포천신읍중앙점,경기 포천시 호국로 1499,포천시
포천소흘점,"경기 포천시 소흘읍 호국로 493-6 1,2층",포천시
포천운천점,경기 포천시 영북면 운천로 16 1층,포천시
광릉수목원점,경기도 포천시 광릉수목원로 698,포천시
대진대학교점,경기도 포천시 호국로 1000 (선단동) 1층,포천시
포천이동점,경기도 포천시 화동로 2058 (이동면),포천시
포천신읍점,경기도 포천시 중앙로 134,포천시
전곡역점,경기 연천군 전곡읍  전곡로 156,연천군
가평현리점,경기 가평군 조종면 조종희망로 14 1층 이디야커피,가평군
청평점,경기 가평군 청평면 청평중앙로 57,가평군
가평점,경기도 가평군 가화로 104 1층,가평군
가평대성점,경기 가평군 청평면 경춘로 530,가평군
가평설악점,경기 가평군 설악면 유명로 1600 1층 102호,가평군
가평설악중앙점,경기 가평군 설악면 신천중앙로 118 (신천리) 103호,가평군
가평역점,경기 가평군 가평읍 문화로 13-39 1층,가평군
김포장기동점,경기 김포시 장기동  1620,김포시
김포구래점,경기 김포시 구래동  6885-3,김포시
김포풍년마을점,"경기도 김포시 사우중로 89, 1동",김포시
김포라베니체점,경기도 김포시 김포한강2로23번길 10,김포시
풍무역점,경기 김포시 유현로238번길 31 웅신타워 104.105호,김포시
김포하성점,경기 김포시 하성면 애기봉로 868 (마곡리) 스카이빌딩 1층 102호,김포시
김포구래아크라시티점,"경기 김포시 김포한강10로133번길 84 (구래동) 스위트엠아크라시티2차 R동 1층 101,102,103,104호",김포시
김포통진점,경기 김포시 통진읍 조강로 82 1층,김포시
운양역골든타임점,경기 김포시 운양동 1307-3,김포시
김포대명항점,경기 김포시 대곶면 대명항1로92번길 39-24 1층,김포시
인천운서카페거리점,인천 중구 햇내로안길 6 (운서동) 1층 일부,중구
인천을왕리점,인천광역시 중구 을왕로 10,중구
인천답동점,인천 중구 제물량로 128 (답동),중구
동인천이마트점,인천 중구 신생동  38,중구
동인천역점,인천 중구 인현동  58-1,중구
인천차이나타운점,인천 중구 차이나타운로44번길 25 (북성동2가) 1층,중구
인천운남점,인천 중구 운남동  123-1,중구
공항신도시점,인천광역시 중구 운서동  2795-2 1층,중구
인천공항IBC점,인천광역시 중구 공항로424번길 66,중구
인천만수로데오점,인천 남동구 만수동  1039-1,동구
인천만수주공점,인천광역시 남동구 만수로50번길 25,동구
구월롯데캐슬점,인천 남동구 구월동  1273,동구
인천송현점,인천광역시 동구 수문통로 54  1층(송현동),동구
인천구월문화점,인천 남동구 문화로 85 1층,동구
간석홈플러스점,"인천 남동구 경원대로 971 1층 X18,Y3(간석동, 홈플러스)",동구
인천시청점,인천 남동구 간석동  482-20,동구
남동공단점,인천 남동구 고잔동 637,동구
인천논현역점,인천 남동구 논현동  624-7,동구
인천CGV점,인천 남동구 예술로 206 구월중앙프라자 B동 105호 이디야커피 인천CGV점,동구
인천모래내시장점,인천 남동구 구월동  1268번지 2층,동구
인천주안북부역점,인천 미추홀구 염창로 55 1층 2호,미추홀구
인천간석역점,인천 미추홀구 주안로 219 (주안동) A동,미추홀구
인천도화제일점,"인천 미추홀구 경인로 314 101, 102호",미추홀구
인천숭의점,"인천 미추홀구 제물량로24번길 51 (숭의동, 솔루나) 117,118호",미추홀구
인천보훈병원점,인천 미추홀구 인주대로 147 (용현동) 1층,미추홀구
인천용현유원점,인천 미추홀구 낙섬중로 110 (용현동) 이디야커피,미추홀구
인천학익중앙점,인천 미추홀구 한나루로456번길 1 3층 이디야커피,미추홀구
송도센트럴점,"인천 연수구 테크노파크로111번길 8 101호 (송도동, 송도S타워)",연수구
인천연수푸르지오점,"인천 연수구 벚꽃로 130-4 (연수동, 연수푸르지오2단지) 비-108호,109호",연수구
송도인천대점,인천 연수구 하모니로 271 (송도동) 제1동 지상1층 104호,연수구
송도지식정보단지역점,"인천 연수구 하모니로177번길 49 (송도동, 형지글로벌 패션복합센터) 1층 112호",연수구
인천연수하이마트점,인천 연수구 청능대로 64 (동춘동) 지상1층 일부호,연수구
인천송도홈플러스점,"인천 연수구 송도국제대로 165 (송도동, 홈플러스 복합쇼핑몰(송도점)) 홈플러스 2F",연수구
인천송도타임스페이스점,"인천 연수구 하모니로 158 (송도동, 송도타임스페이스) 지하1층 B09호 이디야커피",연수구
인천송도학원가점,"인천 연수구 신송로 165-10 (송도동, 더 아르곤) 1층 106,107호",연수구
인천송도유원지점,인천 연수구 청량로79번길 30 (동춘동) 1층 일부호,연수구
인천송도아트포레점,"인천 연수구 인천타워대로 257 (송도동, 아트포레) A동 119, 122호",연수구
인천송도점,인천 연수구 송도동  7-50 갯벌타워,연수구
인천서해그랑블점,"인천 연수구 봉재산로44번길 2 103, 104호(동춘동, 동춘프라자)",연수구
연수홈플러스점,"인천 연수구 청능대로 210 (동춘동, 지하1층 일부)",연수구
송도오네스타점,"인천 연수구 송도국제대로 157 지하1층 A-B08호(송도동, 오네스타)",연수구
인천함박마을점,인천광역시 연수구 비류대로433번길 26,연수구
인천옥련점,인천광역시 연수구 독배로40번길 35 (옥련동 대명상가빌딩 ) 2층,연수구
인천선학역점,인천 연수구 선학동  406-7,연수구
연수구청점,인천 연수구 연수동  601-9,연수구
인천동춘동점,인천 연수구 동춘동  937,연수구
송도해양경찰청점,인천광역시 연수구 신송로125번길 13-0 (송도동 아크리아1 ) 117호,연수구
인천만수역점,인천 남동구 구월로 350 1층(만수동),남동구
남동NIC지식산업센터점,"인천 남동구 은봉로 52 (논현동, NIC지식산업센터) 1층 116호",남동구
인천논현홈플러스점,인천 남동구 청능대로 596 (논현동) 지하1층,남동구
인천논곡점,"인천 남동구 함박뫼로 437 (논현동, 논현주공2단지아파트 상가)",남동구
인천간석중앙점,인천 남동구 석정로 575 (간석동) 1층 106호 이디야커피,남동구
인천힘찬종합병원점,"인천 남동구 논현로 72 (논현동, 힘찬종합병원) 1층 일부호",남동구
구월힐캐슬점,"인천 남동구 구월로 212 1층 145호, 150호",남동구
인천남동구청역점,인천 남동구 인주대로 888 101호,남동구
인천도림점,인천 남동구 논고개로 311-1 1층(도림동),남동구
인천구월팬더점,인천 남동구 인주대로 665 1층(구월동),남동구
부평동암점,인천 부평구 십정동  406-3,부평구
부평구청점,인천 부평구 신트리로 22 (부평동) 1층 일부,부평구
부평로데오점,"인천 부평구 시장로 17-1 (부평동, 인일 빌딩) 1,2,3 층(부평동, 인일 빌딩)",부평구
부평삼산롯데마트점,"인천 부평구 길주로 623 (삼산동, 대덕리치아노) 삼산롯데마트 2층",부평구
인천부평U1센터점,인천 부평구 주부토로 236 (갈산동) A동 328호,부평구
부평부개동점,인천광역시 부평구 길주남로 108-1,부평구
인천마장초교점,인천광역시 부평구 안남로 271  1층,부평구
부평아이즈빌점,인천광역시 부평구 마장로 473 (청천동) 1층,부평구
부평일신점,인천광역시 부평구 일신로14번길 3 (일신동) 1층,부평구
갈산역점,인천 부평구 청천동  남광 센트렉스 1층 108호,부평구
부평시장역점,인천 부평구 부평대로 71-1 (부평동)1충,부평구
인천부개역점,인천 부평구 부개동  310-5,부평구
부평삼산사거리점,인천광역시 부평구 평천로 388 광백빌딩지하 1층,부평구
부평남부역점,인천 부평구 부평동  697-16,부평구
부평삼산점,인천 부평구 삼산동  464-4(근영프라자),부평구
인천청천동점,인천광역시 부평구 청천동  180-4 대우프라자   대우프라자 114호,부평구
부평동점,인천 부평구 부평동  185-8외 5필지 그랑프리110호,부평구
계양로데오점,인천광역시 계양구 계산동  1081-10 명동빌딩   명동빌딩108호-110호,계양구
계양이마트점,인천광역시 계양구 봉오대로 785 (작전동 (주)신세계 이마트 작전점 ),계양구
인천박촌점,인천광역시 계양구 장제로 1013,계양구
경인여대점,"인천광역시 계양구 경명대로1045번길 21-1 (계산동  ) 1층 일부, 2층 일부",계양구
인천작전역점,"인천광역시 계양구 봉오대로 671 에이동 105,202호 (작전동, 우남푸르미아)",계양구
인천장기점,"인천광역시 계양구 장기로 34, 103, 104호",계양구
경인교대점,인천광역시 계양구 향교로 1,계양구
인천계산중앙점,인천 계양구 경명대로 1147,계양구
인천귤현점,인천 계양구 귤현길 6 (귤현동) 이디야커피,계양구
인천계양더프리미어점,인천 계양구 안남로 513 (효성동) 1층 일부호,계양구
앰코K3점,"인천 계양구 아나지로 110 (효성동, 앰코테크놀로지코리아(주)) 이디야커피(엠코K3점)",계양구
인천모다아울렛점,인천광역시 서구 북항로32번안길 50,서구
인천오류지구점,"인천 서구 단봉로 97-7 110,111호 (오류동, 오류센터프라자)",서구
인천대성베르힐점,인천 서구 새오개로111번안길 31 104호,서구
인천블루텍점,인천 서구 보듬6로 10 1층,서구
인천엠파크점,인천광역시 서구 봉수대로 158,서구
인천가정점,인천 서구 봉오재3로 100 1층 105호,서구
인천가좌역점,인천 서구 장고개로243번길 25 1층(가좌동),서구
인천국제성모병원점,"인천 서구 심곡로100번길 31 (심곡동, 마리스텔라) 지하2층",서구
인천원당점,인천 서구 원당동  희림타워1층 104호,서구
인천가좌점,인천 서구 가좌동  72-18,서구
인천가정고점,인천 서구 석남동  470-10,서구
인천검단사거리점,"인천광역시 서구 검단로 480 103,202호 (왕길동 검단리치웰프라자)",서구
인천강화점,"인천 강화군 강화읍 강화대로 392 1층,2층",강화군
인천강화동막점,인천 강화군 화도면 해안남로 1508 3층,강화군
강화길상점,인천 강화군 길상면 길상로 294 1층 106호,강화군
강화외포리점,인천 강화군 내가면 해안서로 1018,강화군
인천영흥도점,"인천 옹진군 영흥면 영흥로 256 1층 101호, 103호",옹진군
춘천신촌점,강원 춘천시 동내면 신촌리 431 1층,춘천시
춘천만천점,강원 춘천시 동면 춘천순환로 328 1층,춘천시
춘천봄내점,강원 춘천시 남춘로36번길 89 (퇴계동) 1층 102호,춘천시
춘천소양강점,"강원 춘천시 신북읍 신샘밭로 655-1 신샘밭로 661 1,2층",춘천시
춘천우두중앙점,"강원 춘천시 우두1길 25 (우두동) 1층 101호,102호",춘천시
춘천삼악산호수케이블카점,강원 춘천시 서면 경춘로 1401-25 춘천시 서면 덕두원리 산 164-23,춘천시
춘천포레스트점,강원 춘천시 옛경춘로 610 (온의동) 1층,춘천시
춘천신북점,강원 춘천시 신북읍 신북로 228 1층,춘천시
춘천스무숲길점,강원 춘천시 스무숲1길 81 (석사동) 1층,춘천시
춘천동면점,강원 춘천시 동면 만천로 138 1층,춘천시
춘천교대점,강원 춘천시 공지로 133 (석사동) 2동 1층,춘천시
춘천하이테크타워점,강원 춘천시 후석로420번길 7 (후평동) B동 107호,춘천시
춘천엔타점,강원 춘천시 석사동 980 2층,춘천시
춘천삭주로점,강원 춘천시 삭주로 197-1 (후평동) 1층,춘천시
춘천유앤아이점,강원 춘천시 동면 후만로 167,춘천시
강대정문점,강원 춘천시 백령로 8 (효자동) 1층,춘천시
춘천구봉산전망대점,강원 춘천시 동면 순환대로 1154-117,춘천시
춘천봉의고교점,강원 춘천시 후석로 244 (후평동) 이디야커피 춘천봉의고교점,춘천시
춘천삼천점,강원 춘천시 삼천동 152-1,춘천시
춘천코레일점,"강원 춘천시 공지로 591 (근화동, 춘천역)",춘천시
춘천롯데슈퍼점,"강원 춘천시 영서로 2195 (퇴계동, 롯데슈퍼) 1층",춘천시
춘천메디컬타워점,강원 춘천시 영서로 2341 (온의동) 104호,춘천시
남춘천IC점,강원 춘천시 남산면 김유정로 334 1층,춘천시
춘천퇴계한주점,강원 춘천시 퇴계동 86-2,춘천시
춘천통나무집닭갈비점,강원특별자치도 춘천시 신북읍 신샘밭로 763-1 1층,춘천시
춘천한숲시티점,강원특별자치도 춘천시 안마산로 107 1층,춘천시
춘천터미널점,"강원 춘천시 춘주로 89 1층 103, 104호",춘천시
춘천점,"강원 춘천시 시청길10번길 4-1 1층,2층",춘천시
춘천석사점,강원 춘천시 퇴계농공로 10,춘천시
춘천후평동점,강원 춘천시 후평동  457 번지 소라빌딩 104호,춘천시
춘천퇴계점,강원 춘천시 퇴계동  395-79 1층,춘천시
춘천장학점,강원 춘천시 동면 춘천로449번길 11 1층,춘천시
강원대점,강원도 춘천시 서부대성로 245,춘천시
춘천애막골점,강원도 춘천시 후석로186번길 18 (석사동) 1층,춘천시
춘천우두동점,강원도 춘천시 충열로 39,춘천시
춘천현대점,강원도 춘천시 춘천로269번길 1,춘천시
춘천온의롯데캐슬점,강원도 춘천시 방송길 70,춘천시
춘천거두점,강원 춘천시 동내면 춘천순환로 134 1층 101호,춘천시
남춘천점,강원 춘천시 행촌로 47 1층,춘천시
한림대점,강원 춘천시 교동  11-1 번지,춘천시
춘천거두사거리점,강원 춘천시 동내면 춘천순환로 70,춘천시
춘천중앙역점,강원 춘천시 우묵길52번길 24 1층(퇴계동),춘천시
춘천낙원점,강원 춘천시 중앙로 110 낙원동 118-6,춘천시
강원도청점,강원 춘천시 서부대성로 44 (요선동 8-7),춘천시
춘천공지천점,강원 춘천시 수변공원길 11 2동 1층(삼천동),춘천시
춘천의암호점,강원 춘천시 서면 박사로 734 1층,춘천시
춘천사농동점,강원 춘천시 사우로 38 1층 101호(사농동),춘천시
춘천학곡점,강원 춘천시 동내면 영서로 1783,춘천시
춘천여고점,강원 춘천시 동면 만천양지길 93 (만천리) 이디야커피,춘천시
춘천김유정역점,"강원 춘천시 신동면 김유정로 1417 (증리) 유정프라자 B동 1층 101-1호, 101-2호",춘천시
원주반곡동점,강원 원주시 오리현길 16-9 1층,원주시
원주치악로DI점,강원특별자치도 원주시 치악로 1435 (관설동) 2층,원주시
원주우산점,강원 원주시 우산로 60 (우산동),원주시
원주현충로점,"강원 원주시 현충로 11 (태장동) 101,102호",원주시
원주한라비발디점,강원도 원주시 모란1길 75 (우산동) 1층 101호,원주시
원주문막극동점,강원 원주시 문막읍 건등로 56-1 이디야커피,원주시
원주기업도시점,"강원 원주시 지정면 신지정로 190 108,109호",원주시
원주봉화산점,강원 원주시 바우골길 8 프렌티어스빌딩 1층 104호(단계동),원주시
원주홈플러스점,강원 원주시 치악로 1489,원주시
원주흥업점,강원 원주시 흥업면  남원로 85,원주시
원주중앙점,강원 원주시 무실로12번길 33 1층(일산동),원주시
원주법원점,"강원 원주시 능라동길 48-1 1층 114호(무실동, 아트리움)",원주시
원주단관점,강원 원주시 단구로 387 1층(단구동),원주시
원주혁신건강보험공단점,강원 원주시 건강로 23 1층 105호(반곡동),원주시
원주태장점,강원 원주시 흥양로51번길 11 1층(태장동),원주시
원주터미널점,강원 원주시 서원대로 168 2층,원주시
원주무실점,강원도 원주시 시청로 70 1층,원주시
원주단구동점,강원 원주시 단구동  남원로 528-31 신세계프라자 101호,원주시
강릉회산점,강원 강릉시 회산로 372 (회산동) 1층 5호,강릉시
강릉과학단지점,강원특별자치도 강릉시 과학단지로21번길 3-4 (대전동) 1~3층,강릉시
주문진소돌점,강원특별자치도 강릉시 주문진읍 해안로 1929,강릉시
강릉포남점,강원특별자치도 강릉시 하평1길 16-5 (포남동) 1층,강릉시
강릉포남소공원점,강원특별자치도 강릉시 남구길18번길 23 (포남동) 1층,강릉시
강릉올림픽파크점,강원특별자치도 강릉시 교동 456-5 1층,강릉시
강릉남항진해변점,강원특별자치도 강릉시 공항길127번길 40 (남항진동) 1층,강릉시
강릉아산병원점,강원특별자치도 강릉시 사천면 방동리 415-11,강릉시
강릉남산초교점,강원특별자치도 강릉시 남산초교길25번길 1 (내곡동) 1층,강릉시
강릉연곡영진점,강원특별자치도 강릉시 연곡면 연주로 186-4,강릉시
강릉경포점,강원 강릉시 경포로463번길 23 (안현동),강릉시
강릉원주대점,"강원 강릉시 죽헌길 7 (지변동, 강릉원주대학교) 강릉원주대학교 도서관 1층 북카페",강릉시
강릉단오공원점,강원 강릉시 임영로 64 (노암동) 1층,강릉시
강릉송정점,강원 강릉시 팔송길 1 (송정동) 1층,강릉시
강릉중앙점,강원도 강릉시 금성로 58 (금학동  ) 남전빌딩 104호,강릉시
강릉터미널점,강원 강릉시 하슬라로 24 (홍제동) 1층,강릉시
정동진역점,강원 강릉시 강동면 정동역길 17 (정동진역) 이디야커피,강릉시
강릉입암남부점,강원 강릉시 성덕포남로 74 (입암동) 1층,강릉시
강릉사천점,강원 강릉시 사천면 진리해변길 68-14 (사천진리) 이디야커피,강릉시
주문진점,강원도 강릉시 주문진읍 항구로 50 1층,강릉시
세인트존스경포호텔점,"강원 강릉시 창해로 307 109호(강문동, 세인트존스호텔)",강릉시
강릉입암점,강원 강릉시 강변로410번길 41,강릉시
강릉내곡점,강원 강릉시 범일로 601 1층(내곡동),강릉시
강릉옥천점,강원 강릉시 옥천로 62 1층,강릉시
강릉올림픽선수촌점,"강원 강릉시 선수촌로 79-15 104호, 105호(홍제동)",강릉시
강릉교동택지점,강원도 강릉시 솔올로 39,강릉시
강릉CGV점,강원도 강릉시 경강로 2120 (옥천동 씨네몰 ),강릉시
동해무릉계곡점,강원 동해시 삼화로 510 (삼화동),동해시
동해북삼점,강원 동해시 효자남길 33-34 (쇄운동) 1층 105호,동해시
동해추암점,강원 동해시 촛대바위길 20-1 (추암동) 1~2층,동해시
동해망상해수욕장점,"강원특별자치도 동해시 동해대로 6188 (망상동, 해오름가족호텔) 이디야(동해망상해수욕장점)",동해시
동해천곡점,강원특별자치도 동해시 중앙로 249 1층 103호(천곡동),동해시
태백중앙점,강원 태백시 번영로 349 (황지동) 102호,태백시
태백오투리조트점,"강원특별자치도 태백시 서학로 861 (황지동, 오투리조트) 황지동, 오투리조트",태백시
속초중앙점,강원도 속초시 수복로 197-1,속초시
속초교동점,강원도 속초시 중앙로 44,속초시
속초해수욕장점,강원 속초시 해오름로 137,속초시
속초대포항점,"강원 속초시 동해대로 3741 1,2층(대포동)",속초시
속초조양동점,강원 속초시 조양로 213 1~2층(조양동),속초시
속초동명항점,"강원 속초시 동명항길 49 (동명동) 1,2층",속초시
속초로데오점,강원 속초시 중앙로 127 (금호동) 105호,속초시
속초여고점,"강원 속초시 동해대로 4280 (교동, 대운빌딩) 1층 3호",속초시
삼척교동점,강원 삼척시 청석로 59 (교동),삼척시
삼척중앙점,강원 삼척시 대학로 30-1 (남양동),삼척시
삼척홈플러스점,"강원 삼척시 중앙로 258 (당저동, 홈플러스) 1층 이디야커피",삼척시
삼척해변점,"강원 삼척시 새천년도로 513 (교동, 해변타운) 101호",삼척시
삼척도계점,강원 삼척시 도계읍 도계우회로2길 8 (새롬아파트) 101동 지1층 상가3호,삼척시
삼척장호항점,강원특별자치도 삼척시 근덕면 삼척로 2095 (장호프리자) 1층,삼척시
홍천희망점,강원 홍천군 홍천읍 희망리 369,홍천군
홍천연봉점,강원도 홍천군 연봉로 32,홍천군
홍천제일점,강원 홍천군 홍천읍 공작산로 45,홍천군
강원홍천서면점,강원특별자치도 홍천군 서면 한서로 2077,홍천군
팔봉산점,강원특별자치도 홍천군 서면 한치골길 965 이디야커피(팔봉산점),홍천군
강원둔내점,강원 횡성군 둔내면 둔방로3번길 3 이디야커피,횡성군
강원영월점,강원 영월군 영월읍 중앙로 40-5 (영흥리) 1층 이디야커피,영월군
대관령점,강원 평창군 대관령면 눈마을길 11 1층,평창군
강원진부점,강원 평창군 진부면 진부중앙로 12 1층,평창군
평창DI점,강원특별자치도 평창군 평창읍 평창중앙로 245 1~2F,평창군
강원정선점,강원 정선군 정선읍 비봉로 55 1층,정선군
동송터미널점,강원 철원군 동송읍 이평리 683-11,철원군
철원와수리점,강원도 철원군 와수로181번길 25-21,철원군
신철원터미널점,강원 철원군 갈말읍 삼부연로 9,철원군
강원화천점,강원도 화천군 상승로 42-7 (화천읍  ),화천군
강원사내점,강원도 화천군 사내로 41-2 (사내면) (이디야커피) 1층,화천군
강원양구점,강원 양구군 양구읍 상리 333-3,양구군
강원인제점,강원 인제군 인제읍 인제로 200-1,인제군
고성경동대점,강원 고성군 토성면 봉포4길 18 이디야커피,고성군
고성간성점,강원특별자치도 고성군 간성읍 간성로 66 (요거프레소) 1층,고성군
강원양양점,강원 양양군 양양읍 양양로 72 1층,양양군
양양인구해변점,강원특별자치도 양양군 현남면 인구길 56-5 남쪽 1칸,양양군
천안용암사거리점,충남 천안시 서북구 쌍용1길 21 포레스트빌딩 1층 102호,천안시
천안의료원점,충남 천안시 동남구 충절로 537 1층 로비,천안시
천안대로DT점,"충남 천안시 동남구 충절로 359-13 (삼룡동) 1,2충",천안시
천안성정쌍용대로점,충남 천안시 서북구 쌍용대로 259 (성정동),천안시
천안신부동점,충남 천안시 동남구 신부동 486-9,천안시
천안쌍용로데오점,충남 천안시 동남구 천안여상로 3 (쌍용동) 1층,천안시
천안청당중앙점,충남 천안시 동남구 청당5로 20 1층,천안시
천안쌍용중앙점,"충남 천안시 서북구 충무로 172 (쌍용동, 범양건영) 1층 102호",천안시
천안목천점,충남 천안시 동남구 목천읍 신계리 139-1,천안시
천안양당점,충남 천안시 서북구 직산읍 상덕로 147 1층,천안시
천안입장점,충남 천안시 서북구 입장면 성진로 834 1층,천안시
천안성정중앙점,"충남 천안시 서북구 성정공원3길 4 (성정동, 학산리젠다빌 3차) 1층 106호",천안시
천안대하마트점,"충남 천안시 서북구 월봉로 95 (쌍용동, 롯데마트) 1층",천안시
천안성환점,"충남 천안시 서북구 성환읍 성환3로 3-7 101, 102호",천안시
남서울대점,충남 천안시 서북구 성환읍 성월리 64-2,천안시
천안월봉4로점,"충남 천안시 서북구 월봉11길 21 (쌍용동, 길상트럼프) 1층 A호",천안시
천안성거길점,충남 천안시 서북구 성거읍 성거길 123 (대주프라자) 107호,천안시
천안백석대점,충남 천안시 동남구 문암로 62 (안서동) 101호 201호,천안시
천안불당동점,충남 천안시 서북구 불당11로 13 (불당동) 1층 104호,천안시
두정역점,충남 천안시 서북구 1공단1길 52,천안시
천안안서점,충남 천안시 동남구 중암2길 21 2층,천안시
천안청당동점,"충남 천안시 동남구 청수11로 13-21 101, 102호(청당동)",천안시
천안상명대점,충남 천안시 동남구 상명대길 32-1 1층(안서동),천안시
천안두정점,충남 천안시 서북구 부성6길 8 101호(두정동),천안시
천안불당신도시점,충남 천안시 서북구 불당32길 24 1층,천안시
백석대북카페점,충남 천안시 동남구 문암로 76 백석생활관동 2층 201호,천안시
천안직산점,"충청남도 천안시 서북구 삼은3길 10  1,2층",천안시
천안신방동점,충남 천안시 동남구 신방동  1898번지,천안시
공주신관점,충남 공주시 신관동  537-20,공주시
동학사점,충청남도 공주시 동학사1로 266-16,공주시
공주마곡사점,충남 공주시 사곡면 마곡사로 856 -,공주시
보령동대점,충청남도 보령시 작은오랏5길 38  1층,보령시
보령원산도점,충남 보령시 오천면 원산도3길 66 1층 이디야커피,보령시
보령시청점,충남 보령시 흥곡천변로 21 (명천동) 105호,보령시
아산삼성7라인점,충남 아산시 탕정면 삼성로 181 7라인(2동) 지하1층,아산시
순천향대향설3관점,충남 아산시 신창면 순천향로 22 향설생활관3관,아산시
순천향대향설1관점,충남 아산시 신창면 순천향로 22 향설생활관1관,아산시
아산신창휴게소점,충남 아산시 신창면 온천대로 725 이디야커피 아산신창휴게소점,아산시
아산용화DI점,"충남 아산시 시민로244번길 9 (용화동, 용화유통) 1층",아산시
아산배방월천점,충남 아산시 배방읍 북수리 1727 1~2층,아산시
아산삼성8라인점,충남 아산시 탕정면 삼성로 181 8라인(1동) 2층,아산시
아산삼성MOD점,충남 아산시 탕정면 삼성로 181 8라인(MOD동) 2층,아산시
아산삼성블루홀점,충남 아산시 탕정면 삼성로 181 정문주차타워동 3층,아산시
아산이마트점,충남 아산시 풍기동  192-2,아산시
아산삼성A3점,충남 아산시 탕정면 탕정로 380-2 (삼성SMD) A3공장 지하1층,아산시
아산메가마트점,충남 아산시 외암로 1560 (풍기동) 1층,아산시
아산테크노밸리점,"충남 아산시 둔포면 아산밸리남로 77 (아산테크노밸리이지더원7단지아파트) 708동 지하1층 B105,106호",아산시
아산온천동점,충남 아산시 아산로 118-3 1층 102호,아산시
아산둔포점,충남 아산시 둔포면 둔포중앙로 189 1층,아산시
온양온천코레일점,충남 아산시 온천대로 1496 (온천동),아산시
아산탕정점,충청남도 아산시 탕정면로8번길 83,아산시
서산동문점,충남 서산시 동문동  194-14,서산시
서산해미점,충남 서산시 해미면 남문2로 116 1층,서산시
서산호수공원점,충남 서산시 호수공원9로 14 (예천동) 1층,서산시
대산터미널점,충남 서산시 대산읍 정자동2로 25 1층,서산시
서산음암점,충청남도 서산시 음암면 운암로 210 (도당리) 1층,서산시
서산터미널점,충남 서산시 안견로 184-8 (동문동) 이디야커피,서산시
서산문화회관점,충남 서산시 문화로 49 (읍내동) 1층,서산시
서산테크노밸리점,충남 서산시 성연면 성연1로 21 1층 103호,서산시
서산예천중흥점,충남 서산시 예천동 1716,서산시
건양대점,충남 논산시 은진면 와야리 대학로 126,논산시
논산역점,충청남도 논산시 해월로 231 (화지동),논산시
논산터미널점,충남 논산시 중앙로422번길 21 취암동,논산시
논산내동점,충남 논산시 중앙로 271 (취암동),논산시
강경점,충남 논산시 강경읍 계백로 152-1,논산시
계룡대점,충남 계룡시 신도안면 계룡대로 663 본청 지하1층,계룡시
계룡엄사점,"충남 계룡시 엄사면 번영로 20 103-104호, 202호",계룡시
계룡시청점,충남 계룡시 서금암2길 7-18 (금암동) 1층,계룡시
충남당진점,충청남도 당진시 대덕1로 125-30 (대덕동),당진시
당진유곡점,충청남도 당진시 유곡6길 25  1층,당진시
당진읍내동점,충청남도 당진시 당진중앙2로 221,당진시
당진푸르지오점,충남 당진시 북문로1길 22 (읍내동) 1층,당진시
당진문예의전당점,충남 당진시 시청1로 75 (읍내동) 1층,당진시
당진터미널점,"충남 당진시 당진중앙2로 447 (수청동, G1부경파크빌) 상가동 109,201호",당진시
충남당진신평점,충남 당진시 신평면 거산3거리길 43 1~2호,당진시
당진석문산업단지점,충남 당진시 석문면 산단3로9길 10-8 110호,당진시
당진교육지원청점,충남 당진시 무수동로 7 (대덕동) 1층(대덕동),당진시
금산중앙점,충남 금산군 금산읍 비단로 309 101호,금산군
부여중앙점,충청남도 부여군 성왕로 207-8,부여군
부여규암점,충남 부여군 규암면 외리 110-8 1층 109호,부여군
서천점,충남 서천군 서천읍 군사1리 179-27,서천군
장항점,충청남도 서천군 장항로 174-1,서천군
충남청양점,충남 청양군 청양읍 중앙로 135-2 이디야커피,청양군
홍성중앙점,충남 홍성군 홍성읍 오관리 291-3,홍성군
내포아르페온점,충청남도 홍성군 상하천로 31,홍성군
홍성점,"충남 홍성군 홍성읍 조양로247번길 9 (롯데마트, 홍성터미널) 4층 406호, 407호",홍성군
충남홍성광천점,충남 홍성군 광천읍 광천로 323,홍성군
예산산성점,충남 예산군 예산읍 산성리 754,예산군
덕산읍내점,충남 예산군 덕산면 덕산온천로 448 102호,예산군
예산삽교점,충남 예산군 삽교읍 삽교로 108 이디야커피,예산군
예산수덕사점,"충남 예산군 덕산면 수덕사안길 42 (수덕사집단시설지구) 108호, 208호",예산군
태안점,충청남도 태안군 동문1길 46 (태안읍) 1층,태안군
안면도점,충남 태안군 안면읍 장터로 105-3,태안군
대전중촌점,대전 중구 목중로26번길 26 (중촌동) 1층,중구
대전천근오거리점,"대전 중구 천근로19번길 5 (문화동) 1,2층",중구
대전오류동점,"대전 중구 계룡로 804 (오류동, 코스모메디컬) 101,103호",중구
대전중구청점,"대전 중구 선화서로 18 에이스퀘어 1층 107,108호",중구
대전은행동점,대전 중구 은행동  52-4번지 2층,중구
대전문화동점,대전광역시 중구 중앙로 28,중구
대전건양대병원점,"대전 서구 관저동로 162 (관저동, 건양프라자) 102,103호",서구
대전SK점,대전 서구 탄방동  문정로 41번지,서구
둔산이마트점,대전 서구 둔산동 959-2 이마트 3층,서구
대전관저동점,대전광역시 서구 도안대로 25 1층 106호 (관저동),서구
대전유성온천역점,대전 유성구 봉명동  553-2번지,유성구
대전신성동점,대전 유성구 신성동  122-2 1층 102호,유성구
충대정문점,대전 유성구 궁동  479-11,유성구
대전전민동점,대전 유성구 전민동  332-10,유성구
대전관평동점,대전광역시 유성구 관들4길 34-2,유성구
유성홈플러스점,대전 유성구 한밭대로 502 1층 엔젤리너스코너(봉명동),유성구
대전연구단지점,"대전 유성구 대덕대로 594 (도룡동, 타워코리아나 주상복합) 1층 101호",유성구
대전반석역점,"대전 유성구 반석로 7 (반석동, 애니빌프라자) 1층 109,110호",유성구
대전학하점,대전 유성구 학하복용서로 23 (학하동) 1층,유성구
대전죽동점,"대전 유성구 유성대로 875 (죽동, 비에스타워) 104호",유성구
대전자운대점,"대전 유성구 자운로97번길 290 (신봉동, 자운레스텔) 자운레스텔1층",유성구
대전구암동점,대전 유성구 현충원로347번길 54 (구암동) 이디야커피,유성구
대전노은3동점,대전 유성구 지족북로66번길 60 (지족동) B105호,유성구
대전한밭대국제교류점,대전 유성구 동서대로 125 국제교류센터동 1층,유성구
대전한밭대학생회관점,대전 유성구 동서대로 125 학생회관동 1층,유성구
대전장대행복주택점,대전 유성구 월드컵남로 16 S001동104호,유성구
대전한남대점,대전 대덕구 한남로 34,대덕구
대전송촌동점,대전 대덕구 선비마을로 14 (송촌동) 이디야커피,대덕구
청주터미널점,"충북 청주시 흥덕구 2순환로 1222 (강서동, 신해블루지움) 101호",청주시
청주옥산자이점,"충북 청주시 흥덕구 옥산면 오송가락로 1061 1층 112,113호",청주시
청주내수점,충북 청주시 청원구 내수읍 내수로 609-1 1층,청주시
청주방서점,충북 청주시 상당구 2순환로2031번길 12-6 (방서동) 1층 102호,청주시
청주가로수마을점,충북 청주시 흥덕구 2순환로 1276 (가경동) 1층,청주시
청주봉명중앙점,"충북 청주시 흥덕구 1순환로 592 (봉명동, 봉명베리굿) 103-104호",청주시
청주동남중앙점,"충북 청주시 상당구 월평로 258 (방서동) 1층 110,111,112호",청주시
청주직지스타점,"충북 청주시 흥덕구 직지대로436번길 76 (송정동, 직지스마트타워) 108호, 109호, 110호, 111호",청주시
청주용정점,충북 청주시 상당구 용정로 44-1 (용정동) 1층 101호,청주시
청주대성점,충북 청주시 상당구 대성동 174,청주시
청주금천스타힐스점,"충북 청주시 상당구 쇠내로 48 (금천동, 청주금천센트럴파크스타힐스) 상가동 109호",청주시
청주사직중앙점,충북 청주시 서원구 사직대로 282 (사직동) 1층,청주시
청주가경중앙점,충북 청주시 흥덕구 가경로 127 (가경동) 1층,청주시
청주운동점,충북 청주시 상당구 용암동 3300,청주시
청주용담우미린점,충북 청주시 상당구 용담동 476 이디야커피,청주시
청주오송봉산점,충북 청주시 흥덕구 오송읍 봉산리 1084,청주시
청주가경아이파크점,충북 청주시 흥덕구 가경동 2229-2 105호,청주시
청주강내점,충북 청주시 흥덕구 강내면 탑연월곡길 71 1층,청주시
상당롯데마트점,"충북 청주시 상당구 용암북로160번길 60 (용암동, 롯데마트) 2층",청주시
청주공군비행단점,충북 청주시 청원구 내수읍 원통리 132 1층,청주시
청주역점,충북 청주시 흥덕구 청주역로 366-1 (정봉동) 1층,청주시
오송레이크점,충북 청주시 흥덕구 오송읍 연제1길 24-35 오송레이크스타상가 1층,청주시
청주성모병원점,충북 청주시 청원구 주성로 173-19 청주성모병원 1층,청주시
청주내덕동점,"충북 청주시 청원구 향군로 129 1층 101호, 102호(내덕동)",청주시
청주분평점,충청북도 청주시 서원구 1순환로1107번길 36 (분평동  ) 1층 이디야커피 청주분평점,청주시
오창점,충청북도 청주시 청원구 오창중앙로 123-2 (오창읍  ) 2층,청주시
오창과학단지점,충청북도 청주시 청원구 오창대로 315,청주시
청주대점,충청북도 청주시 청원구 상당로 261-1 (우암동) 1층,청주시
오창2산업단지점,"충청북도 청주시 청원구 주성1길 18 (오창읍) 101,102호",청주시
청주여고점,충청북도 청주시 청원구 율봉로201번길 16-1,청주시
청주복대동점,충청북도 청주시 흥덕구 대신로10번길 6-7,청주시
청주하복대점,충북 청주시 흥덕구 진재로 46 1층,청주시
청주복대사거리점,충북 청주시 흥덕구 복대로 180 (복대동),청주시
청주산남동점,충북 청주시 서원구 산남로 48 주1동 114호(산남동),청주시
서원대점,충북 청주시 서원구 모충동 250-6,청주시
청주개신동점,충북 청주시 흥덕구 개신동  691,청주시
청주성안홈플러스점,충북 청주시 상당구 사직대로 346 1층(서문동),청주시
청주상당로점,충북 청주시 상당구 상당로 112,청주시
충북오송점,"충북 청주시 흥덕구 오송읍 오송생명5로 183-3 1층 101호, 102호",청주시
청주용암중앙점,충북 청주시 상당구 낙영로24번길 17 1층 (용암동),청주시
청주성화중앙점,충북 청주시 서원구 장전로 10 1층(성화동),청주시
청주개신중앙점,"충북 청주시 서원구 모충로9번길 3 1,2층",청주시
청주사직점,"충북 청주시 서원구 예체로 55 상가동 101,102호",청주시
청주테크노폴리스점,"충북 청주시 흥덕구 송화로 176 1,2층 (송정동)",청주시
오창중부점,충북 청주시 청원구 오창읍 중부로 760 상가동 1층 109호,청주시
청주분평중앙점,"충북 청주시 서원구 청남로 2018 (분평동) 1층 102,103호",청주시
충주교통대점,충북 충주시 대소원면 대학로 11 이디야 커피,충주시
충주연수동점,충청북도 충주시 갱고개로 162 (연수동  ),충주시
충주연수중앙점,충북 충주시 번영대로 113 4-5호(연수동),충주시
충주성서동점,충북 충주시 성서7길 33 1층(성서동),충주시
충주호암점,충북 충주시 사천개로 40 (호암동) 1층 106호,충주시
충주문화점,충북 충주시 중원대로 3364 (문화동) 1층 이디야커피 충주문화점,충주시
충주한스타워점,"충북 충주시 국원대로 107 (교현동) 지하1층 B 112,113호",충주시
충주칠금점,"충북 충주시 신립로 80 (칠금동) 1층,2층",충주시
제천중앙점,충청북도 제천시 의림대로 112,제천시
제천청전동점,충북 제천시 의림대로29길 22,제천시
제천장락DI본점,충북 제천시 장락로 185-5 (장락동) 이디야커피,제천시
제천강저점,"충북 제천시 강저로11나길 13 (강제동, 센트럴 코아루) 상가2동 104호",제천시
제천왕암점,충북 제천시 소새로7길 10 (왕암동),제천시
제천시청점,충청북도 제천시 원뜰로 24 이디야커피,제천시
제천하소점,충북 제천시 용두대로15길 18-3 (하소동) 이디야커피,제천시
제천고명점,충북 제천시 고명로 6-8 (강제동) 101호,제천시
제천의림점,충북 제천시 칠성로 74 (의림동) 1층,제천시
제천의림지DI점,충북 제천시 의림대로47길 32 (모산동) 1층,제천시
제천장락중앙점,"충북 제천시 내토로57길 19 (장락동, 장락파라디아) 상가동 3층",제천시
제천그네공원점,충북 제천시 청전대로 81 (청전동) 1층,제천시
제천마렌지오DI점,충북 제천시 청전동 8-2 (마렌지오쇼핑센터) 2층,제천시
제천신백점,충북 제천시 탑안로 45 (신백동) (신백동),제천시
옥천역점,충북 옥천군 옥천읍 중앙로1길 6-1 (금구리) 이디야커피,옥천군
충북옥천중앙점,충북 옥천군 옥천읍 삼양로 88 (제2종근린생활시설) 이디야커피,옥천군
충북옥천향수점,충북 옥천군 옥천읍 성왕로 1263 2층,옥천군
충북영동점,충청북도 영동군 영산로 19,영동군
황간농협DI점,충북 영동군 황간면 영동황간로 1520,영동군
증평초중점,충북 증평군 증평읍 초중5길 40,증평군
증평중앙점,충북 증평군 증평읍 광장로 80-1,증평군
증평송산점,충북 증평군 증평읍 송산로1길 17-25 1층 101호,증평군
충북진천점,충청북도 진천군 상산로 70 (진천읍  ),진천군
광혜원점,충북 진천군 광혜원면 중리1길 32-5,진천군
진천혁신점,충북 진천군 덕산면 공원로 4,진천군
충북진천대교점,충북 진천군 진천읍 읍내리 185-27 1층,진천군
진천산단DI점,충북 진천군 덕산읍 덕금로 517 이디야커피(진천산단DI점),진천군
진천덕산DI점,충북 진천군 덕산읍 용몽로 132 이디야커피(진천덕산DI점),진천군
충북괴산점,충청북도 괴산군 읍내로 293,괴산군
충북괴산군립도서관점,충북 괴산군 괴산읍 읍내로 184 (괴산 군립도서관) 3층,괴산군
충북혁신도시점,충청북도 음성군 맹동면 대하로 265,음성군
충북음성점,충북 음성군 음성읍 수정로 26 이디야 커피,음성군
충북대소점,충북 음성군 대소면 대금로 528 101호,음성군
충북음성삼성점,충북 음성군 삼성면 덕정로30번길 7-2 이디야커피,음성군
충북음성원남산단점,충북 음성군 원남면 원남산단1길 20,음성군
음성금왕산단점,충북 음성군 금왕읍 금왕테크노1길 14 501호,음성군
맹동제이에이골프연습장점,충북 음성군 맹동면 진성로 938,음성군
충북음성성본점,"충북 음성군 대소면 성본상가로 49 102,103호",음성군
청주대중앙도서관점,충북 음성군 삼성면 대성로 298 중앙도서관 2층,음성군
단양중앙점,충북 단양군 단양읍 삼봉로 292-1 (LG컴퓨터대리점),단양군
세종시부강DI점,세종특별자치시 부강면 청연로 123 ------이디야커피 세종시부강DI점,세종특별자치시
세종명학산단점,"세종특별자치시 연동면 명학산단1로 18 1,2층",세종특별자치시
포스코퓨처엠세종캠퍼스점,세종특별자치시 소정면 매실로 294,세종특별자치시
세종대명벨리온점,"세종특별자치시 집현중앙7로 6 (집현동, 지식산업센터) 1층 지1층 지152호",세종특별자치시
세종시갈매점,"세종특별자치시 갈매로 353 (어진동, 에비뉴힐) A동 1층 1002,1004호",세종특별자치시
세종고려대점,세종특별자치시 조치원읍 세종로 2511 (고려대학교세종캠퍼스) 1층,세종특별자치시
세종시조치원점,세종특별자치시 조치원읍 조치원로 19-2 1층,세종특별자치시
세종시고운동점,"세종특별자치시 마음로 67 (고운동, 가락마을1단지) 상가2동 지1층 근생2-103호",세종특별자치시
세종시다정동점,"세종특별자치시 다정중앙로 51 (다정동, 더다정빌딩) 101,102호",세종특별자치시
조치원죽림점,"세종특별자치시 조치원읍 세종로 2282 (죽림리) 럭스스퀘어 2층 205,206호",세종특별자치시
세종시아름동점,세종특별자치시   보듬3로 100 (아름동  ),세종특별자치시
세종시나성동점,세종특별자치시 나성북1로 12 1층 105호,세종특별자치시
세종시대평동점,"세종특별자치시 시청대로 35 시드니힐 1층 108,109호",세종특별자치시
세종시새롬동점,"세종특별자치시 새롬중앙로 33 1층 111,112호",세종특별자치시
세종시청점,"세종특별자치시 호려울로 45 1층 107호(보람동, 금남프라자)",세종특별자치시
세종시소담동점,"세종특별자치시 소담1로 12 106호, 107호(소담동)",세종특별자치시
세종시광장점,"세종특별자치시 국세청로 32 (나성동, 마크원애비뉴) 1층 B106, B107A, B107B호",세종특별자치시
세종시어진동점,세종특별자치시 어진동 1-5 주차장용치 1-25 어진프라자 101,세종특별자치시
세종시첫마을점,세종특별자치시   나리1로 16 (한솔동  ) 첫마을아파트3단지 상가-101,세종특별자치시
포항장량점,경북 포항시 북구 장량로 55 (장성동) 101호,포항시
포항환호공원식물원점,경북 포항시 북구 환호로61번길 9 1동 1층(양덕동),포항시
포항호텔영일대점,경북 포항시 남구 행복길75번길 11 1층,포항시
포항해군병원점,경북 포항시 남구 오천읍 충무로 70 이디야 포항해군병원점,포항시
포항대련DI점,경북 포항시 북구 흥해읍 새마을로 262 B동 1층,포항시
포항압연대식당점,경북 포항시 남구 동해안로 6262 (동촌동) 포항제철소 압연대식당 1층,포항시
포항초곡점,경북 포항시 북구 흥해읍 초곡지구로 52 22 1층,포항시
포항역점,경북 포항시 북구 흥해읍 포항역로 1 (포항역) 1층,포항시
포항포스코점,"경북 포항시 남구 동해안로 6261 (괴동동, 포스코본사) 2층",포항시
포스코퓨처엠포항본사점,"경북 포항시 남구 신항로 110 (청림동, (주)포스코퓨처엠) 1층",포항시
포항롯데마트점,"경북 포항시 남구 지곡로 237 (지곡동, 롯데마트) 롯데마트 1F",포항시
포항항구점,경북 포항시 북구 선착로77번길 13 (항구동) 1층,포항시
포항시청점,경북 포항시 남구 대이로 25 (대잠동) 1층 101호,포항시
포항해병1사단점,경북 포항시 남구 오천읍 충무로 70 3층,포항시
포항양덕점,"경북 포항시 북구 천마로 66 (양덕동) 1층 102,103,104,105호",포항시
포항이동이마트점,경북 포항시 북구 득량동  188번지 이마트 1층,포항시
포항영일대점,경북 포항시 북구 해안로 115 (두호동) 1층,포항시
포항오광장점,"경북 포항시 북구 중흥로 175 (죽도동) 1,2층",포항시
포항종합운동장점,"경북 포항시 남구 희망대로 811 (대도동) 1,2층",포항시
포항죽도시장점,경북 포항시 북구 죽도시장길 24 (죽도동) 1-2층,포항시
포항양학점,경북 포항시 북구 양학로17번길 5 (득량동) B동 1층,포항시
포항용흥점,"경북 포항시 북구 대안길 44 (용흥동, 우방스포츠프라자) 102호",포항시
좋은선린병원점,"경북 포항시 북구 대신로 43 (대신동, 선린병원) 1층",포항시
포항메트로시티점,"경북 포항시 북구 창흥로 30 1층 101호, 102호(창포동)",포항시
포항화진점,경북 포항시 북구 송라면 동해대로3378번길 2 1층,포항시
포항이동골프점,경상북도 포항시 남구 대잠동 221-4,포항시
포항우현동점,경상북도 포항시 북구 우현동 50-1,포항시
포항두호동점,경상북도 포항시 북구 대곡로 47 1층(두호동),포항시
포항효자동점,경북 포항시 남구 효자동  583-2,포항시
경주월성점,경북 경주시 금성로 279-2 (성건동) 1층 이디야커피,경주시
경주성동중앙점,경북 경주시 원화로 287 (성동동) 1층,경주시
경주석장점,경북 경주시 석장길 59-2 (석장동) 이디야커피,경주시
경주동국대병원점,"경북 경주시 동대로 87 (석장동, 동국대학교 경주병원) 2층",경주시
경주동문로점,경북 경주시 동문로 91 (성건동),경주시
경주북군점,경북 경주시 북군3길 9-2 (북군동) 이디야커피,경주시
경주현곡점,"경북 경주시 현곡면 용담로 548 (경주센트럴푸르지오) 상가동 10,11호",경주시
경주건천점,경북 경주시 건천읍 건천천남길 12 이디야커피,경주시
경주불국점,경북 경주시 산업로 2984 1층,경주시
국립경주박물관점,"경북 경주시 일정로 186 (인왕동, 국립경주박물관) 이디야커피",경주시
경주홈플러스점,"경북 경주시 공단로 97 (용강동, 홈플러스) 이디야커피",경주시
경주괘릉점,경북 경주시 외동읍 산업로 2762-3,경주시
경주시청점,경북 경주시 양정로 247 (동천동) 1층 101호,경주시
경주황성롯데시네마점,경북 경주시 유림로5번길 85-32 (황성동) 1층,경주시
경주모화DI점,경북 경주시 외동읍 산업로 1885-33 1~2F,경주시
경주삼릉DI점,경북 경주시 내남면 포석로 508 1층,경주시
경주대현건천휴게소점,경북 경주시 건천읍 대경로 3977 이디야커피（경주대현건천휴게소점）,경주시
경주한화리조트점,"경북 경주시 보문로 182-27 (북군동, 경주한화리조트) 1층",경주시
경주신라부티크호텔점,"경북 경주시 강변로 200 (노서동, 황실예식장) 다동 1층(노서동)",경주시
경주금장점,경상북도 경주시 용담로 181 (현곡면),경주시
경주성동점,경북 경주시 성동동  420-85,경주시
경주황성동점,경북 경주시 황성동  442-13,경주시
경주외동공단점,경상북도 경주시 내외로 10,경주시
경주동국대점,경상북도 경주시 금성로 413,경주시
경주황성유림점,경상북도 경주시 용담로 92번길 66,경주시
경주동천동점,경상북도 경주시 양정로290번길 12  1층,경주시
경주시외터미널점,경상북도 경주시 강변로 184 (노서동  ) 1층,경주시
경주동천현대점,경상북도 경주시 동천로49번길 3 (동천동),경주시
경주점,경북 경주시 화랑로 101,경주시
경주입실점,"경북 경주시 외동읍 산업로 2183 나동, 1층",경주시
경주안강점,경북 경주시 안강읍 안강중앙로 159,경주시
경주보문지티랜드점,경북 경주시 신평동 150-10 2층,경주시
경주충효서라벌점,경북 경주시 충효녹지길 58-2 1층(충효동),경주시
경주알천점,경북 경주시 탈해로52번길 15 (동천동),경주시
경주용강동점,경북 경주시 승삼북길 27 103호(용강동),경주시
경주황성휴포레점,경북 경주시 유림로 21 협성휴포레상가,경주시
경주용황점,경북 경주시 용강동 657-3,경주시
김천혁신도시점,"경북 김천시 혁신3로 26 1층 104, 105호",김천시
김천부곡점,경북 김천시 부곡맛고을2길 27 (부곡동),김천시
김천시청점,경북 김천시 시청로 107 (신음동),김천시
김천연화지점,경북 김천시 대학로 106 (교동) 202호,김천시
김천구미역점,경북 김천시 남면 혁신1로 51 (김천(구미)역),김천시
김천영남대로점,경북 김천시 영남대로 1740 (모암동),김천시
안동점,경북 안동시 삼산동  111-1번지,안동시
안동옥동점,"경북 안동시 광명로 189 1층(옥동, 희망빌딩)",안동시
안동강남점,경상북도 안동시 강남5길 35 (정하동  ) 1층,안동시
안동송현점,경북 안동시 송현길 154-17 1층 1호 3호(송현동),안동시
안동홈플러스점,경북 안동시 경동로 656,안동시
안동대점,경북 안동시 송천2길 78-2 (송천동) 1층,안동시
안동태화점,경북 안동시 경동로 529-1 (태화동),안동시
안동충효부대점,경북 안동시 경동로 371,안동시
구미구평점,"경북 구미시 인동43길 5-7 B동 1층(구평동, 강동빌딩)",구미시
구미SK실트론점,경북 구미시 3공단3로 132-11 (시미동) SK실트론 3공장,구미시
구미상모점,경북 구미시 박정희로 99-7 (상모동),구미시
구미임은DI점,경북 구미시 왕산로5길 13 (임은동),구미시
구미진평점,경북 구미시 인동34길 22 (진평동) 1층,구미시
구미금전워시클럽점,경북 구미시 금전동 701-5,구미시
구미비산점,"경북 구미시 비산로3길 33-21 (비산동) 1층 103,104호",구미시
구미차병원점,"경북 구미시 신시로10길 12 (형곡동, 차병원) 1층 이디야커피",구미시
구미금오산점,경북 구미시 금오산로 164 1층(남통동),구미시
구미삼성5호점,경북 구미시 임수동 94-1,구미시
구미인동중앙점,경북 구미시 인동중앙로6길 39 1층(인의동),구미시
구미시청점,경북 구미시 송원서로 29 1층,구미시
구미옥계동점,경상북도 구미시 산호대로23길 35,구미시
구미황상점,경상북도 구미시 검성로 42-3,구미시
구미봉곡점,경북 구미시 야은로 299,구미시
동구미이마트점,경상북도 구미시 임수동 92-28,구미시
구미삼성점(해피플러스),경북 구미시 공단동  259번지 (삼성전자1사업장내),구미시
영주분수대점,경북 영주시 하망동  451-33,영주시
영주풍기점,경북 영주시 풍기읍 기주로 92,영주시
영주가흥사거리점,경북 영주시 가흥동 1719-6,영주시
영주역점,경북 영주시 선비로 59 2층,영주시
영주예고개점,경북 영주시 평은면 평은로 2 (기사식당),영주시
상주시청점,경북 상주시 상산로 243-1 1층,상주시
상주축협점,경북 상주시 서문동 5-5 상주축산농협 본점 1층,상주시
상주시립도서관점,경북 상주시 복룡2길 22 (복룡동) 상주시립도서관 2층,상주시
상주경상대로DI점,경북 상주시 경상대로 3161 (만산동) (만산동),상주시
문경시청점,경북 문경시 당교로 237 .,문경시
문경새재점,경북 문경시 문경읍 새재로 908,문경시
문경점촌역점,"경북 문경시 신흥로 163 (점촌동, 중앙관광) 0545525111",문경시
문경영강천점,경북 문경시 산양면 중앙로 354 이디야커피(영강점),문경시
경산오거리점,경북 경산시 중방동  870-6,경산시
경산사동점,"경북 경산시 백자로 117 1,2층 101,201호(사동)",경산시
경산정평점,경북 경산시 대학로13길 89 1층 102호,경산시
경산진량점,경북 경산시 진량읍 공단로 479 이디야커피,경산시
경산신대부적점,경북 경산시 압량읍 압독3로 15 104호,경산시
경산계양점,경북 경산시 원효로 142 (계양동) 1층,경산시
경산하양무학점,경북 경산시 하양읍 서사도리7로 17,경산시
경산영남대점,경북 경산시 청운로 18 (대동),경산시
경산중앙병원점,"경북 경산시 경안로 11 (백천동, 중앙병원) 백천동, 경산병원",경산시
영천완산점,"경북 영천시 시장로 128 (완산동) 1층, 2층(104호,105호,202호)",영천시
영천육군3사관학교점,경북 영천시 고경면 호국로 495 육군3사관학교 청운관 1F,영천시
영천시립도서관점,경북 영천시 중앙동1길 80 시립도서관 1층,영천시
의성중앙점,경북 의성군 의성읍 중앙길 71-2 1~3층,의성군
의성금성점,경북 의성군 금성면 동부로 2281 이디야커피(의성금성점),의성군
주왕산국립공원점,경상북도 청송군 공원길 164,청송군
경북영양점,경북 영양군 영양읍 동서대로 15  1층,영양군
경북영덕점,경상북도 영덕군 중앙길 96,영덕군
영덕영해점,경북 영덕군 영해면 318만세길 148-1 1층,영덕군
영덕블루로드점,경북 영덕군 영해면 사진리 512,영덕군
영덕강구오포점,경북 영덕군 강구면 동해대로 4421 1층,영덕군
영덕해파랑점,경북 영덕군 강구면 영덕대게로 123-1 이디야커피(영덕해파랑점),영덕군
청도점,경북 청도군 청도읍 고수서2길 1,청도군
청도프로방스점,경북 청도군 화양읍 이슬미로 321,청도군
칠곡왜관점,경북 칠곡군 왜관읍 달오1길 14-12 1층,칠곡군
칠곡왜관농협점,경북 칠곡군 왜관읍 중앙로 143 이디야커피,칠곡군
칠곡북삼서희점,경북 칠곡군 북삼읍 인강1길 60 이디야커피,칠곡군
칠곡왜관석전점,경북 칠곡군 왜관읍 석전로7길 9 101호,칠곡군
MG왜관점,경북 칠곡군 왜관읍 중앙로 228 1층,칠곡군
경북예천점,경상북도 예천군 효자로 100-1,예천군
예천하나로마트신도청점,경북 예천군 호명면 산합리 1482-4번지 8-9호,예천군
예천만남의광장점,경북 예천군 유천면 경서로 1984 (예천만남의광장) 이디야커피(예천만남의광장점),예천군
경북봉화점,경북 봉화군 봉화읍 내성로5길 28 이디야 커피,봉화군
국립백두대간수목원점,경북 봉화군 춘양면 춘양로 1501 2층,봉화군
봉화다덕점,경북 봉화군 봉성면 다덕로 839 1,봉화군
울진군청점,경북 울진군 울진읍 읍내8길 5 1층,울진군
울진북면점,"경북 울진군 북면 울진북로 2094 (부구리) 1,2층 101,201호",울진군
울진후포스카이워크점,경북 울진군 후포면 울진대게로 243 이디야커피,울진군
축협울진하나로마트점,경북 울진군 울진읍 동해대로 4348,울진군
울진항점,경북 울진군 울진읍 현내항길 267 1층(연지리),울진군
창원중앙대로점,"경남 창원시 성산구 중앙대로 75 (중앙동, 상지솔리움) 1층 112호",창원시
부산신항점,경남 창원시 진해구 용원동 1343-9,창원시
마산현동점,경남 창원시 마산합포구 현동1길 4-14 (현동),창원시
창원반지동점,경남 창원시 성산구 원이대로393번길 21 1층,창원시
창원홈플러스점,"경남 창원시 의창구 창원대로 415 1층 X3Y1호(팔용동, 홈플러스창원점)",창원시
창원대중앙점,경남 창원시 의창구 용동로83번안길 36 (사림동) SM비즈타운 208호,창원시
마산내서중리점,경남 창원시 마산회원구 내서읍 중리2길 47 1층,창원시
마산어시장점,"경남 창원시 마산합포구 해안대로 331 (남성동, 한백마리나타운) 159-1,227호",창원시
창원대원점,경남 창원시 의창구 두대로 43 (대원동) 1층,창원시
창원상남햇살점,경남 창원시 성산구 마디미로64번길 13,창원시
창원팔용점,경남 창원시 의창구 팔용로443번길 4  1층(팔용동),창원시
창원메트로병원점,"경남 창원시 의창구 평산로 215 (서상동, 문정빌딩) 1층",창원시
마산해양공원점,"경남 창원시 마산합포구 드림베이대로 12 (해운동, 동화마루) (해운동, 동화마루) 1~2층",창원시
창원종합터미널점,"경남 창원시 의창구 창원대로 371 (팔용동, 창원종합버스터미널) 이디야커피(창원종합터미널점)",창원시
마산의료원점,"경남 창원시 마산합포구 3.15대로 231 (장군동4가, 마산의료원) 장례식장 1층",창원시
대한민국민주주의전당점,경남 창원시 마산합포구 해안대로 202 (월포동) 대한민국민주주의전당 3층,창원시
진해장천점,경남 창원시 진해구 충장로657번길 30,창원시
창원대정문점,경남 창원시 의창구 용지로293번길 28,창원시
창원상남점,경남 창원시 성산구 마디미동로 31,창원시
마산메트로시티점,경상남도 창원시 마산회원구 삼호로 80,창원시
창원점,경남 창원시 의창구 용호동  73-2 라이크빌 101-1호,창원시
경남대점,경남 창원시 마산합포구 해운동  5-119,창원시
마산합성동점,경남 창원시 마산회원구 합성1동  100-3,창원시
창원봉곡동점,경상남도 창원시 의창구 원이대로 259,창원시
마산역광장점,경남 창원시 마산회원구 석전동  마산역광장로 12,창원시
진해미래쇼핑점,경상남도 창원시 진해구 진해대로 762,창원시
마산석전동점,경상남도 창원시 마산회원구 석전동로 7 1층(석전동),창원시
창원소답동점,경상남도 창원시 의창구 읍성로 59 (소답동 송원상가) 1층,창원시
창원이마트점,경남 창원시 중앙동 91 이마트내3층,창원시
마산고속터미널점,경상남도 창원시 마산회원구 합포로 292,창원시
창원중동점,경상남도 창원시 의창구 남산로 87,창원시
진해중앙점,경남 창원시 진해구 충장로 94 1층,창원시
창원가음로점,경남 창원시 성산구 가음로 107,창원시
창원감계점,경남 창원시 의창구 북면 감계로188번길 58 1층 101호,창원시
창원온천점,"경남 창원시 성산구 동산로65번길 24 1층 102호(상남동, 타임빌딩)",창원시
창원경남도청점,경남 창원시 의창구 상남로 250 1층 (신월동),창원시
창원봉림점,경남 창원시 의창구 대봉로26번길 4-5 101호(봉림동),창원시
진주혁신중앙점,경상남도 진주시 사들로 83,진주시
진주신평공원점,경남 진주시 신평공원길47번길 11 (평거동) 1층,진주시
신진주역점,경남 진주시 가좌동 2066-3,진주시
진주혁신소호점,"경남 진주시 범골로54번길 17 (충무공동) 1층 105,105호",진주시
진주금산점,경남 진주시 금산면 중천로 83 1층 일부,진주시
진주윙스타워점,경남 진주시 동부로169번길 12 (충무공동) 지하1층 AB113호,진주시
진주평거판문점,경상남도 진주시 진양호로 28번길 21,진주시
진주초전중앙점,경상남도 진주시 초북로 36,진주시
진주이현동점,경상남도 진주시 진주대로 1317-15,진주시
진주하대동점,경남 진주시 도동로 241 1층,진주시
진주강남동점,경상남도 진주시 진주대로929번길 15,진주시
경남과학기술대점,경남 진주시 칠암동  527-3,진주시
진주상대동점,경상남도 진주시 동진로216번길 5 1층,진주시
진주신안동점,경상남도 진주시 진양호로 278 (신안동) 1층 102호,진주시
진주장대동점,경상남도 진주시 남강로 690 (장대동),진주시
진주보건대점,경남 진주시 창렬로 111 (상봉동),진주시
진주주약동점,경상남도 진주시 진주대로815번길 14 (주약동  ) 1층,진주시
진주개양오거리점,경상남도 진주시 가좌길74번길 1 (가좌동  ),진주시
진주평거동점,경남 진주시 평거로 14 (평거동),진주시
진주호탄동점,경상남도 진주시 강변길 5,진주시
진주평거엠코점,경남 진주시 새들말로 28 (평거동),진주시
진주대안동점,경상남도 진주시 촉석로186번길 6-1 (중안동) 1층,진주시
통영무전동점,경상남도 통영시 무전6길 25  1층(무전동),통영시
통영죽림점,경상남도 통영시 광도면 죽림리 1572,통영시
통영동피랑점,경상남도 통영시 동문로 3,통영시
통영도남로점,경남 통영시 도남로 316 (도남동) 1층 2층,통영시
통영강구안점,경남 통영시 통영해안로 303-1 1층,통영시
사천사주리점,"경남 사천시 정동면 진삼로 1414 102, 103호",사천시
사천시청점,경남 사천시 용현면 용현로 31,사천시
삼천포점,경남 사천시 동금2길 31 (동금동),사천시
사천실안점,경남 사천시 해안관광로 21 (실안동) 이디야커피,사천시
사천선진점,경남 사천시 용현면 선진리 103-7 1층,사천시
김해내동래미안점,"경남 김해시 구지로 54 1층 (내동, 정훈퓨처타운)",김해시
김해장유롯데마트점,"경남 김해시 번화1로56번길 15 (대청동, 롯데마트) 3층",김해시
김해인제로점,"경남 김해시 인제로 89 (어방동) 1, 2층",김해시
김해연지구산점,경남 김해시 해반천로 14 (구산동) 1층,김해시
김해조은금강병원점,경남 김해시 김해대로 1814-37 (삼계동),김해시
김해삼정점,경남 김해시 활천로36번길 34-4 (삼정동) 1층,김해시
김해삼계해반천점,경남 김해시 가야로22번길 3-4 (삼계동) 1층,김해시
김해율하중앙점,경남 김해시 율하3로 38 (율하동) 1층 111호,김해시
김해홈플러스점,경남 김해시 김해대로 2078 1층,김해시
김해외동사거리점,경남 김해시 금관대로 1165 1층 (외동),김해시
김해삼계동점,경남 김해시 삼계동  1478-8,김해시
김해시청점,경남 김해시 호계로422번길 16 (부원동),김해시
김해서부문화센터점,경남 김해시 율하2로 218,김해시
김해경원고교점,경남 김해시 우암로 21-1 1층(외동),김해시
김해한림점,경남 김해시 한림면 김해대로 1464 1층,김해시
김해흥동점,경남 김해시 흥동로 45 B동 (흥동),김해시
김해연지공원점,경남 김해시 금관대로1368번길 4 (내동) 이디야커피,김해시
김해아이스퀘어점,경남 김해시 부원동 939 아이스퀘어몰 A-2블록 C313호,김해시
김해내외동점,"경남 김해시 내외중앙로 48 (외동,리치빌딩)102호",김해시
밀양내이동점,"경상남도 밀양시 중앙로 381 (내이동) 1,2층",밀양시
밀양시청점,경상남도 밀양시 시청로1길 4,밀양시
밀양삼문동점,경상남도 밀양시 미리벌로2길 20,밀양시
밀양삼랑진점,경남 밀양시 삼랑진읍 천태로 12 1층,밀양시
밀양역DI점,경남 밀양시 가곡4길 15 (가곡동) 101호,밀양시
거제아주동점,경상남도 거제시 아주1로2길 26-1 (아주동),거제시
거제고현점,경상남도 거제시 거제중앙로29길 13 1층,거제시
거제계룡점,경상남도 거제시 계룡로 62,거제시
거제장평점,경남 거제시 장평로 20,거제시
거제서정점,경남 거제시 거제면 거제남서로 3471 101호,거제시
거제고현중앙점,"경남 거제시 거제중앙로24길 13 (고현동, 도영빌딩) 102,104,105호",거제시
거제상동점,경남 거제시 상동5길 25 (상동동) 1층 101호,거제시
거제지세포성점,경남 거제시 일운면 지세포해안로 244 지1~1층,거제시
거제장목점,경남 거제시 장목면 옥포대첩로 1143,거제시
양산금산점,경상남도 양산시 동면 금산리 1446-15 1층,양산시
양산북정점,"경남 양산시 북정로 17 (북정동, EDIYA COFFEE/서울족발) 1층",양산시
양산가촌점,경남 양산시 물금읍 백호로 34 1층,양산시
양산평산동점,"경남 양산시 평산북1길 11 1,2층(평산동)",양산시
양산역점,"경남 양산시 양산역7길 14 1층 108호(중부동, 스타파크)",양산시
양산소주점,경남 양산시 소주회야로 45-40 (소주동) 1층,양산시
양산상북점,경남 양산시 상북면 반회서5길 7 1층 일부,양산시
양산롯데마트웅상점,"경남 양산시 삼호1길 34 (삼호동, 롯데마트)",양산시
양산증산점,"경남 양산시 물금읍 증산역로 136 (나래클래스) 102,103,104호",양산시
의령점,경남 의령군 의령읍 충익로 18 (로얄장여관) 1층,의령군
경남함안점,경상남도 함안군 가야군 함마대로 1504,함안군
창녕점,경남 창녕군 창녕읍 화왕산로 50,창녕군
창녕남지점,경남 창녕군 남지읍 동포옛길 21-44 1층,창녕군
창녕부곡점,경남 창녕군 부곡면 온천중앙로 47 -,창녕군
경남고성점,경상남도 고성군 동외로 137,고성군
경남남해점,경남 남해군 남해읍 화전로 59,남해군
남해앵강점,경남 남해군 이동면 남서대로 208 1층,남해군
남해지족점,경남 남해군 삼동면 삼이로24번길 106,남해군
하동군청DI점,경남 하동군 하동읍 군청로 39,하동군
진교하나로마트점,경남 하동군 진교면 경충로 1059,하동군
산청단성강변점,경상남도 산청군 지리산대로 3362번길 42,산청군
산청점,경남 산청군 산청읍 산엔청로 15 (멋쟁이헤어샵) 이디야커피,산청군
경남거창점,경남 거창군 거창읍 강변로 119,거창군
거창대동점,경남 거창군 거창읍 강변로 287 1층,거창군
경남합천점,경상남도 합천군 옥산로 34,합천군
부산만세365병원점,부산 중구 대청로 105 (대청동2가) 1층 104호,중구
부산중앙동점,부산 중구 중앙대로42번길 3 (중앙동5가) 1층,중구
부산서대신역점,부산 서구 대티로 175-1 (서대신동3가),서구
부산지사명진파크뷰점,"부산 강서구 과학산단2로20번길 11 101,102호(지사동, 명진파크뷰)",서구
부산충무동점,부산 서구 충무대로 277 1층 101호(충무동1가),서구
부산동대신역점,부산 서구 서대신동2가  120 희망센츄럴 타운상가103호,서구
부산부민동아대점,부산 서구 임시수도기념로 9 (부민동2가),서구
부산명지점,부산 강서구 명지오션시티8로16번길 25 (명지동),서구
부산신호동점,부산 강서구 신호산단5로 42 (신호동) 이디야커피,서구
부산초량육거리점,부산광역시 동구 초량로 37,동구
부산역점,부산 동구 초량2동  207-1,동구
부산초량점,부산 동구 초량동  중앙대로332번길 4,동구
부산영도대교동점,부산광역시 영도구 태종로 104 (대교동2가  ),영도구
부산영도동삼동점,부산광역시 영도구 중리로 46-8,영도구
부산태종대점,부산 영도구 태종로833번길 11 (동삼동) 2층,영도구
부산서면1번가점,부산 부산진구 부전동  256-7 1층,부산진구
부산개금동점,부산 부산진구 개금동  200-31 한사랑빌딩1층,부산진구
부산서면태화점,부산광역시 부산진구 서전로10번길 71 (부전동  ) 2~4층,부산진구
부산동의과학대점,부산광역시 부산진구 양지로 54 동의과학대 본관별관 1층,부산진구
부산서면롯데후문점,부산 부산진구 부전로66번길 22 1층(부전동),부산진구
부산경동파크점,부산광역시 부산진구 새싹로 30 1층-116 (부전동 경동파크타워 오피스텔),부산진구
부산지오플레이스점,"부산광역시 부산진구 동천로 4  1층 1006,1007,1008호 (전포동)",부산진구
부산동의대중앙점,부산 부산진구 엄광로 184 1-3(가야 동),부산진구
부산초읍점,부산 부산진구 초읍동 203-6 1층,부산진구
부산부암점,부산 부산진구 신천대로185번길 23 (당감동) 1~2층,부산진구
부산연지래미안점,부산 부산진구 성지로 30-1 (연지동) 1층,부산진구
부산양정동점,부산 부산진구 중앙대로 912 (양정동),부산진구
부산전포카페거리점,"부산 부산진구 동천로 62 (전포동, 흥국생명보험빌딩) 1층",부산진구
부산부전역점,"부산 부산진구 부전로 181 (부전동, 부전역사) 부전역 2F 맞이방",부산진구
부산동래역점,부산 동래구 명륜동  553-19,동래구
부산명장점,부산 동래구 명장동  24-13,동래구
부산온천장역점,부산광역시 동래구 온천장로119번길 7 (온천동  ) 1층,동래구
부산온천천점,부산광역시 동래구 온천천로 469,동래구
부산낙민동점,"부산광역시 동래구 안남로 32 A동 2,3호(낙민동)",동래구
부산미남역점,부산광역시 동래구 아시아드대로 223 (온천동) A동 1층 (온천동),동래구
부산동래고교점,"부산 동래구 충렬대로 276 (낙민동, 청암빌딩) 1층",동래구
부산동래시장점,부산 동래구 명륜로112번길 36 (수안동) 1층,동래구
부산워크재활병원점,부산 동래구 충렬대로 379 (안락동) 1층 일부호(안락동),동래구
부산동명대점,"부산광역시 남구 신선로 428, 1층",남구
부산대연평화점,부산 남구 유엔평화로 31 1층 101호,남구
부산유엔공원점,부산 남구 유엔로 202 (대연동),남구
부산문현현대점,부산 남구 문현로 68 지하1층(문현동),남구
부산부경대점,부산 남구 대연동  용소로 30,남구
부산부경대후문점,부산 남구 대연동  38-2,남구
부산율리점,부산광역시 북구 학사로 295,북구
부산구포도서관점,"부산 북구 백양대로1016번길 28 나동 1층 1002호(구포동, 삼정골드빌라)",북구
부산신만덕점,부산 북구 덕천로 299 1층(만덕동),북구
부산만덕동그린코아점,부산광역시 북구 덕천로 241 (만덕동  ),북구
부산덕천중앙점,부산 북구 만덕대로16번길 19 2층,북구
부산구포사거리점,부산광역시 북구 백양대로 1065,북구
부산재송동점,부산 해운대구 재송동  1150-7번지,해운대구
부산반송동점,부산 해운대구 신반송로 179,해운대구
부산해운대우동점,부산광역시 해운대구 우동1로 82,해운대구
부산벡스코역점,부산광역시 해운대구 해운대로383번길 5 (우동),해운대구
부산송정점,부산광역시 해운대구 송정해변로 10,해운대구
부산반여중앙점,부산광역시 해운대구 선수촌로 74-11,해운대구
부산중동역점,부산 해운대구 중동 1321-4,해운대구
부산센텀홈플러스점,"부산 해운대구 센텀동로 6 (우동, 홈플러스 센텀시티점) 3층 이디야커피",해운대구
부산마린파크점,"부산 해운대구 마린시티2로 2 (우동, 마린파크) 1층 119호",해운대구
부산아르피나점,"부산 해운대구 해운대해변로 35 (우동, 부산유스호스텔아르피나)",해운대구
부산달맞이점,"부산 해운대구 달맞이길 193 (중동, 부광가든) B동 1,2층 일부호",해운대구
부산장림점,부산 사하구 장림동 325-70,사하구
부산다대포점,부산 사하구 다대동  1552-12 1층,사하구
부산대티역점,부산 사하구 괴정동  285-18,사하구
부산괴정대로점,부산광역시 사하구 낙동대로 246 (괴정동),사하구
부산장림세정아울렛점,부산광역시 사하구 다대로 207 (장림동) 1층 126호,사하구
부산하단가락타운점,부산 사하구 동매로 23 1층(하단동),사하구
부산효림초교점,부산 사하구 장평로 107,사하구
부산하단가락1단지점,"부산 사하구 하신번영로 320 1층 102호(하단동, 옥돌골든아르빌)",사하구
부산신평탑마트점,부산 사하구 하신중앙로 210 (신평동) 1층,사하구
부산신평점,부산 사하구 하신번영로157번길 33 (신평동) (신평동),사하구
부산범어사역점,부산 금정구 청룡동  8-1,금정구
부산구서역점,부산 금정구 금정로233번길 59 1층,금정구
부산대북문점,부산광역시 금정구 금강로321번길 45,금정구
부산장전서희점,"부산 금정구 수림로20번길 27 1층(부곡동, 한신빌딩)",금정구
부산두실역점,부산 금정구 중앙대로 1911 (구서동) 2층,금정구
부산스포원파크점,부산 금정구 체육공원로399번길 324,금정구
부산공군비행단점,부산 강서구 대저2동 1557,강서구
김해국제공항국내선점,부산 강서구 공항진입로 108 (대저2동) 김해국제공항 국내선터미널 2층 일반대합실,강서구
부산법원점,부산 연제구 법원로32번길 9 (거제동) 고려빌딩 1층,연제구
부산거제홈타운점,부산광역시 연제구 법원북로 45,연제구
부산종합운동장역점,부산광역시 연제구 아시아드대로82번길 5 (거제동) 1층,연제구
부산연제초교점,부산 연제구 중앙대로1075번길 8 1층(연산동),연제구
부산연산점,"부산 연제구 거제천로230번길 70 (연산동, 웰메이드 오피스텔) 1층 107호",연제구
부산남천동점,부산 수영구 남천동  293 1층,수영구
부산수영역점,부산 수영구 광안동  50-6,수영구
부산KBS삼거리점,부산 수영구 광남로 16 (남천동)1층,수영구
부산광안역점,부산 수영구 광안동  142-6번지,수영구
부산망미중앙점,부산 수영구 과정로 65 (망미동) 1층,수영구
사상이마트점,부산 사상구 괘법동  531-2번지 이마트 사상점내,사상구
부산학장동점,부산 사상구 학장동  574-13 청파아파트 상가9호10호,사상구
부산모라동점,부산 사상구 모라동  1357,사상구
부산신라대점,부산광역시 사상구 백양대로700번길 140,사상구
서부산홈플러스점,부산 사상구 광장로 7 지하1층 (괘법동),사상구
부산사상롯데마트점,부산 사상구 낙동대로 733 1층,사상구
부산큰솔2병원점,부산 사상구 학장로 189 (학장동) 이디야커피,사상구
부산사상중앙점,부산 사상구 광장로 79 (괘법동),사상구
부산동서대IC빌딩점,"부산 사상구 주례로 47 (주례동, 동서대학교) IC빌딩 2층",사상구
부산동서대민석도서관점,"부산 사상구 주례로 47 (주례동, 동서대학교) 민석도서관 1층",사상구
부산주례퀀텀점,부산 사상구 백양대로 337,사상구
부산기장시장점,부산광역시 기장군 차성로288번길 50 (기장읍  ),기장군
부산용궁사점,부산광역시 기장군 기장읍 용궁길 68 (토담마루) 2층,기장군
부산정관달산점,부산 기장군 정관읍 달산2길 30 1층,기장군
부산정관가동점,부산 기장군 정관읍 가동길 32 1층,기장군
동부산롯데몰점,부산 기장군 기장읍 기장해안로 147,기장군
부산정관가화점,부산 기장군 정관읍 정관로 702 1층,기장군
부산기장도서관점,부산 기장군 기장읍 차성동로126번길 2 1~2층,기장군
부산일광해송점,부산 기장군 일광읍 해송1로 16,기장군
부산일광센트럴점,"부산 기장군 일광읍 해빛1로 99 1,2층",기장군
국립부산과학관점,부산 기장군 기장읍 동부산관광6로 59 (국립부산과학관) 1층 고메이플레이스,기장군
대구MS재건병원점,"대구 중구 동덕로 194 2층(동인동1가, 동화빌딩)",중구
대구대신중앙점,"대구 중구 달구벌대로 1943 (대신동, 대신e편한세상) 상가101동 1층 105호",중구
대구남산점,"대구 중구 남산로7길 7 (남산동, 남산역 화성파크드림) 302동 지하1층 101,102호",중구
대구봉산육거리점,대구 중구 달구벌대로 2155 (삼덕동1가) 1층,중구
대구동성로228파크점,대구 중구 동성로2길 75 (동성로2가) 1층 이디야커피,중구
대구동성로점,대구 중구 중앙대로 412-8 1층,중구
대구만경관점,대구 중구 종로1가  31-2,중구
대구경북대병원점,대구광역시 중구 동덕로 131 (삼덕동2가  ),중구
대구각산역점,대구 동구 신서동  528-2,동구
대구이노밸리점,대구광역시 동구 경안로 855,동구
대구월배점,대구 달서구 진천로16길 39 1층 110호,서구
대구성서점,대구 달서구 이곡동로 55 (이곡동),서구
대구송현점,대구 달서구 월배로 379 (송현동),서구
대구성서운동장점,"대구 달서구 선원로23길 5 1,2층 (이곡동)",서구
대구신월성점,"대구 달서구 월성동 1818 1층 105호(월성동, 도원빌딩)",서구
대구상인점,"대구 달서구 상인서로 85 (상인동, 상인동방현대아파트) 106동 1.2층 101호",서구
대구대현점,"대구 북구 대현로 61-1 1,2층",북구
대구보건대입구점,대구 북구 영송로 4 1층 109호 110호,북구
대구시민운동장점,대구 북구 침산로 38-1 2층(칠성동2가),북구
대구텍스빌점,"대구 북구 유통단지로 60 1층 1025호 (산격동, 섬유제품관)",북구
경북대점,대구 북구 산격동  1393-3,북구
대구칠곡네거리점,대구 북구 태전동  940-8,북구
대구수성구청역점,대구 수성구 달구벌대로501길 6 (범어동) 1층 이디야커피,수성구
대구황금DI점,대구 수성구 청수로 97 (황금동) 1층 동편,수성구
대구범어도서관점,"대구 수성구 달구벌대로 2451 (범어동, 범어도서관) 1층",수성구
대구은행메트로점,"대구 수성구 달구벌대로 지하 2300 (수성동4가, 대구은행역) 지하1층 상가",수성구
대구무열대점,대구 수성구 무열로 56 (만촌동) 1층,수성구
대구수성2가점,대구 수성구 수성로 342 (수성동2가),수성구
대구어린이세상점,"대구 수성구 동대구로 176 (황금동, 어린이회관) 지하1층",수성구
대구지산점,대구 수성구 지범로31길 8 (지산동) 1층,수성구
대구수성범어천로점,대구 수성구 범어동 774-31 1층,수성구
대구만촌역점,대구 수성구 달구벌대로 2584 (만촌동),수성구
대구신매역점,대구 수성구 달구벌대로 3179,수성구
대구지산녹원점,"대구 수성구 무학로 189 (지산동, 녹원아파트) 3동 1층 호",수성구
대구수성못점,대구 수성구 수성못길 10 (두산동) 4층,수성구
대구범어N타워점,대구 수성구 상록로 5 (범어동) 1층 101호,수성구
국립대구박물관점,"대구 수성구 청호로 321 (황금동, 국립대구박물관) 2층",수성구
대구황금롯데캐슬점,대구 수성구 청수로45길 37 (황금동) 1층,수성구
대구수성알파시티점,"대구 수성구 시지로 22 104호(전부), 201호(동편코너일부), 202호(전부)",수성구
대구시지고교점,대구광역시 수성구 달구벌대로650길 95,수성구
대구범어두레점,대구광역시 수성구 달구벌대로496길 72  상가동 1층,수성구
대구메트로팔레스점,대구광역시 수성구 동원로 110  메트로팔레스상가 321동 104호,수성구
대구수목원점,대구 달서구 한실로6길 120-17 (대곡동) 1층,달서구
대구상인푸르지오점,대구 달서구 상화로 241 (상인동) 이디야(상인푸르지오점),달서구
대구문화예술회관점,"대구 달서구 공원순환로 201 (성당동, 대구광역시문화예술회관) 1층",달서구
대구계명대명교생활관점,"대구 달서구 달구벌대로 1095 (신당동, 계명대학교) 2층",달서구
대구진천역점,"대구 달서구 월배로 80 (진천동, 진천역대성스카이렉스아파트) 1층",달서구
대구도원점,"대구 달서구 도원로 11 (도원동) 1,2층",달서구
대구성서호림점,대구 달서구 성서공단로11길 44-18 (호림동),달서구
대구월곡점,대구 달서구 상화북로 180 (상인동) 1층 이디야커피,달서구
대구용산점,대구 달서구 평리로 50 (용산동) 1층,달서구
대구죽전역점,"대구 달서구 와룡로 169 (감삼동, 월드마크웨스트엔드) 판매시설동 1층 102-106호",달서구
대구이곡점,대구 달서구 이곡서로 11 (이곡동) 1층,달서구
대구월광수변공원점,"대구 달서구 수밭길 1 (도원동, J&K타운) 1~2층",달서구
대구칠호광장점,대구 달서구 당산로38길 26 (두류동) 1층,달서구
대구성서홈플러스점,대구 달서구 달구벌대로 1467 (용산동) 이디야커피,달서구
대구진천점,대구광역시 달서구 상화로 165 -1,달서구
대구옥포점,"대구 달성군 옥포면 돌미로 73 101,102호(청옥빌딩)",달성군
대구서재아이위시점,대구 달성군 다사읍 서재로7길 12 1층,달성군
대구대실역점,대구 달성군 다사읍 대실역남로 16 1층,달성군
대구구지점,대구 달성군 구지면 과학마을로4길 4 (응암리) 이디야커피,달성군
대구서재미르점,대구 달성군 다사읍 서재로 121 이디야커피,달성군
대구화원역점,"대구 달성군 화원읍 비슬로 2593 103호, 202호",달성군
대구현풍케이스마트점,대구 달성군 유가읍 테크노순환로4길 8 이디야커피,달성군
대구설화명곡점,대구 달성군 화원읍 비슬로 2503 1층,달성군
대구구지산단점,대구 달성군 구지면 국가산단북로34길 67 1층,달성군
대구세천점,대구 달성군 다사읍 세천로 157 1층,달성군
대구금포점,대구 달성군 논공읍 금포로 73,달성군
국립대구과학관점,대구 달성군 유가읍 테크노대로6길 20 (국립대구과학관) 2층,달성군
대구송해공원골프클럽점,대구 달성군 옥포읍 옥포로 607 3층,달성군
대구가창점,대구 달성군 가창면 가창로176길 29 2층,달성군
경북군위점,대구 군위군 군위읍 도군로 2645 이디야커피,군위군
울산우정중앙점,울산 중구 우정3길 20 1층,중구
울산교회점,울산 중구 장춘로 165-5 1층(복산동),중구
울산홈플러스점,울산 중구 번영로 475 (복산동),중구
울산태화먹거리단지점,울산 중구 태화강국가정원길 75 1층(태화동),중구
울산유곡점,"울산 중구 유곡로 51 (태화동, 범진그린파크) 범진그린파크 상가 101호",중구
울산남외동점,울산 중구 남외1길 40,중구
울산우정혁신점,울산광역시 중구 종가5길 78-2 (유곡동) 1층,중구
울산반구동점,울산광역시 중구 반구정15길 8 (반구동) 1층,중구
울산삼산본동점,울산 남구 삼산로331번길 13 1층(삼산동),남구
울산문수로점,울산광역시 남구 문수로 390  1층,남구
울산신복점,울산광역시 남구 북부순환도로13번길 4,남구
울산번영로점,울산 남구 번영로 173 1층(달동),남구
울산무거동점,울산 남구 신복로22번길 23 1층(무거동),남구
울산달동사거리점,울산 남구 중앙로 149 1층 이디야커피,남구
울산삼산현대점,울산 남구 삼산중로84번길 10 2층 이디야커피,남구
울산파크폴리스점,울산 남구 신정동  1873 코오롱파크폴리스상가1층,남구
울산대점,울산 남구 무거동  620-1,남구
울산삼산점,울산 남구 돋질로 297 gs평창주유소 내,남구
울산신정시장점,울산 남구 신정동  516-19,남구
울산옥동점,울산 남구 옥동  590-14,남구
울산대왕암공원점,울산 동구 일산동  905-3,동구
울산남목점,울산광역시 동구 옥류로 37 (서부동),동구
울산일산해수욕장점,울산광역시 동구 해수욕장7길 10,동구
울산봉수로점,울산 동구 월봉4길 1,동구
울산전하동점,울산 동구 전하동  661-1,동구
울산모다아울렛점,울산광역시 북구 진장유통로 78-6 4층,북구
울산명촌점,울산광역시 북구 명촌로 79,북구
울산산하동점,울산 북구 화암1길 56 (산하동),북구
울산달천점,"울산 북구 가재길 14 1층, 2층(천곡동)",북구
울산호계점,울산 북구 동대11길 2 1층(호계동),북구
울산네오골프점,울산 북구 천곡동  600-5 네오골프연습장 지하1층,북구
울산양정동점,울산 북구 염포로 571 1층(양정동),북구
언양읍성점,울산 울주군 언양읍 동부리 369-15,울주군
울산구영리점,울산 울주군 범서읍 구영리 855-4,울주군
울산진하해수욕장점,울산광역시 울주군 진하길 38 (서생면),울주군
울산천상점,울산광역시 울주군 천상길 17,울주군
울산문수산점,울산 울주군 청량면 율리영해1길 40-6,울주군
울산온양점,울산 울주군 온양읍 보곡1길 30-10 1층,울주군
울산청량점,울산 울주군 청량읍 상남길 66-4 1층,울주군
울산굴화월드점,울산 울주군 범서읍 굴화1길 64-10 1층,울주군
울산구영범서점,울산 울주군 범서읍 대리2길 31 1층,울주군
울산무거초교점,울산 울주군 범서읍 장검1길 42-2 1층,울주군
울산역점,울산 울주군 삼남읍 울산역로 177 (울산역) 1층,울주군
울산원예농협하나로마트점,울산 울주군 범서읍 장검길 10 (울산원예농협하나로마트) 1층,울주군
울산범서두산점,"울산 울주군 범서읍 관문로 260 1,2층",울주군
울산덕신점,울산 울주군 온산읍 덕망로 62 1층,울주군
울산웅촌창업센터점,울산 울주군 웅촌면 곡천리 67-11,울주군
전주우아한시티점,전북 전주시 덕진구 우아로 32 1층,전주시
전주근영여고점,전북 전주시 완산구 중화산동2가  652번지,전주시
전주혁신점,전라북도 전주시 완산구 오정1길 4 (중동  ),전주시
전주진북점,전라북도 전주시 덕진구 태진로 110 (진북동),전주시
전주시외버스터미널점,전라북도 전주시 덕진구 가리내로 33,전주시
전주팔복동점,"전라북도 전주시 덕진구 팔복동2가 242-2, 242-3",전주시
전주중화산동점,전북 전주시 완산구 서원로 283 1층 104-105호,전주시
전주만성점,전북 전주시 덕진구 만성로 128 (만성동) 1층 107호,전주시
전주에코점,"전북 전주시 덕진구 세병서로 22 103,104,105호",전주시
전주효천우미린점,"전북 전주시 완산구 효천천변길 20 (효자동2가) 제1동 1층 104호, 2층 202호",전주시
전주서부시장점,전라북도 전주시 완산구 용머리로 167 (효자동1가  ),전주시
전주휴먼시아점,전북 전주시 완산구 봉곡로 29 (효자동3가) 1층,전주시
전주기지제호수점,전북 전주시 덕진구 중동로 104-6 (장동) 1층 101호,전주시
전주만성골드점,전북 전주시 덕진구 만성북로 51-5 (만성동) 1층 101호,전주시
전주북일점,전북 전주시 덕진구 안골4길 4 (인후동1가) 1층 106호,전주시
전주서신바구멀점,전북 전주시 완산구 전룡로 102 (서신동) 1층,전주시
전주효자우전점,전북 전주시 완산구 우전2길 34 (효자동2가) 1층,전주시
전북대병원점,"전북 전주시 덕진구 건지로 20 (금암동, 전북대학교병원) 호흡기센터 1층",전주시
전주시청점,"전북 전주시 완산구 노송광장로 7 (서노송동, 전주빌딩) 1층",전주시
전주안골네거리점,전북 전주시 덕진구 인후동1가  772-6,전주시
전주고사점,전북 전주시 완산구 고사동 55-6,전주시
전주평화점,전북 전주시 완산구 평화동2가 890-2,전주시
전주삼천점,전북 전주시 완산구 효자동1가  669-4 이디야 커피,전주시
전주효자점,전북 전주시 완산구 효자천변2길 11 1층,전주시
전주서신점,전라북도 전주시 완산구 여울로 17-8 (서신동 호암빌딩 ),전주시
전주인후점,전북 전주시 덕진구 인후동1가  846-4,전주시
전주서신주민센터점,전북 전주시 완산구 서신동  815-2,전주시
전주평화사거리점,전북 전주시 완산구 평화동1가 731-12 한별빌딩1층,전주시
전주한옥마을점,전라북도 전주시 완산구 팔달로 130-1,전주시
전주고속터미널점,전북 전주시 덕진구 금암동 767-2 고속터미널 106호,전주시
전북대구정문점,전북 전주시 덕진구 권삼득로 313 (금암동)2.3층,전주시
전주아중리점,전북 전주시 덕진구 석소로 10 1층 101호,전주시
전주본병원점,"전북 전주시 완산구 화산천변6길 3 101호(중화산동2가, MK빌딩)",전주시
전주중산점,전북 전주시 완산구 중화산동2가  613-9,전주시
전북도청점,전북 전주시 완산구 효자동3가  1528-15번지,전주시
전주신시가지점,전북 전주시 완산구 효자동2가  1227-2,전주시
전주서곡지구점,전북 전주시 완산구 효자동3가  1450-5,전주시
전주KBS점,전라북도 전주시 완산구 마전2길 17-8 (효자동3가  ) (효자동3가 1643-5),전주시
익산모현점,전북 익산시 모현동1가  선화로1길 4 109 (배산시티프라자),익산시
익산영등동점,"전북 익산시 무왕로 1072-1 (영등동, 2층)",익산시
익산동산동점,전북 익산시 동산동  1056-4,익산시
익산어양동점,전북 익산시 어양동  637-4 베스트빌딩1층,익산시
익산제일점,전북 익산시 영등동  767-1,익산시
익산역점,전라북도 익산시 익산대로 158 (중앙동1가),익산시
동익산점,전라북도 익산시 평동로 748 (동산동) 1층,익산시
익산시청점,전북 익산시 인북로32길 10 1층 (남중동),익산시
익산송학점,전북 익산시 평동로 509-21 (송학동) 1층,익산시
익산함열점,전북 익산시 함열읍 와리 673-4,익산시
익산서해고속점,전북 익산시 무왕로 799 (신용동),익산시
익산역서부점,전북특별자치도 익산시 고현로 42 (송학동) 이디야커피(익산역서부점),익산시
군산이마트점,전북 군산시 경암동 590-296,군산시
군산신시가지점,전북 군산시 동수송안길 31,군산시
군산수송동점,전라북도 군산시 수송로 174,군산시
군산산북동점,전라북도 군산시 동아로 155,군산시
군산나운로데오점,전라북도 군산시 수송로 34,군산시
군산미장점,전북 군산시 미장안길 7 (미장동),군산시
군산조촌점,전북 군산시 경촌2길 36-2 (조촌동),군산시
군산시민문화회관점,"전북 군산시 대학로 316 (나운동, 시민프라자) 1층 106호",군산시
군산산북서해랑점,전북특별자치도 군산시 부원로 129 (산북동),군산시
정읍수성점,전북 정읍시 수성동  933-4,정읍시
정읍상동점,전북 정읍시 상동  312-27,정읍시
김제터미널점,전북 김제시 요촌동  47-24 (동서로241),김제시
김제중앙점,전북 김제시 동서로 171 (요촌동)이디야커피,김제시
김제금산사점,전북 김제시 금산면 모악로 464 1층,김제시
새만금수국섬DI점,전북 김제시 진봉면 심포리 2417,김제시
완주봉동점,전북 완주군 봉동읍 둔산리 900-18,완주군
전북모악점,전라북도 완주군 모악산길 107 (구이면  ),완주군
전북진안점,전북 진안군 진안읍 우화산길 9,진안군
진안마이산점,전북 진안군 부귀면 전진로 2687 이디야커피,진안군
무주점,전북 무주군 무주읍 향학로 37 1층,무주군
장수점,전북 장수군 장수읍 싸리재로 6,장수군
전북임실점,전라북도 임실군 운수로 19,임실군
순창점,전북 순창군 순창읍 남계리 542-2,순창군
부안격포점,전북 부안군 변산면 격포로 144,부안군
부안내소사점,전북 부안군 진서면 내소사로 183 (석포리) 이디야커피,부안군
부안석정로점,전북 부안군 부안읍 석정로 279 103호,부안군
부안관광호텔점,전북 부안군 행안면 변산로 70-1,부안군
부안격포채석강점,전북특별자치도 부안군 변산면 변산해변로 27 이디야커피(채석강점),부안군
전북부안점,전북특별자치도 부안군 부안읍 석정로 234 1층 102호,부안군
목포평화광장점,전남 목포시 상동  1159-13,목포시
목포대성점,전라남도 목포시 양을로 59,목포시
목포북항점,"전남 목포시 청호로219번길 34-15 1층 C104호 C204호(산정동, 목포북항씨푸드타운2차)",목포시
목포부영점,전남 목포시 옥암로 42 2동(옥암동),목포시
목포법원점,전남 목포시 후광대로105번길 13 (옥암동) 1층,목포시
목포기독병원점,전남 목포시 백년대로297번길 7 (상동) 이디야커피,목포시
여수여문점,전남 여수시 여서로 164 (여서동) 1층,여수시
여수일출정점,전남 여수시 자산4길 45,여수시
여수거북공원점,전남 여수시 흥국로 32 1층,여수시
여수원예농협하나로마트점,전남 여수시 무선로 219 (화장동) 1층,여수시
여수하나로마트죽림호수점,전남 여수시 소라면 화양로 2013 2층,여수시
여수연등메트하임점,전남 여수시 좌수영로 101 (연등동),여수시
여수향일암점,전남 여수시 돌산읍 향일암로 70-5,여수시
여수문수하나로마트점,전남 여수시 여문2로 40 (문수동) 1층,여수시
여수국동점,전남 여수시 국동남6길 49-10 (국동) 상가동 101호 이디야커피,여수시
여수주동사거리점,전남 여수시 주동로 126 (주삼동) 1층 120호,여수시
여수돌산우두리점,전남 여수시 돌산읍 강남해안로 76,여수시
여수진남관점,"전남 여수시 진남상가길 2 (중앙동) 1층,2층",여수시
여수웅천웅동점,전남 여수시 웅천5길 11 (웅천동) 2층,여수시
여수웅천디아일랜드점,전남 여수시 웅천남4로 17 (웅천동) A동 152호,여수시
여수시청점,전라남도 여수시 시청동1길 17,여수시
여수화장점,전남 여수시 화산로 42-1 (화장동) 1층,여수시
여수봉계점,전남 여수시 봉계대곡길 32 (봉계동) 2층,여수시
여수선소점,전남 여수시 소호로 614 (학동) 1층 101호,여수시
여수학동점,"전남 여수시 시청로 42 (학동, 진남빌딩) 1층",여수시
여수한재DT점,전남 여수시 한재로 118 이디야커피,여수시
여수신기점,전남 여수시 새터로 61 (신기동) 1층 2호,여수시
여수죽림점,전라남도 여수시 소라면 죽림2길 34-11 (죽림리) 1층,여수시
여수대교동점,전남 여수시 대교로 30 1층(봉산동),여수시
여수쌍봉점,전남 여수시 흥국로 32 1층 (학동),여수시
여수소호점,전남 여수시 소호로 481,여수시
여수도원점,전남 여수시 무선로 55 1층,여수시
여수엑스포점,전라남도 여수시 오동도로 61-18,여수시
여수여서점,전라남도 여수시 여서1로 59,여수시
순천금당동부점,"전남 순천시 기적의도서관1길 21 (조례동, 동부직업전문학교) 1층",순천시
순천풍덕초교점,전남 순천시 팔마1길 3 1층,순천시
순천트리마제점,"전남 순천시 왕조로 55 (조례동, 트리마제 순천 1단지) 129동 105, 106",순천시
순천대대학본부점,"전남 순천시 중앙로 255 (석현동, 순천대학교) 대학본부2층(석현동, 순천대학교)",순천시
순천홈플러스점,"전남 순천시 신월큰길 10 (조례동, 삼성홈플러스) 지1층",순천시
순천서면점,전남 순천시 서면 삼산로 299 1층,순천시
순천와온해변점,전남 순천시 해룡면 와온길 241 1층,순천시
순천조례주공점,"전남 순천시 이수로 281 (조례동, 주공2차아파트) 108,109호",순천시
순천대정문점,전남 순천시 중앙로 270 1층,순천시
순천연향2지구점,"전남 순천시 율산길 48 (연향동, 투다리) 1층",순천시
순천법원점,전남 순천시 왕지5길 13-5 1층,순천시
순천이마트점,전라남도 순천시 팔마로 191,순천시
순천호수공원점,전남 순천시 왕지동 882-14 이디야커피,순천시
순천용당점,전남 순천시 삼산로 103-9 (용당동) 2동 1층 2호,순천시
순천연향점,전남 순천시 연향번영길 102 (연향동),순천시
순천왕지점,전남 순천시 왕궁길 25 이디야커피(순천왕지점),순천시
순천금당신흥점,전남 순천시 장선배기길 110 1층,순천시
순천금당버드내점,전남 순천시 대석길 46 1층(연향동),순천시
순천역점,전남 순천시 팔마로 126 (조곡동),순천시
순천오천점,전남 순천시 오천5길 8 (오천동),순천시
순천신대점,전남 순천시 해룡면 신대1길 4-21 1층 104호,순천시
나주빛가람종합병원점,전남 나주시 빛가람동 235-1 (에스엠주차타워) 1층,나주시
광양마동점,전남 광양시 사동로 180 (마동),광양시
광양칠성점,전남 광양시 광양읍 매천로 739 1층 일부,광양시
광양홈플러스점,전남 광양시 항만11로 70,광양시
광양덕례점,전남 광양시 광양읍 대림오성로 59 1층,광양시
광양시청점,전남 광양시 중마중앙로 149 (중동) 1층,광양시
광양포스코복지센터점,"전남 광양시 희망1길 69 (금호동, 금호복지센터) 1층",광양시
광양선강식당점,전남 광양시 폭포사랑길 55 포스코광양제철소 이디야 광양선강식당,광양시
담양터미널점,전남 담양군 담양읍 중앙로 21,담양군
곡성점,전남 곡성군 곡성읍 곡성로 817,곡성군
구례점,전남 구례군 구례읍 중앙로 41 이디야커피,구례군
고흥녹동점,전남 고흥군 도양읍 녹동신항1길 32 1층,고흥군
고흥점,전남 고흥군 고흥읍 봉동주공길 11-2,고흥군
고흥군청점,전남 고흥군 고흥읍 고흥군청로 26 102호,고흥군
화순점,전라남도 화순군 만연로 48-2,화순군
화순삼천리점,전남 화순군 화순읍 쌍충로 27,화순군
전남장흥점,전남 장흥군 장흥읍 동교로 36-5 1층,장흥군
강진점,전남 강진군 강진읍 영랑로 5,강진군
해남터미널점,전남 해남군 해남읍 중앙1로 2-14 101호,해남군
해남구교점,전남 해남군 해남읍 구교3길 8-3 101호,해남군
영암삼호점,전남 영암군 삼호읍 대불주거로 211,영암군
영암점,전남 영암군 영암읍 동문안1길 7-6 1층,영암군
목포대점,전남 무안군 청계면 도림길 92-2,무안군
무안점,전남 무안군 무안읍 불무로 28 (황소식당) 1층,무안군
무안오룡지구점,"전남 무안군 일로읍 오룡번영3로 40 (위드유타워) 101, 102, 201호",무안군
무안남악롯데마트점,전남 무안군 삼향읍 남악로162번길 80 2층,무안군
무안국제공항점,전남 무안군 망운면 피서리 1050 (무안국제공항),무안군
함평점,전남 함평군 함평읍 중앙길 35 (일반상가) 1층,함평군
영광점,전남 영광군 영광읍 신남로 150 1층,영광군
장성점,전남 장성군 장성읍 영천로 162,장성군
상무대포병학교점,전남 장성군 삼서면 태청로 428,장성군
완도점,전남 완도군 완도읍 개포로114번길 30,완도군
진도터미널점,전남 진도군 진도읍 남문길 4 이디야(진도터미널점),진도군
신안임자하나로마트점,전남 신안군 임자면 임자로 123,신안군
신안천사DI점,전남 신안군 압해읍 압해로 820,신안군
광주충파점,광주광역시 동구 중앙로 180,동구
광주상무롯데마트점,광주 서구 시청로 40 1층(치평동),서구
광주화정점,광주 서구 화운로83번길 25 (화정동),서구
광주화정현대점,광주 서구 군분로139번길 17,서구
광주동천점,광주 서구 하남대로 656 1층(동천동),서구
광주금호운천점,"광주 서구 운천로 129 (쌍촌동) 1층 104호, 2층 202호",서구
광주첨단신용점,광주광역시 북구 첨단연신로133번길 4,북구
광주서방지오점,광주 북구 서암대로 315 1층(우산동),북구
광주두암센트럴점,"광주 북구 군왕로 51 1,2층(두암동)",북구
전남대상대점,광주 북구 설죽로202번길 71 1층,북구
광주소촌점,광주광역시 광산구 소촌로 92 (소촌동) 1층,광산구
광주송정역점,광주 광산구 상무대로 210-1,광산구
광주하남점,"광주 광산구 사암로 251 (월곡동, 하남부영아파트) 1층",광산구
광주비아점,광주 광산구 비아동 90-38,광산구
광주첨단LC타워점,광주 광산구 첨단중앙로 96 (월계동) 108호,광산구
광주공군비행장점,광주 광산구 송도로114번길 53 (황룡동) 선봉스포렉스 이디야커피,광산구
광주수완솔빛점,광주 광산구 왕버들로 137 (수완동) 1층 102호,광산구
광주신창왕버들로점,"광주 광산구 왕버들로 255 (신창동, 정원씨티캐슬) 102호",광산구
광주운남삼성점,광주 광산구 임방울대로 142-10 (운남동) 1층 상가중 1칸 - 동쪽편,광산구
광주평동역점,광주 광산구 평동로 851 (옥동) 1층 101호,광산구
광주하남2지구점,광주 광산구 손재로110번길 45 (하남동) 103호,광산구
광주신가사거리점,광주 광산구 수등로 243 (신가동) 1층,광산구
광주무역회관점,광주광역시 광산구 무진대로 282  2층,광산구
광주첨단쌍암점,광주 광산구 월계로 223-13,광산구
광주보건대점,광주 광산구 장신로 326 1층,광산구
광주하남CGV점,광주 광산구 용아로400번길 30 2층 2009호 (산정동),광산구
광주수완장덕점,광주 광산구 장신로 81 1층 109호,광산구
광주하남3지구점,광주 광산구 하남울로12번하길 10 1층 (하남동),광산구
광주송정DI점,"광주 광산구 상무대로 277-1 1,2층(소촌동)",광산구
광주우산사암로점,광주 광산구 사암로106번길 119 1층(우산동),광산구
광주수완중앙점,광주 광산구 수완로 16 1층(수완동),광산구
광주수완신가점,광주 광산구 수등로94번길 8-5 1층(신가동),광산구
광주수완롯데마트점,광주 광산구 장신로 98 (장덕동) 2층,광산구
광주첨단점,"광주 광산구 첨단중앙로170번길 20 1,2층 101,201호 (쌍암동,원프라자빌딩)",광산구
제주중앙점,제주 제주시 일도1동 1473-1,제주시
제주연동점,제주 제주시 연동 272-1,제주시
제주한림점,제주특별자치도 제주시 한림읍 한림로 711 102호,제주시
제주삼도점,"제주특별자치도 제주시 서사로 90 101, 201호(삼도일동)",제주시
제주연북로점,제주특별자치도 제주시 연북로 34 (노형동) 1층,제주시
제주화북점,제주특별자치도 제주시 동화로 12 (화북일동) 101호,제주시
제주시청고산동산점,"제주특별자치도 제주시 중앙로 264 (이도이동, 위드빌) 1층 101호",제주시
제주외도점,제주특별자치도 제주시 우정로5길 4 (외도일동) 1층,제주시
제주삼화점,"제주특별자치도 제주시 건주로 66 (도련일동) 102,103호 (도련일동)",제주시
제주하귀점,제주특별자치도 제주시 애월읍 하귀9길 29 (입곱별) 1층,제주시
제주애월하나로마트점,제주특별자치도 제주시 애월읍 애원로 41 (애월농협협동조합) 가동 1층,제주시
제주일도점,제주특별자치도 제주시 연수로3길 3,제주시
서귀포이마트점,제주 서귀포시 법환동   841-2 이마트서귀포점 내 1층(푸드코트옆),서귀포시
제주중문점(X),제주특별자치도 서귀포시 중문관광로 42 1층(색달동),서귀포시
서귀포동홍점,제주특별자치도 서귀포시 동홍동로 9 1층,서귀포시
서귀포홈플러스점,"제주특별자치도 서귀포시 중앙로 180 (동홍동, 홈플러스서귀포점) 3층",서귀포시
제주중문점,제주특별자치도 서귀포시 중문관광로 42 (색달동) 1층(색달동),서귀포시
제주영어도시점,제주특별자치도 서귀포시 대정읍 에듀시티로50번길 6,서귀포시
서귀포서홍점,제주특별자치도 서귀포시 홍중로 99,서귀포시
