매장명,주소,전화번호
남양주2청사점,"경기도 남양주시 경춘로 490, 주건축물제1동 1층 1172호 (다산동,힐스테이트 지금 디포레)",031-558-3370
파주운정산내점,경기도 파주시 청암로17번길 51,031-944-3383
송도센트럴점,인천광역시 연수구 센트럴로 194,032-833-0033
신세계대전점,"대전광역시 유성구 엑스포로 1,대전신세계 타트앤사이언스 지하 1층 A67호(도룡동)",번호없음
익산미륵사지휴게소점,전라북도 익산시 여산면 호남고속도로 191 공차 익산미륵사지휴게소점,번호없음
하남미사학원가점,"경기도 하남시 미사강변대로 34번길 72, 골든프라자 105호",031-795-8850
롯데부산광복2호점,"부산광역시 중구 중앙대로 2, 4층",번호없음
잠실월드몰점,서울 송파구 올림픽로 300 지하1층,번호없음
인천터미널점,"인천 미추홀구 연남로 35, 인천종합터미널 1층 대합실",032-426-3370
트레이더스양산점,경상남도 양산시 평산로 16,번호없음
함안휴게소부산방향점,"경상남도 함안군 군북면 현포로205(유현리993-6), 함안휴게소 부산방향 1층",055-582-2191
서대문역점,"서울특별시 서대문구 통일로 139, 1층 102호(냉천동)",02-313-3796
킨텍스점,경기도 고양시 일산서구 킨텍스로 217-60,031-995-8328
신대방삼거리점,"서울특별시 동작구 상도로 103, 1층(상도동)",02-3665-3995
부산동래역점,"부산시 동래구 온천천로 165, 102동 1층 107호",번호없음
덕유산휴게소 하남방향점,전북 무주군 안성면 공진리 471(통영대전고속도로),번호없음
덕유산휴게소 통영방향점,전북 장수군 계북면 양악리 산4-7(통영대전고속도로),번호없음
한국종합기술사옥점,"서울특별시 강동구 상일로6길 21, 한국종합기술사옥 1층(상일동)",번호없음
천안신부점,충남 천안시 동남구 만남로 50 1층 103호,041-555-3234
대치사거리점,서울시 강남구 대치동 961-1,번호없음
압구정로데오점,"서울특별시 강남구 선릉로 153길 12, 103호",02-544-8850
신논현점,서울시 강남구 강남대로 484 1층,02-544-7750
평창자연휴게소인천방향점,강원 평창군 용평면 탑거리길 63 평창자연휴게소 인천방향,번호없음
동두천지행역점,"경기도 동두천시 동두천로 119, 1층 108호 (지행동, 지행역프라자)",번호없음
창원중동유니시티점,"경상남도 창원시 의창구 중동북로 23, 제이디윙스빌딩 1동 1층 108호 (중동)",번호없음
함안휴게소 순천방향점,"경상남도 함안군 현포로205-1, 함안휴게소 순천방향 1층",053-719-2699
화곡역점,서울특별시 강서구 화곡동 1066-10 105호,번호없음
김포고촌점,"경기도 김포시 고촌읍 태리로 285, 109호",031-992-8000
동작구청점,"서울특별시 동작구 장승배기로 70, 특별임대상가내 1층 5,6호",02-822-3370
부산전포역점,"부산광역시 부산진구 전포대로200번길 13, 1층 (전포동)",번호없음
송파방이점,서울특별시 송파구 오금로11길 6,02-420-3370
숭실대점,동작구 사당로 12 1층,070-7525-5889
성수점,"서울특별시 성동구 아차산로 132, 1층 102호(성수동 2가)",02-462-3371
대전상대본점,"대전시 유성구 상대복용로29번길 9-5, 2층 201호(상대동)",042-710-6188
트레이더스구월점,"인천시 남동구 매소홀로 759, 트레이더스 구월점 1층",032-472-5864
서울여대점,"서울특별시 노원구 화랑로 621, 학생누리관동 1층 101호 ( 공릉동, 서울여자대학교)",02-971-3370
화양사거리점,"서울특별시 광진구 동일로 178, 1층 110호 ( 화양동, 광진캠퍼스시티)",02-469-0827
완주삼봉지구점,전북특별자치도 완주군 삼례읍 삼봉3로 16,070-4006-0901
신림점,"서울특별시 관악구 신림로 323, 1층 106호",-
원그로브점,"서울특별시 강서구 공항대로 165, B동 1층 E120 (마곡동)",02-6953-5380
신풍역점,서울 영등포구 신풍로 28,070-4006-0901
롯데몰광명점,"경기 광명시 일직로 17, 롯데몰광명 3층 델리테라스",02-6226-2378
단대오거리역점,"경기도 성남시 중원구 산성대로372번길 9, 1층(금광동,원광빌딩)",-
고양원당점,경기 고양시 덕양구 호국로 826 1층,-
예술의전당점,"서울시 서초구 남부순환로 2406, 예술의전당 비타민스테이션 1층(서초동)",02-581- 3346
광주용봉지구점,"광주광역시 북구 용봉택지로 39, 103호(용봉동, G플레이스 용봉)",062-522-0922
영산고속도로휴게소점,경남 창녕군 영산면 장척호수길 56-110,-
경주월드점,"경상북도 경주시 보문로 544, B-111동 (천군동, 경주월드)",-
송도오네스타점,"인천 연수구 송도국제대로 157, 지상1층 A-114호(송도동, 오네스타)",032-821-7779
서충주기업신도시점,"충주시 중앙탑면 원앙9길 15, A-2동 118호",043-848-2326
수원아주대점,경기도 수원시 팔달구 아주로41,031-211-8898
롯데부산광복점,"부산광역시 중구 중앙대로 2, 지하1층(동광동1가, 롯데백화점광복점)",-
부산교대정문점,"부산광역시 연제구 교대로8, 1층",-
구의이스트폴점,"서울특별시 광진구 아차산로 420, 1층 판매시설 7호 (자양동, 롯데캐슬이스트폴)(자양동)",02-455-0143
선릉중앙점,"서울특별시 강남구 선릉로86길 7, 삼정빌딩 1층",02-555-3011
거제아주점,"경상남도 거제시 아주1로 38, 1층 (아주동)",-
부산온천천점,부산광역시 연제구 세병로 84,-
교대지파이브점,"서울특별시 서초구 서초중앙로24길 27, 104호 (서초동,G5센트럴프라자)",02-6677-0707
마들역점,"서울특별시 노원구 동일로 1541, 1층 107호 ( 상계동 , 11단지 종합상가 )",070-4006-3823
평택성모병원점,"경기도 평택시 평택로 284, 1층(세교동)",031-657-4951
롯데동탄점,"경기 화성시 동탄역로 160, 롯데백화점 동탄점 B1",031-8036-3550
강동아이파크더리버점,"서울특별시 강동구 고덕비즈밸리로 51, 지1층 B108-2호(고덕동)",-
목동행복한점,"서울특별시 양천구 목동동로 309, 1층(목동, 행복한 백화점(㈜중소기업유통센터)",-
롯데시네마대전센트럴점,"대전광역시 서구 대덕대로 216, 6층",-
거제수월점,"경남 거제시 제산로 2-2, 1층",055-950-3155
대전한화생명볼파크점,"대전광역시 중구 대종로 373, 베이스볼드림파크1층 메인게이트옆호(부사동)",-
광명역점,"경기도 광명시 신기로 7, 1층 104호(일직동, 골드스타빌딩)",02-897-5989
두산연강빌딩점,"서울특별시 종로구 종로33길 15, 1층 일부호(연지동, 두산아트센터)",02-2088-2201
트레이더스 마곡점,"서울특별시 강서구 공항대로 165, 지하2층 일부호(마곡동)",-
세종아름점,"세종특별자치시 보듬3로 101, 주건축물 1동 102호(아름동)",044-862-4739
부산서면동천로점,"부산광역시 부산진구 동천로 95, 1층 일부(부전동)",-
인스파이어리조트점,인천시 중구 공항문화로 127 인스파이어리조트 아레나홀 R층,032-215-0024
충주호암점,충청북도 충주시 호암토성2로 3 1층 102호,043-910-0909
둔촌동역점,"서울특별시 강동구 양재대로 1371, 1층 6호(성내동, 둔촌빌딩)",02-478-3360
파주운정로데오점,"경기도 파주시 경의로 1224, 1층 133호 (와동동, 운정역HB하우스토리시티)",031-8035-6698
(주)나라교역카페공칠삼이간절곶점,울산광역시 울주군 서생면 간절곶1길 25-6,052-238-5500
홈플러스북수원점,"경기도 수원시 장안구 경수대로 930, 1층 일부호(조원동, 홈플러스 북수원점)",-
롯데마트구미점,"경상북도 구미시 구미대로22길 11, 2층(신평동, 롯데마트구미점)",054-465-3370
중랑구청점,"서울특별시 중랑구 봉화산로 194, 1층 111, 112호(신내동, 신아타운)",02-3421-3370
시흥하늘휴게소점,경기도 시흥시 수도권제1순환고속도로 105 2층,-
평택호휴게소점,"경기도 평택시 현덕면 평택호3길 63, 1동 1층(평택호 휴게소 주건축물)",-
인천국제공항 T2 2호점,"인천시 중구 제2터미널대로 446, 제2여객터미널 L/S 3층",032-743-7669
광주충장점,광주광역시 동구 중앙로162-1,062-665-2500
부산공항덕두점,"부산광역시 강서구 공항로811번가길 7, 1층(대저2동)",-
서귀포신시가지점,"제주특별자치도 서귀포시 신서로 52번길 24, 1층(강정동)",064-739-7010
인천국제공항 T2 1호점,"인천시 중구 제2터미널대로 446, 제2여객터미널 A/S 3층",032-743-7668
해운대LCT점,"부산광역시 해운대구 달맞이길 30, 제포디움동 1층 1042호(중동, 엘시티)",051-731-3371
신촌점,"서울특별시 서대문구 신촌로 109, 1층 101호(창천동, 신촌르메이에르타운5)",010-5171-0775
퍼블릭가산점,"서울특별시 금천구 디지털로 178, 현대지식사업센터 가산퍼블릭 B동 1층 M-129호(가산동)",02-2114-8334
부산종합버스터미널점,"부산광역시 금정구 중앙대로 2238, 2층 1호(노포동, 부산종합버스터미널)",-
천호역점,"서울특별시 강동구 천호대로 1024, 1층 130호 (성내동, 힐스테이트 천호역 젠트리스)",-
이마트문현점,"부산광역시 남구 전포대로91번길 47(문현동, 이마트)",-
종로구청점,"서울특별시 종로구 삼봉로 81, 1층 107호(수송동, 두산위브파빌리온)",02-730-3371
분당정자학원가점,"경기도 성남시 분당구 정자일로 240, 104호(정자동, 월드프라자)",031-602-9367
세종해밀산울점,"세종 산울2로 10, 근생A동 2층 216,217호",044-862-7738
명지대점,"서울특별시 서대문구 거북골로 33, 1층 101~103호(남가좌동)",02-322-1222
여주프리미엄빌리지점,"경기도 여주시 명품1로 22-1, 2동 4-4 103호(상거동, 여주프리미엄빌리지)",-
이천갈산점,"경기도 이천시 안흥로 72, 1동 1층 102-6호(갈산동,스마트빌딩)",031-635-7731
구파발역점,"서울특별시 은평구 진관2로 15-8, 1층 105호",02-352-3330
공덕점,"서울특별시 마포구 백범로31길 7, 1층 제비113,114호(공덕동, 공덕 SK리더스뷰)",02-795-6106
대치학원가점,"서울특별시 강남구 삼성로 307, 1층(대치동)",02-564-0807
울산병영점,울산광역시 중구 번영로 568 1층(남외동),-
발산역점,"서울특별시 강서구 강서로 385, 1층 114호(마곡동, 우성에스비타워)",02-3665-9976
대치역점,"서울특별시 강남구 삼성로 155, 1층 120호(대치동, 대치퍼스트빌딩)",02-501-0807
수유사거리점,서울특별시 강북구 덕릉로 82. 제네스타워 107호 (수유동),02-981-3900
영종운서중앙점,"인천광역시 중구 흰바위로 236, 1층 106,107호(운남동)",032-752-0705
스타필드시티위례점,"경기 하남시 학암동 위례대로 200 스타필드시티위례점 2층, 2201호",031-8097-1299
인천검단법원점,"인천광역시 서구 이음3로 145, 103호(당하동, JK타워)",032-564-0088
오류동역점,"서울특별시 구로구 경인로 20길 9, 1층(오류동)",070-8633-0822
롯데시네마동탄점,경기 화성시 동탄역로 160 (오산동) 롯데시네마 동탄(롯데백화점 7F),1544-8855
고려대중앙광장점,"서울특별시 성북구 안암로 145, 중앙광장동 지하1층 109A호(안암동5가, 고려대학교 안암캠퍼스)",02-925-9556
강남본점,서울시 강남구 테헤란로 115,02-558-3390
삼성전자DSR타워점,"경기도 화성시 삼성전자로 1(반월동), DSR타워 B동 1층",031-205-7730
파주동패점,"경기도 파주시 청석로 115, 1층 108호(동패동, 반석프라자)",031-948-3370
양주덕계점,"경기도 양주시 회천중앙로 240, 101호 (덕계동, 센트럴본타워)",070-4793-8770
선릉역점,"서울시 강남구 테헤란로 411, 성담빌딩 1층",02-562-3370
가락몰점,"서울특별시 송파구 양재대로 932, 비동 지하1층 4-1호(가락동, 농수산물시장)",02-408-1661
롯데백화점센텀점,"부산광역시 해운대구 센텀남대로59, 지하2층(우동, 롯데백화점센텀시티점)",051-730-3900
청도새마을휴게소하행점,경상북도 청도군 청도읍 하지길 59-49,미설치
청도새마을휴게소상행점,경상북도 청도군 청도읍 하지길 59-50,미설치
충남예산점,"충남 예산군 예산읍 역전로 139, 1층",041-332-0788
서산호수공원점,"충남 서산시 호수공원5로 34 , 1층 101호",041-453-7336
제주영어교육도시점,"제주특별자치도 서귀포시 대정읍 에듀시티로239번길 12, 1층",064-792-6377
안산중앙점,"경기도 안산시 단원구 예술대학로 17, 108호(고잔동, 안산중앙노블레스)",010-5391-0349
울산대점,"울산광역시 남구 대학로 96, 2층",052-224-8838
이마트중동점,"경기도 부천시 원미구 석천로 188, 1층 일부호 (중동, ㈜신세계이마트중동점)",032-323-7749
인천검암역로열파크씨티점,"인천광역시 서구 한들로 73, 상가 10동 1층 108호(백석동, 검암역로열파크씨티푸르지오2단지)",032-710-5652
인천검단사거리점,인천광역시 서구 완정로178번길 1 101호,032-567-3350
제주서귀포광장점,"제주특별자치도 서귀포시 일주동로 8662, 1층 (동홍동)",0000
스타필드수원점,"경기도 수원시 장안구 수성로 175, (스타필드수원점) 1층 1268호",031-690-1182
울산지웰시티점,"울산광역시 동구 서부로 51, B507호(서부동)",052-235-3371
갤러리아센터시티점,"충남 천안시 서북구 공원로 227, B1층",-
건대스타시티점,"서울특별시 광진구 아차산로 272, 스타시티몰 시티존 지상1층 에프100호",02-455-5500
제주탑동점,제주도 제주시 탑동로19,064-726-3370
일산라페스타점,"경기도 고양시 일산동구 무궁화로 31-1, 103호(장항동, 텐폴드프라자)",031-922-0454
충남금산점,"충남 금산군 금산읍 비단로315, 1층 102호",041-751-0475
대전월평점,"대전시 서구 청사서로 34, 1층",042-484-1178
대구담티역점,"대구광역시 수성구 교학로3, 3동 1층 2호(만촌동, 금탑아파트)",053-756-1212
부산서면문화로점,"부산광역시 부산진구 가야대로 783, 1층(부전동)",070-4215-1130
포천신읍점,경기도 포천시 포천로 1585번길 30-3(신읍동),031-533-9216
이마트양산점,"경상남도 양산시 양산역6길 12 ,푸드코트 내 1층(중부동,신세계이마트양산점)",055-372-0744
인천송도퍼스트파크점,"인천광역시 연수구 컨벤시아대로230번길 42, 1층 107호(송도동, 송도아라플라자)",032-833-9007
홍제역점,"서울특별시 서대문구 세무서길 11, 1층 1호(홍제동, 서대문세무서)",02-379-8430
양주고읍점,"경기도 양주시 고읍남로 18, 103호(광사동, 가보프라자)",031-856-7300
도곡점,"서울특별시 강남구 언주로 30길 21, A동 104-1호 (도곡동, 아카데미스위트)",02-575-2747
중곡역점,"서울특별시 광진구 능동로 413-1, 1층(중곡동)",02-465-3370
부산장림점,"부산광역시 사하구 장림번영로 97, 1층 103호",051-710-1001
화성봉담2지구점,"경기도 화성시 봉담읍 상리중심상가길 28-8, 1층 113호",031-292-0811
세종도담점,세종특별자치시 한누리대로 589 해피라움7 104호,041-3591-9121
나주혁신점,"전남 나주시 그린로195 101호, 105호 일부",061-335-1009
인천정각사거리점,"인천광역시 남동구 구월로 223, 1층 103호(구월동, 위너스프라자)",032-469-3370
울산매곡점,"울산광역시 북구 매곡본길 2, 1층(매곡동)",052-282-7001
롯데시네마월드타워점,"서울특별시 송파구 올림픽로 300. 7층 (신천동, 엔터동 롯데시네마)",미정
김포구래중앙점,"경기도 김포시 김포한강8로 386, 112호, 114호 일부(구래동, 김포센트럴프라자2)",031-981-3357
강동구청점,"서울특별시 강동구 성내로 20, 1층 104호(성내동)",02-474-2043
의정부고산점,"경기도 의정부시 서광로 135, 113호(산곡동, 센터프라자)",031-847-7730
김포운양역점,"경기도 김포시 김포한강11로 288-24, 1동 1층 112호(운양동)",031-998-5864
신세계아울렛부산점,부산광역시 기장군 장안읍 정관로 1133 신세계아울렛부산점 2층,051-940-1279
철산역점,"경기도 광명시 철산로 24, 104호(철산동, 다인빌딩)",02-2615-3370
삼성바이오로직스점,"인천광역시 연수구 송도바이오대로 300, 바이오플라자2 3층",032-811-3370
송파역점,"서울특별시 송파구 송파대로 345, 근린생활시설 1A동 1038호",02-6956-5388
탄천휴게소논산방향점,충남 공주시 탄천면 논산천안고속도로 27,-
롯데마트당진점,"충남 당진시 정안로 20, 롯데마트당진점 1층",041-3591-9121
부산대정문점,"부산광역시 금정구 부산대학로 60, 1층 일부",051-710-0615
분당구미점,"경기도 성남시 분당구 미금로 39, 107호(구미동, 로얄프라자)",-
인천연수점,"인천광역시 연수구 청능대로93, 106호, 106-1호 일부호(청학동, 이리옴프라자)",032-822-0719
파주운정점,"경기도 파주시 미래로 375, 101호(동패동, 삼성메디컬프라자)",031-944-3370
롯데마트서산점,"충남 서산시 충의로 27, 롯데마트서산점 B1층",041-665-3357
염창역점,"서울특별시 강서구 공항대로 635, 1층(염창동)",02-2659-6336
인천검단신도시점,"인천광역시 서구 이음대로 388, 1층 109호(원당동, ABM타워)",032-266-3350
더타운몰킨텍스점,"경기도 고양시 일산서구 킨텍스로 171, 일산 킨텍스 복합개발 2층 일부호(대화동)",-
반포삼호가든점,"서울시 서초구 서초중앙로 239, 1층 공차",02-594-3370
서울대점,"서울시 관악구 관악로 1, 63동 학생회관 1층 공차",02-874-3370
원광대병원점,전북 익산시 무왕로895 원광대병원 외래 3관 2층,063-855-7111
전농동사거리점,"서울특별시 동대문구 사가정로 111-2, 1층",02-2244-3370
이마트울산점,"울산광역시 남구 남중로 48,1층 (삼산동, 울산점 EMART )",미설치
롯데마트월드컵점,광주 서구 금화로240 롯데마트 월드컵경기장 1층,062-655-1011
시흥장현점,"경기도 시흥시 황고개로 536, 1층 101호~102호(장곡동)",031-312-0332
김해공항국내선점,부산광역시 강서구 공항진입로 108 국내선터미널 2층(대저2동),051-831-7735
분당현대R&D센터점,"경기도 성남시 분당구 분당수서로 477, 4층 일부호(정자동)",-
부산해운대구청점,부산광역시 해운대구 중동1로 26 1층,051-731-1215
당산역점,"서울특별시 영등포구 당산로 214, 상가1동 1층 108-2호(당산동5가, 당산 삼성 래미안)",02-2671-0782
부산마린시티점,부산광역시 해운대구 우동 1407번지 104동 144호,070 7543 0717
롯데월드점,"서울특별시 송파구 올림픽로 240, 롯데월드 지하1층 (로티로리광장)",-
분당미금역점,"경기도 성남시 분당구 돌마로 68, 119호,120호(구미동, 분당프라자)",031-717-7750
수원아이파크시티점,"경기 수원시 권선구 동수원로177번길 40, 수원아이파크시티 8단지 119,120호",031-234-9224
부산센텀점,부산광역시 해운대구 센텀중앙로 48 103호,051-747-0113
대구신암점,"대구광역시 동구 신암로 104, 1층 (신암동)",053-955-7001
광주운남점,광주광역시 광산구 하남대로154 1층 101호,062-962-3303
이마트분당점,"경기도 성남시 분당구 불정로 134, 1층 일부(정자동,이마트)",-
롯데마트평택점,"경기도 평택시 평택5로 30, 1층(합정동, 롯데마트 평택점)",031-652-3350
부산문현점,"부산광역시 남구 수영로 11, 1층(문현동)",-
문래점,"서울특별시 영등포구 선유로 76, 동국메뜨리앙 1층 107호(문래동3가)",02-2631-0404
대전유성온천점,대전광역시 유성구 온천로 45 109동 110호,042-824-0807
이마트포항점,"경상북도 포항시 남구 냉천로 10, 1층",미설치
천안백석점,"충남 천안시 서북구 한들3로 83,1층 107호",041-352-2223
용인둔전점,"경기도 용인시 처인구 포곡읍 포곡로 127, 1층 101호",031-335-3346
전북삼례점,전라북도 완주군 삼례읍 삼봉로 23,063-291-0755
메가마트양산덕계점,"경상남도 양산시 덕계로 60-1, 메가마트 덕계점 B동 1층 (덕계동)",055-381-9906
경산중산신도시점,경북 경산시 펜타힐즈2로 57 SM타워 106호,053-817-2520
양산범어점,"경상남도 양산시 물금읍 범어로 72, 102호",055-372 - 3350
신방화역점,"서울특별시 강서구 마곡중앙5로 81, 1층 101호(마곡동, 에스비타운)",02-2663-5575
학동전남대병원점,"광주광역시 동구 제봉로 29, 1층(학동)",062-972-1172
일산벨라시타점,"경기도 고양시 일산동구 강송로33, 지하 1층 일부호(백석동, 일산요진와이시티)",-
종암점,"서울특별시 성북구 종암로 120, 1층 101호",02-941-0388
세종종촌점,"세종특별자치시 달빛로 59, 108호(종촌동, 호만빌딩)",044-866-9950
광명하안점,"경기도 광명시 범안로 1043, 1층 101호(하안동, 원촌빌딩)",02-899-8052
광주신현점,"경기도 광주시 신현로 82, 1층 (신현동)",031-717-6052
아현역점,서울특별시 서대문구 신촌로35길 10,02-365-3370
세종고운점,세종특별자치시 세종로 1229 스타플레이스 1층 106호 (고운동 2092),044-999-4216
부산개금점,"부산광역시 부산진구 개금온정로6, 102호 (개금동, 개금블루스카이)",051-923-2754
고척아이파크몰점,"서울특별시 구로구 경인로43길 49, 1층  D-102호(고척동, 고척아이파크)",02-2066-5627
광주염주점,"광주광역시 서구 월드컵4강로 60, 1층",062-383-1002
화성송산그린시티점,"경기도 화성시 수노을중앙로 136, 110호(새솔동, 송산메가타워빌딩)",031-657-4951
롯데마트부평점,"인천광역시 부평구 마장로 296, 1층 (산곡동, 롯데마트부평점)",070-8881-1311
홈플러스센텀시티점,부산광역시 해운대구 센텀동로6 홈플러스센텀시티점 1층,미설치
롯데아울렛이시아폴리스점,"대구광역시 동구 팔공로49길 16, 1층 (봉무동, 이시아폴리스 라이프스타일 센터)",미설치
방학역점,"서울특별시 도봉구 도봉로150길 43, 1층, 108, 109호",02-956-1231
이마트연수점,"인천광역시 연수구 경원대로 184, 2층(동춘동, 이마트연수점)",031-652-3350
부산민락수변점,"부산광역시 수영구 민락수변로 49, 광안KCC스위첸 하버뷰 1층 113, 114호 (민락동)",051-
시흥능곡점,"경기도 시흥시 승지로 58, 102호(능곡동, 태영플라자)",031-317-6391
경북울진점,"경상북도 울진군 울진읍 연호로 8-1, 1층",054-783-9998
대구화원점,"대구광역시 달성군 화원읍 성화로2, 1층",053-637-7733
대구국제공항점,"대구광역시 동구 공항로 221, 2층(지저동, 대구국제공항)",053-983-7710
충주용산점,"충청북도 충주시 남산로 90, 1층",043-852-9196
용인언남점,"경기도 용인시 기흥구 구성로 103, 108호 (언남동, 멀티프라자)",031-287-3350
이마트광교점,"경기도 수원시 영통구 광교로 191, 1층",031-217-7730
이마트용산점,"서울시 용산구 한강대로23길 55, 이마트 지하2층 (한강로3가, 용산역)",02-2012-1209
부산서면점,부산광역시 부산진구 중앙대로692번길 22,051-803-1130
수원태장점,"경기도 수원시 영통구 영통로 107, 103호",031-202-7789
평택청북점,경기 평택시 청북읍 안청로 336,031-683-7758
롯데시네마평촌점,"경기도 안양시 동안구 시민대로 180, G.SQURE, 롯데백화점 평촌점 8층 (호계동)",031-8086-9956
부산거제리점,"부산광역시 연제구 아시아드대로88, 1층 (거제동)",051-714-4024
홈플러스강서점,"서울특별시 강서구 화곡로 398, 1층 X11,YE호 (등촌동, 홈플러스강서점앤본사사옥)",02-3661-3332
당진기지시점,충청남도 당진시 송악읍 기지시리 153-17 (반촌로 96),041-352-2223
광주송정점,"광주광역시 광산구 상무대로 210 , 1층 (송정동)",062-945-5250
고양지축점,"경기도 고양시 덕양구 지축1로 73, 1층 107호 (지축동)",02-381-0782
영등포역점,"서울 영등포구 영중로 10 1층, 2층",02-2676-7735
충북금왕점,충북 음성군 금왕읍 응천서길45번길 2,043-877-1218
남양주평내마을점,"경기도 남양주시 평내로29번길 41, 메인프라자 101호(평내동)",031-559-8810
양산서창점,"경상남도 양산시 삼호1길 46, 1층(삼호동)",055-365-1142
광주무등산자이점,"광주광역시 북구 서양로 155, 상가4동 1층 2,3호",062-523-4955
울산송정점,"울산광역시 북구 화산로 109, 어썸플레이스 1동 지상1층 105호(송정동)",052
여수웅천점,"전라남도 여수시 예울마루로 37-53, 상가동 1층 109호",061-684-0789
포천송우리점,경기도 포천시 소흘읍 송우로 79 1층 105호,031-542-4802
길동역점,"서울시 강동구 양재대로 1465, 1층 106호(길동,마루홈타운)",02-476-5271
청주개신점,"충북 청주시 서원구 모충로 11, 1층",043-277-0707
청주사천점,"충북 청주시 청원구 율봉로 142, 1층 104호(율량동, 아름빌딩)",043-211-9546
고양향동점,경기 고양시 덕양구 꽃마을로 4 1층 111호,070-7537-1963
AK금정점,"경기도 군포시 엘에스로 143, 2층 2010호 일부(금정동, 힐스테이트 금정역)",031-429-0626
부산역광장점,부산광역시 동구 중앙대로 197,051-441-1003
용인흥덕점,"경기도 용인시 기흥구 흥덕중앙로 41, 1층 111호 (영덕동, 흥덕웰스프라자)",031-548-1975
목포대점,"전남 무안군 청계면 승달산길 24, 상가동 1층 101호",061-452-0705
기흥역점,"경기도 용인시 기흥구 기흥역로 63(구갈동, 힐스테이트 기흥 301동 107호)",031-285-3370
광양읍점,전남 광양시 광양읍 희양현로 53 1층,061-761-9791
부천신중동점,"경기 부천시 길주로 270, 상가동 1층 105호(중동, 중동대우마이빌 Ⅱ)",032-213-0117
트레이더스동탄점,"경기도 화성시 동탄대로 451, 이마트트레이더스 1층",031-375-7740
원주문막점,"강원도 원주시 문막읍 건등로 47, 1층",033-734-6479
여주중앙점,경기 여주시 세종로 22 1층,031-886-0742
구미산동점,"경상북도 구미시 산동읍 신당2로 23, 1층 101호 (골든프라자)",054-715-3050
먹골역점,"서울시 중랑구 동일로 932, 127호",070-8691-4525
부평문화의거리점,"인천광역시 부평구 부평문화로 72-2, 1층 (부평동)",032-507-8889
이마트계양점,"인천 계양구 봉오대로 785, 이마트계양점 1층",032-555-5626
마포구청역점,"서울특별시 마포구 월드컵로 148, 1층(성산동)",070-8128-1166
부산센텀시티점,"부산광역시 해운대구 센텀2로20, 1층 104-1호 (우동, 센텀타워메디컬)",070-8648-1881
수원화서사거리점,"경기도 수원시 팔달구 동말로 81, 1층",031-256-7730
대구운암역점,"대구광역시 북구 구암로 140, 1층 (구암동)",053-241-0707
롯데시네마노원점,"서울특별시 노원구 동일로 1414, 롯데백화점 10층(상계동)",02
울산옥동점,"울산광역시 남구 문수로 323, 1층",052-227-3350
롯데마트계양점,"인천광역시 계양구 장제로 822, 2층 (계산동 롯데마트 계양점)",032-555-2627
화성향남점,"경기도 화성시 향남읍 발안로 113, 1층 103호 아스날 메디컬프라자)",031-366-0509
이마트익산점,"전라북도 익산시 평동로 705 , 1층 (동산동,E마트)",063-857-1008
의정부망월사역점,"경기도 의정부시 평화로 185-1, 1층,2층 (호원동)",031-873-7666
수원아주대병원점,"경기도 수원시 영통구 월드컵로 164, 지하1층 (원천동, 아주대학교병원 본관)",031-212-8211
화성봉담점,"경기도 화성시 봉담읍 동화길 85, 1층 102호 (이원타워)",031-293-7731
대구동아쇼핑점,"대구광역시 중구 달구벌대로 2085, 지하1층(덕산동, 동아쇼핑센터)",053-251-3920
아산탕정역점,충남 아산시 탕정면 한들물빛5로 36 H동 101호,041-542-7730
마곡역점,"서울특별시 강서구 공항대로 168, 1층 107호(마곡동,747)",02-2662-3028
이마트신제주점,"제주특별자치도 제주시 1100로 3348, 이마트신제주점 1층",064-743-0782
의정부신곡점,경기 의정부시 발곡로 30(신곡동),031-824-0807
광주태전점,"경기도 광주시 태봉로 145-5, 101호 (태전동)",031-798-0535
대구서재점,"대구광역시 달성군 다사읍 서재로7길 6, 1층(101호)",053-585-1508
정읍수성점,전라북도 정읍시 수성2로 37(수성동),063-535-2725
의왕내손점,"경기도 의왕시 내손중앙로 4, 제지 1층 106호(내손동)",031-426-4147
이마트통영점,경상남도 통영시 광도면 죽림4로 9 (이마트통영점) 1층,055-645-4578
부산사상터미널점,"부산광역시 사상구 사상로 201, 1층 (서부시외버스터미널)",051-323-7730
롯데마트울산점,"울산광역시 남구 삼산로 74, 1층(달동, 롯데마트울산점)",010-6374-3106
성신여대점,"서울특별시 성북구 동소문로 22길 4, 1층(동선동1가)",02-6080-8069
일원역점,"서울시 강남구 일원로 115, 1층 109호 (일원동, 삼성생명 일원역 빌딩)",024518430
강원양구점,강원도 양구군 양구읍 양록길 102,033-481-3187
평택동삭점,"경기도 평택시 동삭로 370-4, 1층",031-653-5002
전주예수병원점,"전라북도 전주시 완산구 서원로 365, 2층(중화산동1가, 예수병원)",063-283-1008
우장산역점,"서울특별시 강서구 강서로 259, 1층 104호",02-2065-0507
이마트안성점,"경기도 안성시 중앙로 246, 1층",번호없음
서초우성점,"서울특별시 서초구 사임당로 174, 105호",02-588-7377
청주테크노폴리스점,"충북 청주시 흥덕구 송화로166번길  7-21, 1층 106호",043-268-7907
충북혁신도시음성점,"충북 음성군 맹동면 대하로 227, 가동 1층 112호",043-877-3370
인천용현점,"인천광역시 미추홀구 매소홀로 75, 1층 (용현동)",070-4300-0403
롯데월드어드벤처부산점,부산광역시 기장군 기장읍 동부산관광로 42,051-794-5930
금천독산점,"서울특별시 금천구 시흥대로 399, 1층 106호 (독산동, 시티렉스)",02-805-0201
명지국제신도시점,부산광역시 강서구 명지국제8로 245,051-271-3350
홈플러스울산남구점,"울산광역시 남구 수암로 148, 1층",052-267-9799
서울대입구역점,"서울특별시 관악구 관악로 164, 1층 114호",02-877-2650
용인보라점,"경기도 용인시 기흥구 한보라1로 6, 102호(보라동, 제일프라자)",031-282-0703
충북옥천점,"충청북도 옥천군 옥천읍 금구리 18-25, 1층",043-731-4413
남양주다산역점,"경기도 남양주시 다산중앙로123번길 22-80, 1층 116호 (다산동, 신해메디컬타워)",031-557-7750
길음뉴타운점,"서울시 성북구 길음로 33, 상가B동 7호",02-909-9889
오산역점,"경기도 오산시 오산로212번길 8, 1층",031-373-9969
낙성대역점,"서울특별시 관악구 남부순환로 1950, 1층",02-877-8030
인천가정점,"인천광역시 서구 봉오재3로 101, 1층 일부호",070-8691-0608
대구영대병원역점,"대구광역시 남구 중앙대로 155, 1층(대명동)",053-656-7778
부산시청점,"연산동 1366-1(부산광역시 연제구 시청로 12), 203동 108호",051-866-3350
청라호수공원점,인천 서구 청라루비로 93 루비타워 111호,032-563-8838
인천산곡역점,"인천광역시 부평구 길주로 364번길 9, 1층 128호 (산곡동, 부평 IPARK)",032-503-7750
고양행신점,경기도 고양시 덕양구 무원로 6번길 36 남정씨티프라자 6차 1층,031-979-5500
익산부송점,"전북 익산시 무왕로 1195, 1226호",063-833-1313
홈플러스칠곡점,"대구광역시 북구 동암로 12길 8, 1층(동천동, 칠곡홈플러스)",0000
개롱역점,"서울시 송파구 동남로 240-6,1층 101호",02-443-0679
김해삼계점,"경남 김해시 삼계중앙로 31, 1층",055-312-6433
금천시흥점,"서울특별시 금천구 시흥대로 193, 제1층 106호(시흥동 아람아이씨티타워)",02-896-3888
대전신탄진점,"대전 대덕구 신탄진로 804-1 ,1층",042-934-0034
동탄목동점,"경기도 화성시 동탄신리천로 411, 1층 116호",031-373-8928
장안동사거리점,"서울시 동대문구 답십리로 289 장안동, 기륭빌딩) 1층",02-3394-6637
수락산역점,서울 노원구 동일로243길 10 1층,02-933-0784
의정부금오점,"경기도 의정부시 창사로 45, 지상1층 101호 ( 금오동, 플래티넘프라자 )",031-853-7786
천안아산삼성미즈병원점,"충남 아산시 배방읍 희망로 46번길 16, 1층",041-910-5555
당진읍내점,"충남 당진시 읍내동 224-4, 1층",041-353-2033
부산동아대부민점,부산광역시 서구 구덕로 220,051-241-3370
롯데아울렛의왕점,경기 의왕시 바라산로 1 롯데프리미엄아울렛 의왕 타임빌라스점 내부 1층,031-329-0624
인천송도랜드마크점,"인천광역시 연수구 랜드마크로 68, 301동 1층",032-832-7710
대전가수원점,"대전광역시 서구 도안동로 11번길 42 , 1층101,102호",042-545-2558
울산대왕암공원점,울산광역시 동구 등대로 99,052-232-5700
고양삼송점,경기도 고양시 덕양구 권율대로 890 1층,02-381-6800
인천검암역점,"인천광역시 서구 검바위로 26, 지상1층 환승통로 5호 (검암동, 검암역 (공항철도))",032-710-7120
은평응암점,"서울시 은평구 은평로 108, 1층",02-355-5999
서산터미널점,충남 서산시 안견로 184 4 1층,041-665-3370
울산공업탑점,"울산광역시 남구 삼산로 20, 1층",052-700-3106
광주오치점,"광주광역시 북구 설죽로 338, 1층(오치동)",062-265-5254
평택이충점,"경기도 평택시 이충로 49-31 삼원프라자 101,102호",031-666-0408
동탄역점,"경기도 화성시 동탄대로 489, 1층 110호",031-375-0770
인천영종운서점,"인천광역시 중구 신도시남로 137, 106호",032-752-3600
부산남포점,"부산광역시 중구 비프광장로 27, 1~3층",051-256-8800
하나로마트진접점,경기도 남양주시 해밀예당1로 28 하나로마트 1층,031-572-0401
수원망포역점,"경기 수원시 영통구 영통동 976-11, 1층",031-202-1718
진해용원점,"경상남도 창원시 진해구 안골로 348, 1층 116호(용원동, 용원그랜드쇼핑)",055-546-0708
안산선부점,"경기도 안산시 단원구 선부광장1로 69, 109",031-403-0714
해남군청점,전라남도 해남군 해남읍 중앙1로 148-1,061-536-0007
대구유천점,"대구광역시 달서구 월배로 51, 1층 113호(유천동, 진천역AK그랑폴리스)",053-642-0248
천안두정역점,"충남 천안시 서북구 두정로 258 , 107호(두정동,휴먼빌딩)",041-563-6477
구미구평점,"경상북도 구미시 인동36길 7, 1층상가(구평동)",054-475-7500
강남구청역점,"서울특별시 강남구 학동로 342, 지상1층 103호(논현동, 에스케이 허브블루)",02-545-7730
인천동암점,"열우물로 35-1, 1층",032-437-3350
광주양산점,"광주광역시 북구 하서로 400, 1층 공차(아이맘아동병원)",062-571-1171
까치산역점,"서울특별시 강서구 강서로 27, 1층 104호",02-2690-7730
부산대점,"부산광역시 금정구 금정로68번길 22, 1층(장전동)",051-711-0615
계룡엄사점,엄사면 엄사중앙로 99,042-551-5242
수유역점,"서울시 강북구 도봉로87길 7, 1층",02-6080-7527
인천원당점,"인천광역시 서구 원당대로 862,103, 104호(당하동)",032-568-1107
대전복수점,"대전시 서구 복수동로 56, 1층 101호(복수동)",042-582-3370
원주기업도시점,"강원도 원주시 지정면 신지정로 211, 119호",033-731-0709
거제옥포점,"경상남도 거제시 옥포로 207, 1층",055-9503570
한국외대점,"서울특별시 동대문구 휘경로5길 3, 1층",02-965-6588
원주중앙점,"강원도 원주시 중앙동 60-12, 1층",033-743-3307
목동파리공원점,"서울특별시 양천구 목동서로 65, 1층 105, 106, 107호",02-2655-0708
울산태화강점,울산광역시 중구 태화강국가정원길 217(태화동),052-211-7730
용인백현마을점,"경기도 용인시 기흥구 동백7로 77, 101-3호",031-275-3350
충북진천점,"충북 진천군 진천읍 중앙동로 69, 1층",043-537-3350
화성시청점,"경기도 화성시 남양읍 시청로 123, 1층",031-355-1322
동탄북광장점,경기도 화성시 동탄반석로 204 동탄제일프라자 1층 108호,0507-1467-7753
동탄레이크꼬모점,"경기 화성시 동탄대로 181, 1층",070-4085-0407
대구각산역점,대구광역시 동구 금강로15 1층,053-962-0403
더현대서울점,"서울특별시 영등포구 여의도동 22, 더현대서울 지하1층",02-3277-0776
대구평리점,대구광역시 서구 국채보상로 258(평리동),053-523-0407
아산탕정점,"충남 아산시 탕정면 탕정면로 4 , 101호",041-532-0782
병점진안점,"경기 화성시 효행로 1051, 1층",031-231-1077
수원대점,"경기도 화성시 봉담읍 와우안길 35, 1,2층",031-221-9408
홍성로데오점,"충남 홍성군 홍성읍 조양로 146-1 , 1층",041-631-7730
인천논현점,"인천광역시 남동구 논고개로123번길 14, 101호,102호(논현동)",032-424-0880
용인한숲시티점,경기 용인시 처인구 남사읍 한숲로 84 근린생활시설동 101-102호,031-328-8523
아산둔포점,"충청남도 아산시 둔포면 아산밸리중앙로 50, 1층",041-532-7750
순천오천점,"전라남도 순천시 오천6길 10, 1층",061-741-2756
진영휴게소부산방향점,"경상남도 김해시 진영읍 하계로 96번길 94-4, 진영(부산)휴게소내",055-334-8700
전주에코시티점,"전주시 덕진구 세병로 21, 1층 B139호(송천동2가, 포레나 전주에코시티)",063-252-0456
수지상현점,"경기도 용인시 수지구 만현로 120, SR프라자 1층 124호",031-897-3636
암사역점,"서울시 강동구 올림픽로 777,1층 101호(암사동)",02-428-7750
공주중동점,충남 공주시 웅진로 161-1(중동),041-858-0008
현대아울렛대전점,대전광역시 유성구 용산동 579 현대프리미엄아울렛 대전점 3층,042-332-2826
파주야당점,"경기도 파주시 경의로 1074, 115호",031-948-0454
순천신대점,"전라남도 순천시 해룡면 신대로 118, 1층",061-723-2252
대구이곡점,"대구광역시 달서구 계대동문로 123, 119동 1층 114호(이곡동, 성서우방타운)",053-588-0099
대전은행중앙로점,"대전광역시 중구 중앙로 156번길 35,1층(은행동)",042-224-7878
대전죽동점,"대전시 유성구 죽동로279번길 34, 지상1층(죽동)",042-825-1947
수지롯데몰점,"경기도 용인시 수지구 성복2로 38, 롯데몰성복점 지하1층 공차",031-5174-4056
안성공도점,"경기도 안성시 공도읍 공도로 93,103~104호",031-647-9508
현대아울렛남양주점,"경기도 남양주시 다산순환로 50, 현대프리미엄아울렛 SPACE-A 178-1호 (다산동)",031-8078-2084
용인상현역점,"경기도 용인시 수지구 광교중앙로 308, 1층 106호",031-211-8850
대전반석점,"대전광역시 유성구 반석동로51 ,1층104호(반석동 , 쎈타프라자2)",042-824-5980
대구복현점,대구광역시 북구 동북로 301,053.954.3644
삼척점,강원도 삼척시 척주로 16,033-575-0705
녹번역점,서울시 은평구 은평로 226,02-3157-5866
오목교역점,"서울특별시 양천구 오목로 329, 지상 1,2층 (목동)",02-2645-9600
부산동대신점,부산광역시 서구 구덕로 316,051-256-7776
청주강서점,충북 청주시 흥덕구 강서로 118 104호,043-236-2223
상일동역점,"서울시 강동구 고덕로 399,메가스퀘어동 1층 105호(고덕동,고덕센트럴푸르지오)",02-427-1878
스타필드안성점,안성시 공도읍 서동대로 3930-39  스타필드안성 3층 3190호,031-8092-1834
계양구청점,"인천광역시 계양구 계산새로 93, 밀레니엄프라자 1층 107호(용종동)",032-543-7531
청주하복대점,"충북 청주시 흥덕구 진재로 49, 1층(복대동)",043-232-1227
대전도안점,"대전시 유성구 도안대로 512-11, 103호(봉명동)",042-823-1107
울산언양점,울산광역시 울주군 언양읍 헌양길 157,052-254-3546
광명사거리점,"경기도 광명시 광명로 895, 1층(광명동)",02-2613-1764
NC구로점,"서울특별시 구로구 구로중앙로 152, 지하1 층(구로동)",02-6923-2102
중계은행사거리점,"서울시 노원구 한글비석로 245, 두타빌 B동 101,102호",02-939-0039
나주중앙점,"전라남도 나주시 중앙로 42, 1층",061-331-9546
동해천곡점,강원도 동해시 천곡동 10721 106호,‭033-533-0807 ‬
충남서천점,충남 서천군 서천읍 서천로142번길 4,041-453-8288
김해인제대점,"경남 김해시 인제로 200번길 2, 2층",055-322-3350
신세계아울렛시흥점,"경기도 시흥시 서해안로 699, 1층(정왕동)",031-8072-3111
천안서북점,"충청남도 천안시 서북구 삼성대로 20,이마트 1층",041-523-0706
수원광교점,"경기도 수원시 영통구 센트럴타운로94, 1층 102호(이의동, 앤에스코어빌딩)",031-212-7753
왕십리센트라스점,"서울특별시 성동구 왕십리로 357, 1층",02-2293-6000
가톨릭서울성모병원점,"서울특별시 서초구 반포대로 222, 지하1층",-
아트몰링하단점,"부산광역시 사하구 낙동남로 1413, 7층",051-999-7590
광주하남점,"광주광역시 광산구 무진대로 279, 1층 110, 111호(우산동)",062-954-5500
당진터미널점,"충청남도 당진시 밤절로 136, 1층",041-353-2400
호매실금곡점,"경기도 수원시 권선구 금곡로 102번길 29, A동 1층 105호(금곡동, 센트럴프라자)",031-278-2542
석촌역점,"서울시 송파구 백제고분로 387,1층 101호,102호",02-6326-7030
하남시청점,"경기도 하남시 대청로 11,1층(신장동,백천빌딩)",031-793-0611
여의도전경련회관점,"서울특별시 영등포구 여의대로 24, B1층 B119호",02-786-0535
여수여서점,"전라남도 여수시 여서동 1길 46-1, 1층",061-651-3200
수원호매실점,"경기도 수원시 권선구 금곡로 213, 1층 107, 108호",031-296-3110
가재울점,"서울 서대문구 가재울미래로2 별동상가동 1층 107-1,2호(남가좌동, DMC파크뷰자이)",02-303-4911
진주과기대점,"동진로 25, 1층",055-753-5291
분당아름마을점,"경기도 분당구 판교로 441, 남서울프라자 1층",031-708-7408
안양역사점,"만안구 만안로 232(안양동, 안양역)",031-441-3098
대전중촌점,"대전광역시 중구 목중로10번길 1 ,1층 (중촌동)",042-223-4315
대구본리점,"대구광역시 달서구 와룡로 130, 1층(감삼동)",053-525-0727
가평휴게소춘천방향점,설악면 미사리로540번길 51 가평휴게소 춘천방향,031-584-1425
가평휴게소서울방향점,설악면 미사리로 544 가평휴게소 서울방향,031-584-1425
김포사우역점(25.04.폐점),"사우중로 78, 108호, 109호(사우동, 밀레니엄프라자)",031-988-3090
엔터식스강남점,"서울특별시 서초구 신반포로 176, 고속터미널역 지하1층 25호, 엔터식스강남점",-
양주옥정점,경기도 양주시 옥정로 196,031-928-5280
부산구서점,"부산광역시 금정구 중앙대로1841번길 24, 2층",051-517-6777
SRT수서역점,"서울시 강남구 밤고개로 99(수서역사), 지하2층",070-4110-6888
평택로데오점,경기도 평택시 평택2로 7,031-654-7789
화순광덕점,"전라남도 화순군 화순읍 중앙로 94, 1층(동원빌딩)",061-927-3091
수원인계점,경기도 수원시 팔달구 권광로 181,031-221-4411
대구황금점,"대구광역시 수성구 청수로 176, 1층(지산동)",053-767-6336
춘천명동점,"강원도 춘천시 중앙로67번길 3, 1층(중앙로2가)",033-251-3350
롯데영등포점,서울 영등포구 경인로 846 롯데백화점 지하1층,02-2164-5083
대전관평점,"대전시 유성구 테크노4로 115, 1층 103호(관평동)",042-935-9777
롯데구리점,"경기도 구리시 경춘로261, 지하1층 (인창동, 롯데백화점 구리점)",031-550-7961
대학로마로니에점,"종로구 대학로 10길 20 (동숭동, 1층)",02-742-7756
AK&수원점,경기도 수원시 팔달구 덕영대로 924 AK프라자 AK& 2층,031-240-1972
안산중앙역사점,"경기도 안산시 단원구 중앙대로 918, 1층(고잔동, 중앙역)",031-482-3380
광주동명점,광주광역시 동구 동계천로 145,062-222-3222
홈플러스울산점,"울산광역시 중구 번영로 475,1층",052-282-0131
천안역점,충남 천안시 동남구 대흥로 239,-
서산한서대점,충청남도 서산시 해미면 한서1로 36,041-688-7336
천안남서울대점,충남 천안시 서북구 성환읍 성진로 65,041-417-7391
평택안중점,경기도 평택시 안중읍 안현로서 6길 52,031-682-0745
포항이동점,"경상북도 포항시 남구 대이로 112-1, 1층(대잠동)",054-278-1237
잠실학원사거리점,"석촌호수로 138, 101호",02-416-2202
구미상모점,"경상북도 구미시 상사서로 62, 1층(상모동)",054-461-2541
서강대점,"서울특별시 마포구 백범로 35, 1층 102호 (노고산동, 서강대학교)",02-715-8807
부산영도점,부산광역시 영도구 태종로99번길 2,051-944-8804
어린이대공원점,서울시 광진구 광나루로 398,02-462-8830
쌍문역점,"서울특별시 도봉구 도봉로 468, 홍일빌딩 106호(창동)",02-904-5200
롯데시네마구리아울렛점,"경기도 구리시 동구릉로 136번길 47, 롯데아울렛 구리점 6층 (인창동)",000-0000
영종하늘도시점,인천광역시 중구 하늘별빛로75,032-710-7735
김제터미널점,전라북도 김제시 동서로 235,070-7543-3832
포항두호점,"경북 포항시 북구 두호로 25, 아이코아 102, 103호",054-248-1236
울산구영점,울산광역시 울주군 범서읍 구영로 82,052-242-6122
천안신방중앙점,"충남 천안시 동남구 서부대로 227, 1층(신방동)",041-575-7391
김해율하점,"경남 김해시 율하3로 41, 1층",055-333-8830
사가정역점,서울시 중랑구 면목로 313,02-434-7177
천안청수점,충남 천안시 동남구 청당동 548-2 더다움트윈브릿지 빌딩 1층,041-555-5210
인천국제공항6호점,인천 중구 공항로 272 제1여객터미널,032-743-8087
경북도청점,호명면 새움3로 36,054-655-4445
천안불당파크점,천안시 서북구 불당동 1489번지 중원프라자,041-552-3357
동탄영천점,"경기도 화성시 동탄순환대로 696, 경서프라자 1층 106호",031-378-9367
현대아울렛송파점,"서울시 송파구 충민로 66,지하1층 (문정동,가든파이브라이프)",02-2673-2070
하남미사점,경기도 하남시 미사강변대로 226번안길15,031-796-0776
NC안산고잔점,"경기도 안산시 단원구 광덕대로 194,  NC안산고잔 지하1층",없음
롯데시네마전주점,"전라북도 전주시 완산구 온고을로 2 (서신동, 롯데백화점) 7층",없음
영천시청점,"경상북도 영천시 충효로 75, 1층(문외동)",054-337-0453
구미봉곡점,"경상북도 구미시 봉곡로 100, 1층(봉곡동, 봉곡프라자)",054-444-0401
양평점,경기도 양평군 양평읍 양평시장길 15,031-774-6440
롯데몰동부산점,"부산광역시 기장군 기장읍 기장해안로 147, 1층",없음
대전전민점,"대전시 유성구 유성대로 1734, 1,2층(전민동)",042-864-4338
롯데시네마광교점,"경기도 수원시 영통구 도청로 10, 광교센트럴푸르지오시티 4층",000-0000
충남부여점,충남 부여군 부여읍 사비로 95,041-836-9007
대구테크노폴리스점,"대구광역시 달성군 유가읍 테크노상업로 82, 1층 105, 106호",053-617-6888
광교중앙역점,"경기도 수원시 영통구 도청로 지하 45, 광교중앙역 B2층 2호",031-212-3367
일산백마점,경기도 고양시 일산동구 일산로 235,031-908-4566
천안고속터미널점,충청남도 천안시 동남구 신부동 363-2,없음
충남태안점,"충남 태안군  동백로 317, 1층",041-673-7971
제주일도점,"제주특별차지도 제주시 고마로 101(일도이동), 1층",064-702-3156
강릉교동점,"강원도 강릉시 솔올로 5번길 55, 1층 104호(교동)",033-641-0707
목포장미거리점,"전라남도 목포시 비파로 51번길 31-1, 1층",061-281-9393
청주봉명점,"충북 청주시 흥덕구 백봉로 221, 1층(봉명동, 덕암빌딩)",043-260-0888
시흥배곧점,경기도 시흥시 서울대학로 278번길34,031-365-5687
롯데아울렛김해점,경상남도 김해시 장유로 469 (신문동),000-0000
부산덕천점,부산광역시 북구 덕천1길 19,051-333-0404
충주성서점,"충북 충주시 성서3길 16(성서동, 103호)",043-856-5580
청주대점,충북 청주시 청원구 상당로 252,043-241-1000
제천중앙점,충북 제천시 풍양로13길 14,043-643-7010
속초중앙점,강원도 속초시 청초호반로 332,033-633-7820
한티역점,서울특별시 강남구 선릉로 314,02-562-3311
군산조촌점,"전북 군산시 궁포1로 24-5, 1층 102호(조촌동)",063-910-2006
천안성정점,충남 천안시 서북구 성정두정로 12,041-566-0701
신사세로수길점,"서울시 강남구 논현로 175길 60, 1층",02-548-8110
수원정자점,경기도 수원시 장안구 정자천로173번길 11-17,031-269-9210
부산화명점,"부산광역시 북구 화명대로31, 현호타워 1층 103호",051-365-7750
원마운트점,"경기도 고양시 일산서구 한류월드로 300 원마운트 1199, 1200호",031-961-6707
청주분평점,"충청북도 청주시 서원구 1순환로1107번길 21, 1,2층",043-286-6232
천안두정점,충남 천안시 서북구 두정로 165,041-566-9423
충북증평점,"충북 증평군 증평읍 중앙로 211, 1층",043-838-9008
아산배방점,충남 아산시 배방읍 모산로 124,041-546-0052
이천로데오점,"경기도 이천시 어재연로 37번길 25-1 , 1~2층(창전동)",031-634-0085
안산상록수점,"경기도 안산시 상록구 용신로 383, 1층 102호(본오동, 삼우프라자)",031-415-5559
청주가경점,"충북 청주시 흥덕구 가경로 10, 1층(가경동, 엘리트빌딩)",043-231-5800
분당정자역점,"경기도 성남시 분당구 성남대로 331번길 3-3, 1층",031-8023-9224
서울숲점,성동구 왕십리로94~2 1층,02-497-9777
제주아라점,"제주특별자치도 제주시 중앙로 566, 1층",064-758-0705
홍천점,"강원도 홍천군 홍천읍 신장대로 62, 1층 2호",033-433-5642
경주노동점,"경북 경주시 계림로 101, 1층",0502-411-8418
구미형곡점,"경상북도 구미시 신시로 67, 1층(형곡동)",054-454-0404
경성대점,"부산광역시 남구 용소로 9, 2~3층 (대연동, 성신빌딩)",051-611-7730
서면삼정타워점,"부산광역시 부산진구 중앙대로 672, 13층",051-804-1452
울산테라스파크점,"울산광역시 동구 방어진순환도로 652, C동 112호",052-201-0708
스타필드시티부천점,경기도 부천시 소사구 옥길동 768 스타필드시티부천점 3층,없음
파주금릉점,"경기도 파주시 금빛로 24-17, 1층 103호(금촌동, 월드프라자)",010-4477-7995
울산달동점,"울산광역시 남구 신정로 22, 1층",052-979-9997
구리갈매점,경기 구리시 경춘북로 252 아이파크애비뉴 B동 147,031-529-7531
구의점,서울 광진구 아차산로 471 1층,02-456-3010
서울역점,서울 중구 한강대로 405 지하1층 헌혈의집 옆,02-313-7750
사천벌리점,경남 사천시 주공로 29,055-833-7300
아산호서대점,"충남 아산시 배방읍 호서로 79번길 14 , 1층",041-543-2369
대전보건대점,대전시 동구 가양동 146-18번지,042-300-3002
아산모종점,"충남 아산시 모종동 557-16번지, 우전빌딩 1층",041-543-2514
파주문산점,"경기도 파주시 문산읍 문향로67번길 2, 1층",031-952-9458
김천신음점,"경상북도 김천시 시청로 95, 상가동 1층 101호",02-779-7758
여주아울렛,"경기 여주시 명품로 370, 9014호",031-8087-2066
부천역점,"경기도 부천시 부천로 1, 지하1층 43호, B-05호",070-4254-8786
대전용문점,"대전시 서구 계룡로 616, 105호",042-537-7335
경남거창점,경상남도 거창군 거창읍 상림리 797-3,070-7622-3889
판교역점,"경기도 성남시 분당구 판교역로 192번길 12, 1층",031-8061-7065
거제고현점,"경상남도 거제시 서문로 72, 1층 101호 (고현동, 태원회관)",055-638-1254
광양중마점,"전라남도 광양시 공영로 75, 1층 (중동)",061-795-0253
NC울산성남점,울산광역시 중구 시계탑거리 20,없음
아산순천향대점,충남 아산시 신창면 읍내리 457-15,041-541-6745
조치원점,세종시 조치원읍 조치원1길 6,044-864-3554
청주오창점,"충북 청주시 청원구 오창읍 오창대로 315, 108호",043-215-3366
이대서울병원점,"서울특별시 강서구 공항대로 260, 지하1층 (마곡동, 이화의대부속서울병원)",02-6951-2022
부평삼산점,"인천시 부평구 길주로 635, 1층",032-504-7531
전주만성지구점,"전라북도 전주시 덕진구 만성중앙로 51, 1동 105호(만성동, 비젼타워)",063-287-0707
롯데시네마인천아시아드점,"인천광역시 서구 봉수대로 806, 인천아시아드주경기장 2번게이트 롯데시네마 옆",070-7403-9111
동탄솔빛나루점,경기도 화성시 동탄솔빛로 47,031-8015-3400
천안쌍용점,"충청남도 천안시 서북구 월봉로 79, 1층",041-573-0055
수완장신로점,"광주광역시 광산구 장신로 142, 1층(수완동)",062-710-6617
대구현대시티아울렛점,"대구광역시 동구 동대구로 454, 4층",053-430-2282
군산나운점,전라북도 군산시 하나운로 68(나운동),063-468-0022
평촌역점,"경기도 안양시 동안구 관평로 170번길 43, 1층 129호(관양동, 훼미리타운)",031-381-8989
센트럴시티점,서울시 서초구 신반포로 176 센트럴시티 1층,02-6282-5801
청주오송점,"충청북도 청주시 흥덕구 오송읍 오송생명5로 179 103호(만수리, 청송빌딩)",043-239-1300
숙명여대점,"서울특별시 용산구 청파로47길 78, 1층",02-715-3303
경주황성점,"경상북도 경주시 황성로37, 1층",054-777-1133
제주삼화점,제주특별자치도 제주시 건주로 37,064-721-9951
대한상공회의소점,서울시 중구 세종대로 39 대한상공회의소 B1,02-6050-1177
전주서신점,"전라북도 전주시 완산구 당산로 52, 103호(서신동)",063-271-7335
경산사동점,경북 경산시 백자로10길 1 공차 경산 사동점,053-269-0707
전주아중점,"전라북도 전주시 덕진구 무삼지로 84, 1층(인후동1가)",063-244-0071
전주중화산점,"전라북도 전주시 완산구 유연로 285, 1층(서신동)",063-247-0707
용산아이파크몰점,"서울특별시 용산구 한강대로23길 55 6층 703호(한강로3가, 서관 아이파크몰)",02-2012-0709
광주금호점,광주광역시 서구 금화로 87(금호동),062-372-1001
한양대한양플라자점,"서울특별시 성동구 왕십리로 222, 1층(사근동, 한양대학교 학생복지관)",070-8876-5000
진해석동점,"경상남도 창원시 진해구 진해대로 762, 1층 102호(석동, 진해미래쇼핑센터)",055-552-0708
제주연동점,제주특별자치도 제주시 신광로 35,064-783-7000
야탑역사점,"경기도 성남시 분당구 성남대로 지하 903, 맞이방",031-778-6197
수원역로데오점,경기도 수원시 팔달구 향교로 16-2,031-256-1027
전남영광점,"전라남도 영광군 영광읍 중앙로 186, 1층",061-351-9599
일산후곡점,"경기도 고양시 일산서구 일산로547, 일신1조합상가 1층 103호",031-923-6880
안성휴게소점 부산방향,"경기도 안성시 원곡면 경부고속도로 365, 안성(부산방향)휴게소",031-655-0531
광주동천점,"광주광역시 서구 하남대로 670, 1층(동천동)",062-523-7890
원주단계점,"강원도 원주시 북원로 2235-4, 1층 115호(단계동)",033-900-5554
구미옥계점,"경상북도 구미시 옥계북로 36, 1층 105호(옥계동, 메디칼타워)",054-471-2356
롯데시네마 성남중앙점,경기도 성남시 수정구 산성대로 269번길 11-1 8층,1544-8855
고양터미널점,"경기도 고양시 일산동구 중앙로 1036, 고양종합터미널 터미널동 지하1층(마크트할레) T16",-
파주교하점,"경기도 파주시 청석로 260, 1층 115호(동패동, 트리플메디칼타워)",031-942-3323
경북영주점,경상북도 영주시 대동로 26(가흥동),054-632-0345
군산수송점,"전라북도 군산시 월명로 254, 1층 110호(수송동, 더모나코빌딩)",063-462-7200
원주단구점,"강원도 원주시 서원대로 396, 1층 111호(단구동, 스타월드)",033-766-7556
첨단신용점,"광주시 북구 첨단연신로91번길 20-14, 1층 103호(신용동, 만강빌딩)",062-576-0600
별내로데오점,"경기 남양주시 별내중앙로 50, 1층 일부 (102, 103)호 (별내동, 청운프라자)",070-4090-0303
마산합성점,"경상남도 창원시 마산회원구 3.15대로 744, 1층 102호(합성동, 송하빌딩)",055-297-7707
홈플러스창원점,경상남도 창원시 의창구 창원대로 415 홈플러스 창원점 1층 공차 홈플러스창원점,055-277-2345
남원도통점,전라북도 남원시 용성로 200(도통동),063-625-2332
대전우송대점,"대전광역시 동구 백룡로 5, 1,2층",042-623-0070
기장정관점,부산광역시 기장군 정관읍 정관7로 9-4,051-727-2259
전주효자점,"전라북도 전주시 완산구 용머리로 50, 1층 101호(효자동1가)",063-221-8008
계명대점,대구 달서구 서당로9길 24,053-588-4674
속초아이파크점,"강원도 속초시 청호로 22, 2동 206호(조양동, 속초청호아이파크상가)",033-631-7820
범어로데오점,"대구광역시 수성수 달구벌대로 2513, 1층",053-742-1055
동국대점,"서애로1길 11, 지하1층 상가B124호(충무로 5가, 충무로헤센스마트)",02-2272-0919
강변테크노마트점,"광나루로56길 85, 테크노마트 9층 21,22,23호",02-452-0403
대구이월드점,"대구광역시 달서구 두류공원로 200, 이월드 83타워 4층",-
롯데중동점,"경기도 부천시 길주로 300, 지하 1층(중동, 롯데백화점 중동점)",-
대전노은점,"노은로 158, 지상1층 104호(지족동, 그랜드타운)",0428241188
마포역점,"마포대로 33, 1층 102호 (도화동, 마포 한화 오벨리스크)",02-713-7070
미사강변점,"경기도 하남시 미사강변중앙로198번길 35, 1층 112호",010-7667-6929
대진대점,경기도 포천시 선단동 산 11-1 대진대학교 정보전산원 2층,031-533-8588
청주율량점,충북 청주시 청원구 주성로279번길 8,043-214-7600
천안백석대점,"충남 천안시 동남구 문암로 70, 1층(안서동)",041-551-4567
홍성내포신도시점,"충남 홍성군 홍북읍 청사로174번길 2, 114호,115호",041-635-1246
황학롯데캐슬점,"청계천로 400, 지하2층 (황학동, 롯데캐슬베네치아)",02-2231-3314
청주금천점,"충청북도 청주시 상당구 산성로92번길 5 1층 101호(금천동, 경도빌딩)",043-298-0707
익산영등점,"전북특별자치도 익산시 무왕로13길 11(영등동, 시아)",063-832-9282
대구침산점,대구광역시 북구 침산로 153 105동 C5호,053-353-1740
호남대점,"광주광역시 광산구 어등대로 410, 1층(선암동)",062-942-0909
보령대천점,충남 보령시 중앙로 72(대천동),041-936-0503
패션아일랜드점,"대전광역시 동구 은어송로 72, 3층 3720,3730호(가오동, 패션아일랜드)",042-282-3913
여의도미원빌딩점,"서울 영등포구 국제금융로 70 1층 (여의도동,미원빌딩)",02-786-3500
신세계아울렛파주점,경기 파주시 탄현면 필승로 200 파주프리미엄 아울렛 1층,-
창원상남점,성산구 마디미로 21번길18 1층 107호(상남동 새마음프라자),070-8711-0707
경산하양점,"경상북도 경산시 하양읍 하양로 35, 105동 123호(하양3차 우방타운)",053-214-0090
대구죽곡점,대구 달성군 다사읍 달구벌대로 863 102호 (진광타워),053-585-0369
부천투나빌딩점,"경기도 부천시 부일로 223, 1층 2호(상동, 투나쇼핑센타)",032-227-7321
홍대입구역점,"서울 마포구 양화로 166, 1층",02-333-5588
분당푸른마을점,"경기도 성남시 분당구 돌마로356번길 3, 105호(수내동, 그랜드빌딩)",031-711-6194
부산사직점,부산광역시 동래구 사직북로 12 1층,051-505-5353
광주기독병원점,"광주광역시 남구 양림로 37, 광주기독병원 로비1층",062-654-0782
위례중앙타워점,"경기도 성남시 수정구 위례광장로 300, 1층 119호 (창곡동, 위례중앙역 중앙타워)",031-754-2988
김해내동점,경남 김해시 내외중앙로69 1층(내동),055-903-0834
대구만촌점,만촌동 1356-5 이마트만촌점 1층 푸드코트,053-753-0369
동대문종합시장점,"서울특별시 종로구 종로 266 B동, 6층 13호 (종로6가, 동대문종합시장)",02-2275-7468
영남대점,"대학로 299 ,107호(조영동)",053-241-8188
롯데아울렛이천점,"호법면 프리미엄아울렛로 177-119, 2층(5030)",031-887-4884
김포공항국제선점,서울특별시 강서구 하늘길 38 김포국제공항 국제선 2층,-
첨단엘씨타워점,"첨단중앙로 96, 1층 128호(월계동, 엘씨타워)",062-972-0202
국민대점,"서울특별시 성북구 정릉로 77, 지상1층(정릉동, 국민대학교 3동2호관, 북악관)",-
여수학동점,"전라남도 여수시 무선로 61, 1층",061-681-0300
대구범어점,"대구광역시 수성구 동대구로 354, B101호(범어동, 브라운스톤 범어)",053-756-7676
롯데부산본점,"부산광역시 부산진구 가야대로 772 , 롯데백화점 부산본점 지하 1층",-
인천구월점,"인천시 남동구 예술로 126, 214호 (구월동, 링크126)",032-421-1027
인천서창점,인천광역시 남동구 서창동 687-3,070-8244-0922
안성중앙점,"중앙1길 4, 1층",031-673-7262
춘천석사점,"강원도 춘천시 퇴계농공로 16, 팰리스프라자 1층 107호(석사동)",033-262-6441
노원역점,"서울시 노원구 노해로 494, 104,105호(상계동)",02-939-0700
안동옥동점,"경북 안동시 경북대로 381, 1층 102호",054-842-0424
전주대점,"전북 전주시 완산구 백마산길 14, 1층",063-905-5766
롯데울산점,"울산광역시 남구 삼산로 288, 롯데백화점 울산점 B1층",-
마곡나루점,"서울특별시 강서구 마곡중앙로 165, 1층 110호 (마곡동, 안강프라이빗타워)",02-2659-5999
대구백화점플라자점,"대구광역시 중구 명덕로 333, B1층 (대백프라자)",053-427-0369
스타필드고양점,경기도 고양시 덕양구 동산동  370 스타필드 고양점 3층,-
고대안암병원점,"서울특별시 성북구 안암로 145 지상3층 (안암동5가, 고려대학교부속병원)",02-923-0703
대구광장점,대구 서구 달구벌대로 1719 1층(내당동),053-525-0369
나주빛가람점,"전라남도 나주시 상야1길 7, 1층 147호 (빛가람동, 예가람타워)",061-336-0009
대구시지점,대구 수성구 달구벌대로 3204 1층(신매동),053-792-0801
제주한라대점,"제주특별자치도 제주시 한라대학로 31,1층(노형동)",064-747-7030
진주경상대점,경상남도 진주시 진주대로 536,-
롯데시네마부산본점,"부산광역시 부산진구 가야대로 772 (부전동, 롯데백화점 10층 공차)",051-810-3973
김해아이스퀘어점,김해대로 2342 부원동 아이스퀘어 K303호,-
정읍상동점,전라북도 정읍시 충정로 61-2(상동),063-536-2831
탑마트서진주점,"경상남도 진주시 새평거로 136,1층 (탑마트)",-
김포장기점,"경기도 김포시 김포한강1로 51번길 28, 1동 101호(장기동, 레드클로버)",031-985-5786
대구칠곡점,"학정로 439 1층 111호(동천동, 칠곡메가타운)",-
익산동산점,"익산시 서동로 132, 1층(동산동)",063-853-3330
광운대점,"서울특별시 노원구 광운로20, 지하1층내 복지매장(월계동, 광운대학교80주년기념관)",02-943-8523
양산중부점,경상남도 양산역6길 24 1층 104호(중부동),055-913-0880
서초마제스타시티점,"서울특별시 서초구 서초대로 38길 12, 1층 120호(서초동, 마제스타시티, 힐스테이트 서리풀)",02-588-7775
전주송천점,"전라북도 전주시 덕진구 천마산로 54, 1층 104호(송천동1가)",063-252-0405
대전관저점,대전광역시 서구 구봉로 123,042-545-6204
광주터미널점,"경기도 광주시 광주대로 30,1층 7-1호 (경안동,광주터미널 이마트)",031-799-7779
대구삼성창조캠퍼스점,"대구광역시 북구 호암로 51, B동 1층 7-1호",053-957-6789
홍대서교점,서울특별시 마포구 어울마당로 49(서교동),02-322-5371
세종소담점,"세종특별자치시 한누리대로 2016 1층 110호 (소담동, 타임빌딩)",044-863-0797
용인역북점,"처인구 명지로16번길 9-23, 1층 101, 102호(역북동, 디엠씨타워)",031-321-0446
세종새롬점,"새롬중앙로 33, 새뜸프라자 1층 101호(새롬동)",-
인천트리플스트리트점,"인천광역시 연수구 송도과학로 16번길 33-2, B동 1층",032-310-9414
국악고점,서울특별시 강남구 개포로22길 46,-
합정교보문고점,서울특별시 마포구 합정동 473 마포한강 2차 푸르지오 지하1층 B137호,02-332-3500
인천주안점,인천광역시 미추홀구 주안동 136-1,-
하월곡점,"서울특별시 성북구 종암로 167 (하월곡동, 동일하이빌뉴시티) 1층",02-3292-0010
경북예고점,대구광역시 남구 대명동 1802-15,070-7677-1230
공주휴게소 대전방향점,충청남도 공주시 송선동 320-3,없음
세종에비뉴힐점,세종특별자치시 갈매로 353,044-998-8293
메가마트울산점,"울산광역시 북구 진장17길 10 (신선도원몰, 메가마트2층)",-
고대안암점,"서울특별시 성북구 인촌로24길 17, 1층(안암동5가)",02-953-5086
경기대후문점,경기도 수원시 영통구 이의동 1257-3,031-308-8020
인천신포점,인천광역시 중구 신포로 35-1 (관동3가),032-763-9696
가천대점,경기도 성남시 수정구 성남대로 1330 1층 공차,031-602-0088
부산광복점,부산광역시 중구 광복로 80 (광복동1가),051-244-7758
NC미금점,"경기도 성남시 분당구 미금일로 154번길 20 (구미동, 이천일아울렛 지하2층)",031-786-2620
익산모현점,전북 익산시 배산로139 1층 102호,063-851-7770
경북대점,대구광역시 북구 산격동 1400-3,053-959-0303
안목항점,강원도 강릉시 창해로 14번길 32,033-652-1041
고속터미널점,"서울특별시 서초구 신반포로 194, 1층 18호(반포동,부속상가)",02-535-9524
처인구청점,"경기도 용인시 처인구 금령로 86,104호",031-321-8885
대구월배점,대구광역시 달서구 대천동 555,053-636-6898
롯데시네마파주운정점,경기도 파주시 목동동 927,031-942-1044
상무메이루즈점,광주광역시 서구 치평동 1249,062-383-7241
롯데시네마은평점,서울특별시 은평구 진관동 79-15 롯데몰은평점 내 5층 롯데시네마,02-6975-5630
광양LF몰점,전라남도 광양시 광양읍 덕례리 707,061-815-4925
현대판교점,경기도 성남시 분당구 백현동 541,-
인천송도점,인천광역시 연수구 송도동 3-23,032-833-9883
향남신도시점,경기도 화성시 향남읍 상신하길로298번길 7-23 1층,031-8059-0414
부평CGV점,인천광역시 부평구 청천동 386 아이즈빌아울렛 3층,032-515-1027
현대송도점,인천광역시 연수구 송도동 168-1 현대프리미엄아울렛 송도점 지하1층,032-727-2819
현대아울렛동대문점,서울특별시 중구 을지로6가 17-2 현대시티아울렛 동대문점 지하 2층,02-2283-2250
전주터미널점,전라북도 전주시 금암동 459-10,063-272-0455
회룡역점,경기도 의정부시 호원동 51-1,031-836-9604
신세계센텀시티점,부산광역시 해운대구 우동 1495,051-745-2665
NC송파점,서울특별시 송파구 문정동 634 가든파이브라이트 2016호,02-2157-3972
서울타워점,서울특별시 용산구 용산동2가 산1-3 서울타워플라자 107호,02-773-7758
NC부천점,경기도 부천시 원미구 상동 539-1 NC백화점 5층,-
이대익스프레스점,서울시 서대문구 이화여대길 48(대현동),070-4208-0933
경산중산점,경상북도 경산시 중산동 623 이마트 경산점 1층,053-812-7942
성남태평점,경기도 성남시 수정구 태평동 7336 이마트 성남점 2층,031-759-4696
동탄타임테라스점,경기도 화성시 반송동 96,-
롯데수원점,경기도 수원시 권선구 서둔동 296-77 롯데백화점 수원점 지하 1층,031-8066-0869
롯데마트대구율하점,"대구광역시 동구 안심로 80, 롯데마트대구율하점 1층",053-607-2752
홍대점,서울특별시 마포구 서교동 345-13,02–3144–0743
명동점,서울특별시 중구 명동1가 46-3,02-318-0760
현대신촌점,서울특별시 서대문구 창천동 30-33 현대백화점 지하 1층,없음
현대목동점,서울특별시 양천구 목동 916 현대백화점 지하 2층,없음
현대충청점,충청북도 청주시 흥덕구 복대동 3380 현대백화점충청점 지하 1층,043-909-4072
목포남악점,전라남도 무안군 삼향읍 남악리 2167,061-283-9738
강남역점,서울특별시 강남구 역삼동 858 강남역지하쇼핑센터 E-37,02-569-7344
김포롯데몰점,서울특별시 강서구 방화동 886 김포롯데몰  MF(지하1층),02-6116-5728
롯데아울렛파주점,경기도 파주시 문발동 645,031-960-2440
일산식사점,경기도 고양시 일산동구 식사동 1531,031-964-9897
보라매점,"서울특별시 동작구 신대방동 395-73 캐릭터그린빌 제106호, 105호",010-2531-4130
부평역점,"인천시 부평구 광장로 16, 지하1층 39호,56호(부평동, 부평민자역사)",032-519-3954
신촌연세로점,서울특별시 서대문구 창천동 33-30,02-3143-0404
신세계의정부점,경기도 의정부시 의정부동 168-54 신세계백화점 의정부점 3층,031-8082-0236
분당서울대병원점,경기도 성남시 분당구 구미동 300 분당서울대병원 1동 1층 공차,031-714-7758
롯데월드어드벤처점,서울특별시 송파구 잠실동 40-1 롯데월드어드벤쳐 2층,02-2143-1213
원주혁신도시점,강원도 원주시 반곡동 1930-8 1층,033-748-0040
수원영통점,경기도 수원시 영통구 영통동 1011-6,031-205-6208
롯데시네마청주용암점,충청북도 청주시 상당구 용암동 1703,070-5142-2543
판교테크노밸리점,경기도 성남시 분당구 삼평동 682 유스페이스2 제1층 116호,031-628-6050
여의도점,서울특별시 영등포구 여의도동 24-4,02-761-6697
상암DMC점,서울특별시 마포구 상암동 1605번지 누리꿈스퀘어 1층 102호,02-2132-8118
AK수원점,경기도 수원시 팔달구 매산로 1가 18 AK플라자 지하 1층,031-240-0837
현대울산점,울산광역시 남구 삼산동 1521-1 현대백화점 지하 1층,없음
부천상동점,경기도 부천시 원미구 상동 535-5 드림모아 제1층 106호 (세이브존 1층),032-322-4865
시화로데오지점,경기도 시흥시 정왕동 1738-5 1층,031-431-5037
중앙대점,서울특별시 동작구 흑석동 190-25,없음
김포현대아울렛점,경기도 김포시 고촌읍 전호리 654,031-8048-2515
한남대점,대전광역시 대덕구 오정동 223-267,042-335-0709
전북대점,전라북도 전주시 덕진구 금암동 664-42,063-255-1205
노량진학원가점,서울특별시 동작구 노량진동 92-2,02-822-4309
김포구래점,경기도 김포시 구래동 6880-9 이마트 김포한강점,031-996-6439
목포평화광장점,전라남도 목포시 상동 1132-4 1층,061-287-4745
NC불광점,서울특별시 은평구 대조동 240 NC백화점 불광점 지하1층,없음
롯데시네마진주점,"경상남도 진주시 충무공동 35, 롯데몰진주점 5층",-
고덕역점,서울특별시 강동구 명일동 48-3 우진빌딩102호103호,02-426-2661
평내호평점,경기도 남양주시 호평동 640 메인시네마타워 1층 102호,031-591-2008
용산아스테리움점,서울특별시 용산구 한강로2가 419 아스테리움 지하1층,02-3785-2606
고대구로병원점,서울특별시 구로구 구로동 80 지하1층 17호 공차,02-869-8020
롯데월드매직아일랜드점,서울특별시 송파구 잠실동 40-1 롯데월드 매직아일랜드,-
진주대안점,경상남도 진주시 대안동 12-5 2층 201호,055-741-9373
홈플러스세종점,세종특별자치시 어진동 307-7 홈플러스,070-8846-5999
잠실지하상가점,서울시 송파구 올림픽로 265 잠실역 지하쇼핑센터 B-14,02-425-2000
현대동구점,울산광역시 동구 서부동 105 현대백화점 지하1층,없음
서판교점,"경기도 성남시 분당구 운중로 128, 106호",031-724-0212
이수점,서울특별시 동작구 사당동 132-23,02-532-6744
통영무전점,경상남도 통영시 무전동 1032-13,055-648-1339
평촌학원가점,경기도 안양시 동안구 평촌동 900-9 신세기플라자 1층 103호,031-383-9939
이시아폴리스점,"대구광역시 동구 팔공로 51길 21-1, A-01호(봉무동)",053-983-1711
공주대점,충청남도 공주시 신관동 265-33,없음
성남모란점,경기도 성남시 중원구 성남동 3244,031-759-6988
타임스트림점,서울특별시 관악구 신림동 1641-2 포도몰 지하 1층,02-881-8098
용인동백점,경기도 용인시 기흥구 중동 832-1 동백훼미리프라자 122호,031-286-6208
잠실엘스점,서울특별시 송파구 잠실동 19-9 잠실파앤애플상가,02-418-0789
동대구복합환승센터점,"대구광역시 동구 동부로149, 동대구복합환승센터 4층",053-753-9631
신세계대구점,"대구광역시 동구 동부로149, 신세계백화점 대구점 8층",053-661-6898
건대로데오점,서울특별시 광진구 자양동 5-71,02-469-6965
하남풍산점,경기도 하남시 덕풍동 741,031-792-0640
미아사거리점,서울특별시 강북구 미아동 1364,02-6312-6213
강릉CGV점,강원도 강릉시 옥천동 189 씨네몰 6층,033-646-8687
NC일산점,경기도 고양시 일산동구 마두동 797-2 뉴코아 아울렛 일산점 2층,031-900-5240
홈플러스영통점,경기도 수원시 영통구 영통동 994-2,070-8880-8642
신세계본점,서울특별시 중구 충무로1가 52-5,02-310-5320
홈플러스김해점,경상남도 김해시 내동 1132-1,055-313-5755
충남대점,"대전광역시 유성구 궁동로18번길 8, 1층(궁동)",042-826-0045
롯데청량리점,서울특별시 동대문구 전농동 591-53 롯데백화점 청량리점 지하 2층,02-3707-1035
양재역점,서울특별시 서초구 양재동 11-17 한솔로이젠트 102호,02-6298-1012
원주법원점,강원도 원주시 무실동 1857-2,033-746-9870
순천호수공원점,전라남도 순천시 왕지동 868-6,061-722-2253
수지구청점,경기도 용인시 수지구 풍덕천동 1080-19번지 평온프라자 112호,031-263-0712
화정역점,경기도 고양시 덕양구 화정동 980,031-966-4635
홈플러스아시아드점,부산광역시 연제구 거제동 1208 홈플러스,070-4133-4980
정동점,서울특별시 중구 충정로1가 58-3 청양빌딩 1층,02-722-9934
신도림테크노마트점,서울특별시 구로구 구로동 3-25 B2 이마트,02-2111-1110
송탄점,경기도 평택시 서정동 818-35,031-663-5583
수원화성행궁점,경기도 수원시 팔달구 남창동 27-3,031-247-0815
대전문화점,대전광역시 중구 문화동 1-63번지,042-300-7070
마산양덕점,경상남도 창원시 마산회원구 양덕동 60-3,055-295-1515
충장우체국점,광주광역시 동구 황금동 45-1 2층,062-236-2298
경남대점,경상남도 창원시 마산합포구 해운동 13-21,055-244-0040
홈플러스간석점,인천광역시 남동구 간석4동 616-4 1층,032-875-4393
광주수완점,광주광역시 광산구 장덕동 1657,062-962-6607
NC부산해운대점,부산광역시 해운대구 좌동 1467-4번지 NC해운대점 1층,없음
순천중앙점,전라남도 순천시 중앙동 61-52,061-753-2253
일산탄현점,경기도 고양시 일산서구 탄현동 1640 두산위브더제니스 스퀘어 215호,070-4247-9884
동대문디자인플라자점,서울특별시 중구 을지로7가 2-1번지 디자인플라자점,02-2153-0710
울산업스퀘어점,울산광역시 남구 삼산동 1569-12 업스퀘어 5층 21호,없음
세종나성점,세종특별자치시 한누리대로 193 1층 111호~112호,070-7543-1309
리빙파워센터인천논현점,"인천광역시 남동구 청능대로 596, NC아울렛인천논현점 1층",032-454-8255
의정부역점,경기도 의정부시 의정부동 175-1 2.3층,031-821-3370
제주시청점,제주특별자치도 제주시 이도2동 1185-4,064-751-9988
구로디지털2호점,서울특별시 구로구 디지털로 288 대륭포스트타워1차 지하1층 B111,02-858-1778
여의도역사점,서울특별시 영등포구 여의도동 3 역사 내 지하 1층,없음
코엑스점,서울특별시 강남구 삼성동 159-1,02-6002-3090
NC동수원점,경기도 수원시 팔달구 인계동 1114-1 지하1층,없음
인천인하대점,인천광역시 미추홀구 용현동 198-19,032-872-0801
의정부민락지구점,경기도 의정부시 민락동 804-8 110호,031-852-8714
거제디큐브점,경상남도 거제시 장평동 1211,055-680-0009
고투몰점,서울특별시 서초구 반포동 19-4 고속버스터미널 지하쇼핑몰 G-31호,070-7756-0629
아차산역점,서울특별시 광진구 구의동 54-1 파크타운 103호,02-6015-4516
대전복합터미널점,대전광역시 동구 용전동 63-3 1층,042-673-0707
여수해양공원점,전라남도 여수시 중앙동 243,061-682-0098
둔산타임월드점,대전광역시 서구 둔산동 986번지,042-484-0807
일산주엽역점,경기도 고양시 일산서구 주엽동 109번지 화성프라자 110호,031-916-0037
교보타워점,"서울특별시 서초구 서초동 1303-16 아이파크에비뉴 L1층 103, 104호",02-536-7760
홈플러스인하점,인천광역시 미추홀구 용현동 648 홈플러스 인하점 1층,032-876-9890
NC경산점,경상북도 경산시 중방동 332-13 1층,053-718-3710
목동역점,서울특별시 양천구 신정동 1006-2번지,02-2608-8308
수원매탄점,경기도 수원시 영통구 매탄동 1265-2,031-215-0211
NC전주점,전라북도 전주시 완산구 고사동 96-1 NC백화점 전주객사점 A동 지하1층,063-710-5150
명동역점,서울특별시 중구 충무로1가 24-31,02-754-7770
산본점,경기도 군포시 산본동 1131-2 청운빌딩,031-391-0505
안양1번가점,경기도 안양시 만안구 안양동 674-100번지,031-443-5483
광주봉선점,광주광역시 남구 봉선동 618,062-651-0107
청주산남점,충청북도 청주시 서원구 산남동 838번지,070-4132-9927
홈플러스상봉점,서울특별시 중랑구 상봉동 172 홈플러스 상봉점 1층,02-435-4351
강남성심병원점,서울특별시 영등포구 신길로 1 강남성심병원 본관 1층,02-829-5845
수서역점,서울특별시 강남구 수서동 713번지 수서현대벤쳐빌 지하1층 141호,02-459-0777
왕십리역사점,서울특별시 성동구 행당동 168-1 왕십리민자역사 내 2층 A-09,02-2297-3004
과천별양점,경기도 과천시 별양동 1-4,02-504-8809
전남대점,광주광역시 북구 우치로 106-1,062-262-7758
신세계김해점,경상남도 김해시 외동 1264 신세계백화점 김해점 3층,055-272-1890
강원대점,강원도 춘천시 효자동 617-14 1층,033-263-0707
서울과기대점,서울특별시 노원구 공릉동 438-2 1층,02-977-5856
천안터미널점,충남 천안시 동남구 만남로 43 지하 1층 시외버스터미널,041-640-5795
마리오아울렛점,서울특별시 금천구 가산동 60-22 마리오아울렛 1관 3층,02-2067-3762
충북대점,충청북도 청주시 서원구 사창동 461,043-271-0707
대전시청법원점,대전광역시 서구 둔산동 1458 105~107호,042-489-0036
인천스퀘어원점,인천광역시 연수구 동춘동 926 스퀘어원 3층,032-456-4393
서현점,"경기도 성남시 분당구 황새울로335번길5, 102호(서현동)",031-696-1226
타임스퀘어점,서울특별시 영등포구 영등포동4가 442 타임스퀘어 2층,02-2638-2745
구리수택점,경기도 구리시 수택동 849-11,031-564-0707
압구정역점,서울특별시 강남구 신사동 620번지,070-4104-8073
송파파크하비오점,서울특별시 송파구 문정동 618,02-448-3655
홍대창전점,서울특별시 마포구 서강로9길 60 (창전동),02-336-8075
청라엑슬루타워점,인천 서구 중봉대로586번길 22,032-563-7941
대림점,서울특별시 영등포구 대림동 717 쌍용플래티넘-S 1층 104호,02-831-7536
하남스타필드점,경기도 하남시 신장동 616 스타필드 하남 1층,031-8072-8286
대학로점,"서울특별시 종로구 명륜2가 24-4 2,3층",02-742-8892
회기역점,서울특별시 동대문구 휘경동 319-13번지 103호,02-957-5725
파르나스몰,서울특별시 강남구 삼성동 159-8 B1,02-2051-3453
안양범계역점,경기도 안양시 동안구 호계동 1042 에메랄드빌딩 1층 110호,031-381-2030
롯데미아점,"서울특별시 강북구 도봉로 62, 지하2층 1",-
영등포구청점,서울특별시 영등포구 당산동3가 214,02-2633-0789
김포풍무점,경기도 김포시 풍무동 803 오성프라자 106호,-
웨스턴돔점,경기도 고양시 일산동구 장항동 862,031-907-0404
NC평촌범계점,경기도 안양시 동안구 호계동 1039-3 뉴코아아울렛 지하2층,031-380-1342
김천혁신도시점,경상북도 김천시 율곡동 772 한신휴플러스 101호,-
월계점,서울특별시 노원구 월계3동 333-1,02-973-6885
대구동성로점,대구광역시 중구 동성로2가 156-3,053-286-2998
가산점,서울특별시 금천구 가산동 459-11 제이플라츠 209호,02-2028-7060
장안구청점,경기도 수원시 장안구 조원동 750-32,-
조선대점,광주광역시 동구 서석동 375 장미원휴게소 2층,062-222-7241
논산시청점,"충남 논산시 시민로 238, 101호",041-733-8877
역삼점,서울특별시 강남구 역삼동 644-17,02-6326-4040
