징지역,지점ID,매점명,주소
서울,427,수락산역점,"서울특별시 노원구 동일로 1672, 1층 103호(상계동)"
서울,608,도봉구청점,"서울특별시 도봉구 마들로 650,111-1호(방학동, 도봉월드상가)"
서울,90,상계역점,"서울특별시 노원구 한글비석로 384, 1층 125-1호(중계동, 대호프라자)"
서울,992,노원상계3단지점,"동일로217가길 17, 승경빌딩 1층 105호"
서울,146,창동점,"서울특별시 도봉구 마들로11가길 6-25, 105호(창동, 창동월가타워)"
서울,160,창동이마트점,"서울특별시 도봉구 노해로65길 4, 1층(창동, 창동 EMART)"
서울,591,도봉한일병원점,"서울특별시 도봉구 도봉로 109길 58, 1층 일부(쌍문동)"
서울,929,삼육대바울관점,"화랑로 815, 삼육대학교 바울관 B1층"
서울,617,과기대점,"서울특별시 노원구 공릉로 223, 도곡빌딩 1층(공릉동)"
서울,938,KT미아점,"솔매로50길 50, 1층"
서울,868,광운대후문점,"석계로13길 23, 1층"
서울,865,광운대정문점,"광운로 27, 1층"
서울,437,신내데시앙플렉스점,"서울특별시 중라구 신내역로3길 40-36, 지하1층 알비109호(신내동, 신내데시앙플랙스)"
서울,898,묵동자이점,"동일로 932, 1층 111호"
서울,796,신내SKV1점,"신내역로 111, 신내 SKV1센터 A동 지하1층 123호"
서울,433,현대미아점,"서울특별시 성북구 동소문로47길 12, 1층(길음동)"
서울,880,국민대후문점,"정릉로9길 26, 1층"
서울,797,길음역점,"정릉로 388, 돈암동부센트레빌 상가 1층 105호"
서울,434,외대후문점,"서울특별시 동대문구 천장산로7길 16, 1층 전체(이문동)"
서울,21,외대점,서울특별시 동대문구 휘경로5 1층
서울,113,상봉동점,"서울특별시 중랑구 망우로 346, 상가동 1층 111-1호(상봉동, 한일써너스빌)"
서울,583,상봉역베스트원점,"서울특별시 중랑구 망우로 304, 105호(상봉동, 상봉베스트원아파트)"
서울,571,우림시장점,"서울특별시 중랑구 용마산로 498, 1층 101호(망우동)"
서울,37,경희대점,"서울특별시 동대문구 경희대로 22, 1층(회기동)"
서울,693,연신내역점,"서울 은평구 통일로80길 1, 1층"
서울,1031,성신여대로데오점,"서울 성북구 동소문로22길 12, 1층"
서울,864,회기역점,"망우로 49-7, 1층"
서울,634,성신여대점,"서울특별시 성북구 보문로34길 87, 1층(동선동3가)"
서울,522,불광역점,"서울특별시 은평구 통일로 735-1, 1층(대조동)"
서울,878,면목동점,"겸재로 164, 1층 101호"
서울,734,성북구청점,"서울 성북구 보문로32길 6, 1층"
서울,772,서일대점,"서울 중랑구 용마산로90길 9, 1층 일부"
서울,38,고대2호점,"서울특별시 성북구 개운사길 22-6, 1층(안암동5가)"
서울,422,불광혁신파크점,"서울특별시 은평구 통일로 699, 1층 1호(녹번동)"
서울,699,성대중문점,"서울 종로구 명륜길 40-1, 1층"
서울,558,서울시립대점,"서울특별시 동대문구 서울시립대로 160, 1층(전농동)"
서울,36,고대1호점,서울특별시 성북구 인촌로22길 61(안암동5가)
서울,417,은평구청점,"서울특별시 은평구 은평로 193-2, 1층(녹번동)"
서울,788,성균관로점,"성균관로 19, 1층 일부"
서울,934,청량리역점,"답십리로1길 39-5, 청량리창보리버리치1차 1층 102호"
서울,913,전농뉴타운점,"전농로27길 99, 1층 전부"
서울,641,청량리삼성화재점,"서울특별시 동대문구 고산자로34길 70,1층 105호(용두동, 청량리역 해링턴플레이스)"
서울,659,제기동역점,서울특별시 동대문구 용두동 104-2 훈민타워 Ⅲ 1층
서울,366,면목시장점,"서울특별시 중랑구 면목로33길 38, 1층(면목동)"
서울,170,신설동역점,"서울 동대문구 왕산로 17, 1층 일부"
서울,263,종로숭인점,"서울특별시 종로구 난계로29길 28, 1층(숭인동)"
서울,441,안국역점,서울특별시 종로구 계동길 23(계동)
서울,528,장안현대홈타운점,"서울특별시 동대문구 장안벚꽃로 107, 제상가1동 제1층 제102호(장안동, 장안현대홈타운)"
서울,966,종로인의동점,"창경궁로 132, 1층 일부"
서울,684,황학동점,"서울 중구 마장로9길42, 에이트빌딩 1층"
서울,219,동대문역점,"서울특별시 종로구 종로39길 10-1, 1층(종로6가, 칠성빌딩)"
서울,424,익선동점,"서울특별시 종로구 삼일대로30길 28, 1층(익선동)"
서울,133,수송동점,"서울특별시 종로구 율곡로4길 6, 1층(수송동)"
서울,645,종로창경궁로점,"서울특별시 종로구 창경궁로 113, 1층 (인의동)"
서울,937,종로5가역점,"종로33길 12, 1층"
서울,264,동대문종합시장점,"서울특별시 종로구 종로 258, 1층 2호 내제25호(종로6가, 덕성빌딩)"
서울,637,동평화점,"서울특별시 중구 마장로 1길 28-13, 2동 12호(신당동)"
서울,303,경복궁역점,"서울특별시 종로구 사직로 130, 지하1층 60호, 65호(적선동, 적선현대빌딩)"
서울,638,종로구청북부점,"서울특별시 종로구 종로5길 97, 1층(수송동)"
서울,993,답십리역점,"천호대로 305, 유진빌딩 1층 101호"
서울,753,동대문맥스타일점,"서울 중구 마장로 3, 맥스타일 1층 253호 254호"
서울,165,종로3가점,"서울특별시 종로구 종로 127, 1,2층 103호(종로3가)"
서울,982,중곡제일시장점,"면목로 131, 1층 일부"
서울,436,중곡보건복지행정타운점,"서울특별시 광진구 능동로 400, 1층 130호(중곡동, 보건복지행정타운)"
서울,67,동대문점,"서울특별시 중구 장충단로13길 43, 1층 24-1호(을지로6가)"
서울,889,성동구청점,"고산자로 284, 성동샤르망오피스텔 1층 119호"
서울,473,신당역점,"서울특별시 중구 퇴계로87길 1, 1층(황학동)"
서울,744,종로YBM점,"서울 종로구 종로 104, 종로YBM본관 1층"
서울,442,내수동점,"서울특별시 종로구 새문안로3길 23, 107호(내수동, 경희궁의 아침 4단지)"
서울,899,응암대림시장점,"응암로 183, 1층"
서울,439,종로르메이에르점,"서울특별시 종로구 종로 19, 1층 121-2호(종로1가, 르메이에르종로타운1)"
서울,382,광화문역점,"서울특별시 종로구 새문안로5길 14, 1층(당주동)"
서울,171,관철동점,"서울특별시 종로구 삼일대로 383, 1층(관철동)"
서울,860,신당무학점,"다산로39길 4, 유니크하임 1층 101호"
서울,614,장안동점,"서울특별시 동대문구 천호대로 427-4, 1층 일부(장안동)"
서울,153,을지트윈타워점,"서울특별시 중구 을지로 170, 2층 203호(을지로4가)"
서울,476,장한평점,서울특별시 성동구 천호대로 400(용답동)
서울,208,광화문오피시아점,"서울특별시 종로구 새문안로 92, 지하B201호, 지하B022호(신문로1가, 광화문오피시아빌딩)"
서울,515,장교빌딩점,"서울특별시 중구 삼일대로 363, 2동 1층 1호(장교동, 장교빌딩)"
서울,69,청계다동점,"서울특별시 중구 다동길 43, 1층 118,119,120호(다동, 한외빌딩)"
서울,861,광희빌딩점,"퇴계로 307, 광희빌딩 1층 로비"
서울,916,퇴계로제일제당점,마른내로 136-3 1층 1층 일부
서울,91,을지로입구점,서울특별시 중구 남대문로10길 15 1층
서울,451,삼풍을지로점,"서울특별시 중구 을지로20길 26, 1층(인현동1가)"
서울,728,서대문구청점,"서울특별시 서대문구 연희로 239, 1층 일부"
서울,110,무교점,"서울특별시 중구 남대문로9길 24, 1층 107호(다동, 패스트파이브타워)"
서울,764,한양대병원점,"서울 성동구 사근동길 4, 대학약국빌딩 1층"
서울,312,경희궁자이점,"서울특별시 종로구 경교장길 35, 상가동 1층 3134호(평동, 경희궁자이 3단지)"
서울,548,명지대점,"서울특별시 서대문구 거북골로 34, MCC동 코이노이아홀 지하2층(남가좌동, 명지대학교)"
서울,232,정동점,"서울특별시 중구 정동길 6, 1층(정동)"
서울,838,독립문영천시장점,"통일로 173-1, 1층 일부"
서울,492,명동점,"서울특별시 중구 명동9길 13, 1층(명동1가)"
서울,144,충무로점,서울특별시 중구 수표로 22 아세아빌딩 1층(충무로3가)
서울,1033,한양대학생복지관점,"왕십리로 222, 한양대학교 학생회관 1층 일부"
서울,506,소공동점,"서울특별시 중구 남대문로7길 13(소공동, 지상1층)"
서울,46,동국대점,"서울특별시 중구 서애로1길 18-1, 1,2,3층(필동3가)"
서울,119,시청점,"서울특별시 중구 세종대로 91, 1층(태평로2가)"
서울,729,서대문충정빌딩점,"서울 서대문구 통일로 135, 충정빌딩 1층"
서울,66,충무로역점,"서울특별시 중구 퇴계로 192, 1층 103호(필동1가, 거봉빌딩)"
서울,423,서소문점,"서울특별시 중구 서소문로11길 14, 1층(서소문동)"
서울,771,필동점,"서울 중구 필동로 25, 1층"
서울,726,강동U1센터점,"서울 강동구 고덕비즈밸리로 26, 강동U1센터 1층 B-120호"
서울,108,덕수궁롯데캐슬점,"서울특별시 중구 서소문로9길 28, 지1층 B101호(순화동, 덕수궁롯데캐슬)"
서울,999,명동역3번출구점,"퇴계로18길 8, 1층"
서울,217,북창동점,"서울특별시 중구 남대문로1길 14, 1층(북창동)"
서울,107,서대문역점,"서울특별시 서대문구 충정로6길 59, 1층 A-5호(미근동, 서소문아파트)"
서울,53,남산점,서울특별시 중구 소공로 46 B01호(1층)
서울,488,퍼시픽타워점,"서울특별시 중구 세종대로9길 41, 1층(서소문동, 올리브타워)"
서울,392,아차산역점,"서울특별시 광진구 천호대로129길 7, 1층 (오른쪽 부분)(중곡동)"
서울,380,강일점,"서울특별시 강동구 아리수로93길 33-9, 1층 106호(강일동, 강일프라자)"
서울,349,회현역점,"서울특별시 중구 퇴계로10길 16-1, 1층(회현동1가)"
서울,545,중림한국경제점,"서울특별시 중구 청파로 461, 1층(중림동)"
서울,179,충정로점,"서울특별시 서대문구 경기대로 26-22, 1층(충정로3가)"
서울,405,세종대로점,"서울특별시 중구 세종대로 23, 1층(남대문로5가, 창화빌딩)"
서울,859,충정로역센트럴타워점,"서소문로 38, 센트럴타워 1층 104호, 105호, 106호"
서울,180,서울역이프라자점,"서울특별시 중구 세종대로4길 25, B1층 2호(남대문로5가)"
서울,458,고덕래미안점,"서울특별시 강동구 아리수로50길 50, 1층 147,148호(고덕동, 래미안힐스테이트고덕)"
서울,639,서울숲A1점,"서울특별시 성동구 성수일로 11길 11, 1층(성수동1가)"
서울,897,강동롯데캐슬점,"고덕로 133, 롯데캐슬상가 1층 151호"
서울,976,연대동문점,"연대동문길 27-6, 1층"
서울,733,세종대점,"서울 광진구 광나루로 385, 1층 3호"
서울,1006,중림동점,"중림로 45, 1층"
서울,147,성수낙낙점,"서울특별시 성동구 아차산로17길 48, B동 1층 R104호(성수동2가)"
서울,55,성수우림점,"서울특별시 성동구 광나루로6길 35, 1층 110호(성수동2가, 성수동우림 이비즈센터)"
서울,182,뚝섬역점,"서울특별시 성동구 아차산로 49, 1층 102-2호(성수동1가, 서울숲 코오롱디지털타워 III)"
서울,114,상암사보이시티점,"서울특별시 마포구 월드컵북로54길 17, 1층 104호(상암동, 사보이시티디엠씨)"
서울,896,연세대학교 치과대학병원점,"연세로 50-1, 연세대학교 치과대학병원 로비층"
서울,907,암사역점,"올림픽로 782, 501타워 1층 103호"
서울,674,뚝섬역5번출구점,"서울시 성동구 상원길 24, 1층 102호"
서울,169,상암IT타워점,"서울특별시 마포구 월드컵북로 434, 1층 117호(상암동, 상암 IT Tower)"
서울,652,남산트라팰리스점,"서울특별시 중구 소월로2길 30, 1층 109호(남대문로5가, 남산트라팰리스)"
서울,262,상암중앙점,"서울특별시 마포구 월드컵북로 402, 1층 142호(상암동, 케이지아이티센터)"
서울,470,상일동역점,"서울특별시 강동구 고덕로 385, 1층 113호(고덕동, 고덕그라시움(제4상가))"
서울,128,상암DMC점,"서울특별시 마포구 성암로13길 37, 1,2,3층(상암동)"
서울,680,서울숲아이코닉점,"서울시 성동구 서울숲2길 32-14, 1층 103호"
서울,773,연대서문점,"서울 서대문구 연희로10길 82, 지하1층"
서울,701,서울역서부점,"서울 용산구 청파로 395, 창성빌딩 1층"
서울,174,고덕역점,"서울특별시 강동구 고덕로 262, 1층 119호(명일동, 고덕역 효성해링턴 타워 더퍼스트)"
서울,917,건대후문점,"화양동495-26, 1층 일부"
서울,484,서울역점,"서울특별시 용산구 후암로 101, 1층(동자동)"
서울,603,성수엠타워점,"서울특별시 성동구 뚝섬로1길 31,1층 103호(성수동1가, 서울숲 M타워)"
서울,820,상암이안점,"월드컵북로 361, 2단지 108호 일부"
서울,81,이대점,"서울특별시 서대문구 이화여대8길 2, 1동 제1층 101호(대현동, 무궁화상가아파트)"
서울,590,성수성원점,"서울특별시 성동구 아차산로15길 10, 116호(성수동2가, 성원상떼뷰 오피스텔)"
서울,762,광나루역점,"서울 광진구 천호대로 808, 광장12차현대홈타운 1202동 지하1층 105호"
서울,706,후암시장점,"서울 용산구 후암로 48, 1층 제6호"
서울,431,서울숲코오롱1차점,"서울특별시 성동구 성수일로4길 25, 1층 111호(성수동2가, 서울숲코오롱디지털타워)"
서울,922,건대레이크홀점,"능동로 120, 건국대학교 레이크홀 1층 일부"
서울,629,남산트윈시티타워점,"서울특별시 용산구 한강대로 366, 지하1층 108호(동자동, 트윈시티 남산)"
서울,195,성수AK밸리점,"서울특별시 성동구 연무장길 76, 1층 103호(성수동2가 성수 AK 밸리)"
서울,1024,성수서울숲ITCT점,"성수일로 10, 서울숲ITCT지식산업센터 1층 102호 일부"
서울,950,건대스타시티점,"능동로 110, 스타시티영존 1층 F107호"
서울,960,서울숲한라시그마밸리1차점,"성수이로 51, 서울숲한라시그마밸리1차 1층 104-A호"
서울,269,고덕자이점,"서울특별시 강동구 상일로 55, 상가동 103-1호(상일동, 고덕자이)"
서울,310,신촌점,"서울특별시 서대문구 연세로5길 38, 1층(창천동)"
서울,789,상일동리엔파크점,"상일로 74, 고덕리엔파크3단지 상가2동 1층 101호"
서울,847,연남점,"동교로27길 50, 1층 101호"
서울,841,신촌더피플점,"신촌로12길 4, 1층 101호"
서울,445,홍대경의선숲길점,"서울특별시 마포구 신촌로4길 22-22, 1층(동교동)"
서울,448,마포구청점,"서울특별시 마포구 월드컵로34길 13, 1동 104-2호(성산동, 상암 월드시티)"
서울,973,천호시장점,"구천면로 245, 1층 일부"
서울,985,구의역점,"아차산로 405, 벨라로사오피스텔 1층"
서울,845,홍대본점,"와우산로 149, 1층"
서울,136,자양시장점,"서울특별시 광진구 자양로15길 6, 1층(자양동)"
서울,25,천호점,서울특별시 강동구 올림픽로72길 25(천호동)
서울,748,서강대점,"서울 마포구 백범로 35, 서강대학교 동문회관 1층 1호"
서울,834,서강대후문점,"대흥로 118, 1층"
서울,221,공덕동점,"서울특별시 마포구 마포대로 143, 1층 109호(공덕동, 마포공덕파크팰리스 II)"
서울,321,소담길점,"서울특별시 마포구 마포대로8길 9, 1층 106호(공덕동, 영명빌딩)"
서울,624,공덕효성점,"서울특별시 마포구 마포대로 115-12, 공덕삼성아파트 상가동 1층 103, 104호(공덕동)"
서울,981,강동길동점,"양재대로 1499, 길동역세권청년주택 A동 1층 103호, 104호"
서울,336,남영역점,"서울특별시 용산구 한강대로 259, 1층 108호(갈월동, 고려에이트리움)"
서울,884,마포서교점,"월드컵북로1길 56, 1층"
서울,709,홍대정문점,"서울 마포구 와우산로18길 38, 1층"
서울,118,강동역점,"서울특별시 강동구 천호대로 1089, 지하1층 B31호(천호동, 강동 헤르셔)"
서울,823,강동성심병원점,"진황도로 85, 강동큐브2차 1층 107호"
서울,650,용산더프라임점,"서울특별시 용산구 원효로90길 12, 1층(원효로1가)"
서울,904,홍대잔다리로점,"잔다리로6길 22, 1층 전부"
서울,140,망원역점,"서울특별시 마포구 동교로9길 37, 1층(망원동)"
서울,692,한남순천향병원점,"서울 용산구 대사관로 66, 1층"
서울,585,공덕오거리점,"서울특별시 마포구 새창로 13, 1층(도화동)"
서울,831,효창공원앞역점,"백범로 313, 용산롯데캐슬센터포레아파트 지하3층 115호"
서울,370,이태원동점,"서울특별시 용산구 보광로59길 9, 1층(이태원동)"
서울,418,성내점,"서울특별시 강동구 풍성로 95, 1층 101호(성내동)"
서울,542,합정역해링턴타워점,"서울특별시 마포구 양화로 72, 1층 123호(서교동, 서교동 효성 해링턴 타워)"
서울,714,마포용강점,"서울 마포구 토정로31길 49, 1층"
서울,257,마포트라팰리스점,"서울특별시 마포구 마포대로 53, 1층 120호(도화동, 마포트라팰리스)"
서울,324,메세나폴리스점,"서울특별시 마포구 양화로 45, 몰동 지1층 B181호(서교동, 메세나폴리스)"
서울,715,상수역점,"서울 마포구 와우산로 39, 1층"
서울,471,용산구청점,"서울특별시 용산구 녹사평대로32길 51, 지1층(이태원동)"
서울,593,강동구청점,"서울특별시 강동구 성내로3가길 27, 1층 101호(성내동, 성내 퍼스트초이스)"
서울,948,용산용문시장점,효창원로42길 16. 1층 일부
서울,647,압구정역점,"서울특별시 강남구 압구정로30길 12, 지상1층(신사동)"
서울,295,둔촌동점,"서울특별시 강동구 양재대로102가길, 7 1층(둔촌동)"
서울,746,청담점,"서울 강남구 압구정로79길 38, 데오빌로 1층"
서울,768,마포도화점,"서울 마포구 마포대로4길 18, 1층"
서울,927,용산국방부점,"한강대로62다길 35, 1층 102호"
서울,742,용산원효점,"서울 용산구 원효로 139-1, 1층"
서울,1025,압구정유림아트홀점,"압구정로28길 49, 유림아트홀 1층 103호"
서울,194,신용산점,"서울특별시 용산구 새창로 217, 1층 제121, 122, 123, 127, 131호(한강로2가, 용산토투밸리)"
서울,1020,둔촌파크포레온5점,"양재대로 1360, 포레온스테이션5 지하1층 B111호 일부"
서울,141,신사압구정점,"도산대로25길 36, 1층 101호"
서울,1000,논현언주로점,"언주로150길 24, 1층"
서울,390,잠실나루역점,"서울특별시 송파구 올림픽로37길 130 A상가동 1층 162호(신천동, 파크리오)"
서울,947,용산아스테리움점,"한강대로30길25, 아스테리움용산 지하1층 20호"
서울,51,장미상가점,"서울특별시 송파구 올림픽로35길 124, 에이상가 2동 1층 102호(신천동, 장미아파트)"
서울,250,용산푸르지오써밋점,"서울특별시 용산구 한강대로 69, 상가동 1층 104-2호(한강로2가, 용산푸르지오써밋)"
서울,653,가양양천초점,"서울특별시 강서구 양천로 49길 39, 1층 1호(가양동)"
서울,955,용산센트럴파크점,"한강로2가 204, 용산호반써밋에이디션 1층 112호"
서울,805,신사가로수길점,"도산대로 139, 제이타워 B동 지하1층 2호"
서울,214,증미한화점,"서울특별시 강서구 양천로 551-24, 102호(가양동, 한화비즈메트로2차)"
서울,31,한강자이타워점,"서울특별시 강서구 양천로 401, A동 1층 116호(가양동, 강서한강자이타워)"
서울,908,논현중앙점,"학동로33길 40, B1층 전부"
서울,301,신사동점,"서울특별시 강남구 강남대로156길 8, 1층 103호(신사동)"
서울,50,우림블루나인점,"서울특별시 강서구 양천로 583, 1층 112호(염창동, 우림블루나인비즈니스센터)"
서울,485,강남구청점,"서울특별시 강남구 선릉로129길 11, 101호(논현동)"
서울,881,강서더리브골드타워점,"양천로 400-12, 더리브골드타워 1층 106호"
서울,455,봉은사역점,"서울특별시 강남구 영동대로112길 9, 지상1층 3호(삼성동)"
서울,494,신사점,"서울특별시 강남구 도산대로8길 5, 1층(논현동)"
서울,238,가양스카이밸리점,"서울특별시 강서구 화곡로 416, 1층 138호(등촌동, 가양역 더스카이밸리5차 지식산업센터)"
서울,970,마곡뉴브클라우드힐스점,"마곡중앙8로1길 81, 뉴브클라우드힐스 BT동 1층 110호"
서울,533,증미역NH서울타워점,"서울특별시 강서구 양천로 570, 1층 114호(등촌동, NH서울축산농협NH서울타워)"
서울,944,용산유플러스점,"한강대로14가길 24, 1층"
서울,561,강서IT밸리점,"서울특별시 강서구 화곡로68길 82,1층 111호(등촌동, 강서아이티밸리)"
서울,443,몽촌토성역점,"서울특별시 송파구 위례성대로2길 8, 1층 109,110호(방이동, 새천년잠실헤리츠오피스텔)"
서울,235,양천향교역점,"서울특별시 강서구 강서로 455, 101동 1층 117호(마곡동, 마곡경동미르웰)"
서울,512,루터회관점,"서울특별시 송파구 올림픽로35다길 42, 1층 101호(신천동, 루터회관)"
서울,704,학동역사거리점,"서울 강남구 논현로131길 12, B1층"
서울,211,잠실지하상가점,"서울특별시 송파구 송파대로 567, B동 15호(잠실동, 잠실역지하도상가)"
서울,353,방이점,"서울특별시 송파구 올림픽로30길 9, 1층 108호(방이동, 엘루이시티)"
서울,808,삼성중앙역점,"봉은사로 471, 힐스테이트2단지 상가1층 102호"
서울,673,학동점,"서울시 강남구 언주로 125길 8, 지상1층 104호"
서울,465,염창역점,"서울특별시 강서구 공항대로 637, 상가동 1층 101호(염창동, 염창현대아이파크아파트)"
서울,756,잠실엘스점,"서울 송파구 올림픽로 119, 잠실파인애플상가 1층 40호"
서울,765,방이2호점,"서울 송파구 오금로13길 3-11, 한길빌딩 1층 104호"
서울,676,여의도공원점,"서울시 영등포구 은행로 60-1, 1층 111호"
서울,377,선유도코오롱타워점,"서울특별시 영등포구 양평로22길 21, 1층 A107호(양평동5가, 선유도 코오롱디지털타워)"
서울,460,잠실리센츠점,"서울특별시 송파구 올림픽로 145, 상가동 1층 1에이91호(잠실동, 리센츠)"
서울,251,봉은사로선정릉점,"서울특별시 강남구 봉은사로 438, 지상1층(삼성동, 몽베르빌딩)"
서울,577,잠실종합운동장점,"서울특별시 송파구 올림픽로8길 4-11, 1층 101호(잠실동, 잠실 포레디움)"
서울,731,삼성로점,"서울 강남구 삼성로 549, 정화빌딩 1층 102호"
서울,587,서여의도점,"서울특별시 영등포구 국회대로76길 18, 1층 4호(여의도동, 오성빌딩)"
서울,344,삼성역현대GBC점,"서울특별시 강남구 테헤란로107길 11, 지상 1층 103호(삼성동, 성보타운)"
서울,664,마곡호서대점,"서울 강서구 강서로56가길 53, 1층"
서울,589,잠실트리지움점,"서울특별시 송파구 석촌호수로 61, 1층 146호(잠실동, 트리지움)"
서울,750,선정릉역1번출구점,"서울 강남구 봉은사로51길 5, 1층 A03호"
서울,453,논현아이파크점,"서울특별시 강남구 언주로 615, 103동 지하1층 B122호(논현동, 논현아이파크)"
서울,185,마곡나루점,"서울특별시 강서구 마곡중앙5로1길 20, 1층 111호(마곡동, 마곡나루역보타닉비즈타워)"
서울,954,여의도에클라트점,"국회대로 780, LG여의도에클라트 1층 116호"
서울,88,등촌역점,"서울특별시 양천구 목동중앙북로7가길 4, 1층 4호(목동, 정목빌딩2)"
서울,308,논현역점,"서울특별시 강남구 학동로2길 6, 1층 104호(논현동)"
서울,854,당산양화대교남단점,"선유로54길 14, 소미더클래스한강 102동 1층 103호"
서울,912,선유도우림라이온스점,"양평로 149, 우림라이온스밸리A 1층 103호"
서울,598,잠원논현역점,"서울특별시 서초구 신반포로47길 9-21, 101호(잠원동, 원진빌딩)"
서울,839,마곡파인스퀘어3차점,"마곡중앙8로5길 11, 마곡파인스퀘어3차 1층 107호"
서울,82,여의도점,"서울특별시 영등포구 국회대로 70길 22, 104(여의도동)"
서울,274,삼성도심공항점,"서울특별시 강남구 테헤란로87길 17, 지상1층 105-1호(삼성동 마젤란 21 아스테리움)"
서울,1017,삼성역점,"테헤란로108길 12, 하나빌딩 1층"
서울,258,우장산롯데캐슬점,"서울특별시 강서구 공항대로 382, 제상가동 제1층 제106호(화곡동, 우장산롯데캐슬아파트)"
서울,298,마곡두산더랜드타워점,"서울특별시 강서구 마곡서로 152, 에이동 105호(마곡동, 두산더랜드타워)"
서울,229,파크원타워1점,서울특별시 영등포구 여의대로 108 여의도파크원타워 타워1 2층
서울,990,선유도역점,"선유로49길 23, 선유도역2차아이에스비즈타워 1층 101호,102-1호"
서울,1036,여의도산정빌딩점,"국회대로66길 23, 산정빌딩 1층 103호"
서울,883,약진통상점,"위례성대로 132, 1층 일부"
서울,974,선정릉점,"삼성로 517, 채널리저브 1층 103호"
서울,644,선유도ISBIZ1차점,"서울특별시 영등포구 양평로21길 26, 1층 101호(양평동5가, 선유도역1차아이에스비즈타워)"
서울,132,삼성역현대백화점사옥점,"서울특별시 강남구 영동대로85길 20, 지상1층 102호(대치동)"
서울,212,당산이레빌딩점,"서울특별시 영등포구 선유동2로 57, 1층(양평동4가, 이레빌딩)"
서울,557,여의도IFC몰점,"서울특별시 영등포구 국제금융로 10, B2층 일부호(여의도동,서울 국제금융 센터) 무빙워크"
서울,855,언주역점,"봉은사로30길 11, 1층 102호"
서울,689,서울강서경찰서점,"서울 강서구 화곡로 318, 1층"
서울,57,포스코사거리점,"서울특별시 강남구 테헤란로84길 16, 지상1층(대치동)"
서울,724,당산삼성타운점,"서울 영등포구 당산로44길 3, 삼성타운 1층 111호 전면부"
서울,581,여의도스카우트빌딩점,"서울특별시 영등포구 국회대로62길 14, 1층 102호(여의도동, 한국보이스카우트연맹회관)"
서울,311,선릉성원빌딩앞점,"서울특별시 강남구 선릉로94길 3, 1층(삼성동)"
서울,80,여의도KBS본관점,"서울특별시 영등포구 의사당대로 38, 102동 1층 125호(여의도동, 여의도더샵아일랜드파크)"
서울,711,역삼FnF점,"서울 강남구 테헤란로39길 55, 1층"
서울,385,목동1단지점,"서울특별시 양천구 목동서로 38, 상가비동 1층 101(5)호(목동, 목동신시가지아파트1단지)"
서울,616,에이스타워마곡점,"서울특별시 강서구 공항대로 237, 1층 119호(마곡동, 에이스타워 마곡)"
서울,1030,마곡나루역5번출구점,"마곡중앙로 111, 롯데캐슬르웨스트 104동 1층 163호"
서울,620,선릉대치점,"서울특별시 강남구 선릉로90길 56, 지상1층 102호(대치동, 대치동 대우아이빌명문가)"
서울,513,여의도증권가점,"서울특별시 영등포구 국제금융로2길 36, 1층(여의도동, 유화증권빌딩)"
서울,207,포스코센터점,"서울특별시 강남구 삼성로85길 11, 생활편익시설동 지하1층 B11호(대치동, 롯데캐슬아파트)"
서울,1021,위더스논현점,"강남대로112길 25, 위더스빌딩 1층"
서울,930,마곡이너매스점,"마곡중앙6로 21, 이너매스마곡 1층 110호"
서울,138,여의도라이프점,"서울특별시 영등포구 63로 40, 지하1층 22,23호(여의도동)"
서울,837,논현반포점,"강남대로83길 21, 1층"
서울,946,신방화역점,"마곡중앙5로 87, 우성르보아2차 1층 121호"
서울,570,마곡보타닉파크타워2차점,"서울특별시 강서구 공항대로 213, 1층 107호(마곡동, 보타닉파크타워2)"
서울,307,선릉역점,"서울특별시 강남구 테헤란로64길 9, 지하1층 101호(대치동, 선릉역대우아이빌)"
서울,1005,여의도부국증권점,"국제금융로6길 17, 부국증권빌딩 지하 1층 116호"
서울,205,여의도미원빌딩점,"서울특별시 영등포구 국제금융로 70, 1층 114호(여의도동, 미원빌딩)"
서울,474,휘문고교점,"서울특별시 강남구 역삼로 538, 지상1층 104호(대치동, 블루스카이보습학원)"
서울,35,당산중앙점,"서울특별시 영등포구 당산로 175, 상가동 1층 104호(당산동4가. 당산동 삼익플라주아파트)"
서울,360,개화산역점,"서울특별시 강서구 양천로 19, 1층 101호(방화동, 라테라스)"
서울,1009,선릉로켓점,"선릉로89길 9, 1층"
서울,817,당산하늘점,"버드나루로 88, 인따르시아 사옥 1층 102호"
서울,776,영등포한양아이클래스점,"서울 영등포구 영신로 228-6, 영등포한양아이클래스 1층 107호"
서울,304,양평동3가점,"서울특별시 영등포구 선유로40길 12, 1층(양평동3가)"
서울,93,마곡그랑트윈타워점,"서울특별시 강서구 마곡중앙4로 18, 1층 105호(마곡동)"
서울,800,KBS별관점,"여의대방로 375, 1층 105호"
서울,109,제일KCC점,"서울특별시 서초구 주흥길 3, 104호(반포동, 시범빌딩)"
서울,188,영등포리마크빌점,"서울특별시 영등포구 영중로 109, 1층(영등포동8가)"
서울,375,여의도역점,"서울특별시 영등포구 의사당대로 108, 상가동 1층 118호(여의도동, 아일렉스)"
서울,457,샛강역점,"서울특별시 영등포구 의사당대로1길 11, 1층 107호(여의도동, 메종리브르오피스텔)"
서울,686,역삼역한라빌딩점,"서울 강남구 테헤란로25길 30, 1층"
서울,359,테헤란로중앙점,"서울특별시 강남구 언주로 432-10, 1층 101호(역삼동, 역삼오피스텔)"
서울,398,신논현점,"서울특별시 서초구 사평대로56길 7, 1층 107호(서초동, 서초한일유앤아이주상복합)"
서울,123,마곡류마타워점,"서울특별시 강서구 공항대로 164, 1층 119호(마곡동, 류마타워)"
서울,504,역삼역점,"서울특별시 강남구 테헤란로27길 8, 1층(역삼동, 다온빌딩)"
서울,543,한강성심병원점,"서울특별시 영등포구 버드나루로7길 3, 1층 104호(영등포동2가, 경동미르웰 여의도)"
서울,126,역삼언주로점,"서울특별시 강남구 언주로85길 32, 2층 201호(역삼동)"
서울,1037,역삼역5번출구점,"테헤란로 147, 성지하이츠2차 1층 102호"
서울,116,영등포구청역점,"서울특별시 영등포구 당산로31길 16, 1층(당산동3가)"
서울,705,오금역점,"서울 송파구 오금로 307, 르네상스빌아파트 1층 101호"
서울,902,대치학원가점,"도곡로 501, SM타워 지하1층 B102호"
서울,105,영등포시장역점,"서울특별시 영등포구 영중로 75-1, 1층(영등포동7가)"
서울,892,디앤써밋영등포점,"버드나루로 23, 여의도디앤써밋 1층 101호"
서울,721,메가스터디타워점,"서울 동작구 노량진로140, 메가스터디타워 1층 102호"
서울,376,역삼신한점,"서울특별시 강남구 언주로 405, 지상1층 106호(역삼동)"
서울,793,송파둘레길본점,"삼전로2길 57, 매머드빌딩 1층"
서울,178,국기원점,"서울특별시 강남구 테헤란로5길 11, 1층 2호(역삼동)"
서울,751,영등포이앤씨점,"서울 영등포구 선유로 146, 이앤씨드림타워 1층 121호일부"
서울,784,역삼월드점,"역삼로52길 14, 월드메르디앙 도곡프라자 1층 112호"
서울,743,영등포반도아이비밸리점,"서울 영등포구 영신로 166, 영등포반도아이비밸리 1층 118호"
서울,368,역삼신일유토빌점,"서울특별시 강남구 논현로87길 41, 1층 104-1호(역삼동, 신일유토빌)"
서울,27,중앙대점,"서울특별시 동작구 흑석로101, 1층(흑석동)"
서울,122,대치점,"서울특별시 강남구 도곡로 442, 1층 104호(대치동, 진흥빌딩)"
서울,626,목동중앙점,"서울특별시 양천구 목동서로 133-4, 1층 105호(목동, 스카이포레)"
서울,757,역삼중앙점,"서울 강남구 강남구 논현로 425, 마이다스빌딩 1층 102호"
서울,313,노량진큐브점,"서울특별시 동작구 노량진로 80, 1층 101호(노량진동, 노량진큐브스테이트)"
서울,181,강남해커스타운점,"서울특별시 서초구 서초대로77길 9, 1층 105호(서초동)"
서울,331,영등포리드원점,"서울특별시 영등포구 양산로 91, 1층 119호(당산동3가, 리드원)"
서울,346,영등포동2가점,"서울특별시 영등포구 영등포로 251-1, 1층 일부(영등포동2가)"
서울,44,대방역점,"서울특별시 영등포구 여의대방로62길 2, 1층(신길동, 봉덕빌딩)"
서울,794,동역삼로점,"역삼로 213, 1층 101호"
서울,242,송파헬리오시티점,"서울특별시 송파구 송파대로 345, 001A동 1001호(가락동, 헬리오시티)"
서울,995,우장산역점,"강서로45가길 10, 경원빌딩 1층 103호"
서울,953,영등포시장사거리점,"영등포로 198-1, 1층"
서울,115,삼성타운점,"서울특별시 서초구 서운로 138, 108호(서초동, 서초동아타워)"
서울,977,영등포유통상가점,"당산동2가 37, 하나비즈타워 1층 101호"
서울,563,당산생각공장점,"서울특별시 영등포구 영등포로 150, 1층 B112호(당산동1가, 생각공장 당산)"
서울,151,목동41타워점,"서울특별시 양천구 목동동로 293, 1층 1-13호(목동, 현대41타워)"
서울,720,서역삼로점,"서울 강남구 역삼로 166, 1층"
서울,604,강남서초점,"서울특별시 서초구 서초대로78길 30, 1층 1호(서초동)"
서울,438,동아프라임밸리점,"서울특별시 영등포구 영등포로5길 19, 1층 105호(양평동2가, 동아프라임밸리)"
서울,278,타임스퀘어시티점,"서울특별시 영등포구 문래로 180, 1층 102호(영등포동4가, 영등포 센트럴 푸르지오 시티)"
서울,26,영등포우체국점,"서울특별시 영등포구 경인로 841, 1층(영등포동4가)"
서울,481,강남1호점,"서울특별시 강남구 역삼로 113, 1층 102호(역삼동)"
서울,41,서초법원점,"서울특별시 서초구 서초중앙로24길 15, 1층(서초동, 단우빌딩)"
서울,75,경찰병원점,"서울특별시 송파구 송파대로28길 43, 1층 102호(가락동)"
서울,850,목동점,"목동서로 221, 굿모닝탑오피스텔 1층 110호"
서울,666,문래에이스NS타워점,"서울 영등포구 문래동6가 33, 에이스NS타워 1층 108호"
서울,752,오목교역점,"서울 양천구 오목로 345, 슬로우스퀘어 1층 108-1호"
서울,787,영등포역남부점,"영신로19길 12-1, 1층"
서울,22,교대후문점,"서울특별시 서초구 서초대로54길 33, 1층(서초동)"
서울,980,동작행정타운점,"장승배기로 70, 장승배기종합행정타운 10호"
서울,285,가락시장역점,"서울특별시 송파구 송파대로 260, 1층 105호(가락동, 제일오피스텔)"
서울,403,강남효성해링턴점,"서울특별시 서초구 강남대로51길 10, 1층 106호(서초도으 강남효성해링턴타워)"
서울,1035,신정초교점,"강서로16길 88, 1층"
서울,662,방배카페골목점,"서울 서초구 방배로43길 43, 1층 103호"
서울,131,에이스하이테크시티점,"서울특별시 영등포구 경인로 775, B183호(문래동3가, 에이스하이테크시티)"
서울,56,뱅뱅사거리점,"서울특별시 강남구 강남대로62길 11, 1층(역삼동)"
서울,920,도곡군인공제회관점,"남부순환로 2806, 군인공제회관 B1 106호"
서울,172,문래SKV1점,"서울특별시 영등포구 선유로9길 10, 1층 129호(문래동6가, 문래 SKV1 center)"
서울,68,까치산역점,"서울특별시 강서구 강서로16길 5, 1층(화곡동)"
서울,931,서초마제스타시티점,"서초대로38길 12, 마제스타시티서초애비뉴 제1층 117호"
서울,1008,서초중앙점,"강남대로43길 10, 1층"
서울,761,서울교대정문점,"서울 서초구 사임당로 60, 1층 일부"
서울,801,교대사거리점,"사임당로 39, 한성빌딩 1층 104-2호"
서울,586,숭실대입구역점,"서울특별시 동작구 상도로62길 69, 1층(상도동, 라온)"
서울,254,매봉역점,"서울특별시 강남구 남부순환로378길 8, 1층(도곡동)"
서울,875,수서목화점,"광평로 56길 8-9, 목화오피스텔 1층 101호"
서울,546,거여동점,"서울특별시 송파구 오금로 558, 1층 102호(거여동, 문성회관)"
서울,150,양재역점,"서울특별시 강남구 남부순환로359길 12, 1층 101호(도곡동, 항덕빌딩)"
서울,355,서초점,"서울특별시 서초구 서초대로40길 88, 103호 (서초동)"
서울,86,숭실대점,"서울특별시 동작구 사당로 24, 1층(상도동)"
서울,816,양재역강남대로점,"강남대로 248, 1층"
서울,723,내방점,"서울 서초구 방배로 174, 1층"
서울,671,신정교점,"서울 양천구 신목로 31,1층 102호(신정동)"
서울,193,서초센트럴점,"서울특별시 서초구 반포대로18길 36, 1층 107호(서초동, 서초센트럴IPARK)"
서울,989,서초구청점,"남부순환로347길 13, 동흥빌딩 1층 102호"
서울,579,서초서일점,"서울특별시 서초구 효령로68길 59, 1층(서초동)"
서울,609,문정skv1지하점,"서울특별시 송파구 법원로 128, B동 지하 120호 (문정동, 문정 SKV1 GL메트로시티)"
서울,34,문정skv1점,"서울특별시 송파구 법원로 128, B동 1층 103호(문정동, 문정 SKV1 GL메트로시티)"
서울,932,신대방삼거리역점,"상도로 69, 상원빌딩 103호"
서울,117,남부터미널역점,"서울특별시 서초구 효령로53길 18, 1층 114호(서초동, 석탑오피스텔)"
서울,613,양재동점,"서울특별시 서초구 남부순환로356길 26, 1층 102호(양재동)"
서울,611,문정역점,"서울특별시 송파구 법원로 114, E동 지1층 E-B169호(문정동, 엠스테이트)"
서울,329,송파에코점,"서울특별시 송파구 정의로7길 13, 1층 135호(문정동, 힐스테이트에코송파)"
서울,395,서초쌍용플래티넘점,"서울특별시 서초구 서초중앙로 18, 113호(서초동, 서초쌍용플래티넘)"
서울,713,보라매역부광약품점,"서울 동작구 상도로 13, 1층"
서울,305,신도림점,"서울특별시 구로구 경인로 661, 123호(신도림동, 신도림1차푸르지오)"
서울,111,문정점,"서울특별시 송파구 법원로11길 11, A동 1층 103호(문정동, 문정현대지식산업센터1-1)"
서울,319,보라매자이점,"서울특별시 동작구 여의대방로22길 121, 1층 1221호(신대방동, 보라매자이 더 포레스트)"
서울,20,문정테라타워점,"서울특별시 송파구 송파대로 167, A동 G155호(문정동, 문정역테라타워)"
서울,942,방배하나카드점,"방배로19길 14, 1층 102호"
서울,357,양재산기협점,"서울특별시 서초구 바우뫼로37길 36, 1층(양재동)"
서울,400,서초효령로점,"서울특별시 서초구 명달로 58, 1층 102호(서초동)"
서울,100,이수역점,"서울특별시 서초구 서초대로 12, 101동 104호(방배동, 세양아르비채)"
서울,578,양천구청이스타빌점,"서울특별시 양천구 목동서로 377, A동 1층 103호(신정동, 이스타빌3차)"
서울,849,예술의전당앞점,"반포대로 7, 1층"
서울,962,서서울호수공원점,"남부순환로58길 33, 1층 105호"
서울,783,이수자이점,동작대로23길 12 1층
서울,909,보라매초교점,"여의대방로 88, 1층 일부"
서울,738,양재일동제약점,"서울 서초구 바우뫼로 147, 스카이뷰빌딩 1층"
서울,99,포이점,"서울특별시 서초구 마방로10길 18-1, 1층(양재동, 남광빌딩)"
서울,196,남성점,"서울특별시 동작구 사당로16길 12, 1층(사당동)"
서울,767,가든파이브툴동점,"서울 송파구 충민로 10, 가든파이브툴동 1층 S01호"
서울,712,보라매대교점,"서울 동작구 보라매로3길 29, 해태보라매타워 1층 12호"
서울,1007,가든파이브웍스점,"충민로 52, 가든파이브웍스 지하1층 1074호"
서울,237,보라매공원점,"서울 동작구 보라매로5길 43, 보라매삼성쉐르빌아파트 1층 105호"
서울,983,구로거리공원점,"구로중앙로28길 73, 구로하우비 1층 105호"
서울,643,구로공구상가점,"서울특별시 구로구 구로중앙로 211, 1층 제101,102호(구로동)"
서울,832,관악중앙점,"관악로 195, 관악위버폴리스 1층 제102호"
서울,621,자곡동점,"서울특별시 강남구 자곡로 180, 1층 103-1호(자곡동, 강남유탑유블레스)"
서울,921,한림대강남성심병원점,"시흥대로187길 12, 대림동현대아파트 상가 1층 104호, 105호"
서울,78,구로대명벨리온점,"서울특별시 구로구 경인로53가길 10, 1층 107호(구로동, 구로 대명 벨리온 지식산업센터)"
서울,687,관악센츄리타워점,"서울시 관악구 남부순환로 1808, 1층 3호"
서울,223,봉천역점,"서울특별시 관악구 남부순환로 1733, 1층(봉천동)"
서울,463,구로구청점,"서울특별시 구로구 가마산로 271, 1층 101호(구로동, 구롱오네뜨시티)"
서울,127,사당점,"서울특별시 관악구 과천대로 953, 1층(남현동)"
서울,343,서울대입구역점,"서울특별시 관악구 관악로 168, 제1층 제108-1호(봉천동, 대우디오슈페리움2단지)"
서울,340,신림역점,"서울특별시 관악구 신림로 344, 102호, 103호(신림동, 에스케이허브그린)"
서울,309,매헌역점,"서울특별시 서초구 강남대로10길 41, 1층(양재동)"
서울,829,낙성대점,"남부순환로244길 14, 1층"
서울,332,관악구청점,"서울특별시 관악구 관악로11길 17, 1층 104호(봉천동, 연빌딩)"
서울,936,고척스카이돔점,경인로 430 고척스카이돔
서울,700,BYC사옥점,서울 영등포구 대림동 1005-3 (준공 전이라 구주소 입력)
서울,428,휴포레점,"서울특별시 동작구 시흥대로 606, 상가1층 110호(신대방동, 동작 협성휴포레 시그니처)"
서울,717,우면동점,"서울 서초구 성촌1길 12, 삼성프라자2 1층 103호"
서울,124,구로시장점,"서울특별시 구로구 구로동로26길 119, 1층 102호(구로동, 정엽빌딩)"
서울,58,구로디지털단지점,"서울특별시 구로구 디지털로32나길 17-45, 1층 101호(구로동, 오피스텔미래지오)"
서울,62,구로삼성IT밸리점,"서울특별시 구로구 디지털로33길 27, 1층 107-1호(구로동, 삼성아이티밸리)"
서울,876,양재시민의숲점,"매헌로1길 30, 1층"
서울,121,구로에이스테크노타워3차점,"서울특별시 구로구 디지털로29길, 38, 103호(구로동, 에이스테크노타워 III)"
서울,894,구로지플러스타워점,"디지털로26길 123, 지플러스타워 지하1층 B106호"
서울,828,구로코오롱타워2차점,"디지털로30길 31, 1층 103호"
서울,967,구로KT점,"조원중앙로1길 19, 체나콜빌 1층 101호"
서울,592,구로대진월드타워점,"서울특별시 구로구 시흥대로163길 25,102호(구로동, 대진월드Ⅰ)"
서울,702,서초호반점,"서울 서초구 양재대로2길 8, 서초리슈빌s글로벌 1층 108호"
서울,45,신림대학점,"서울특별시 관악구 호암로26길 1, 1층 1호(신림동)"
서울,853,구로에이스하이엔드1차점,"디지털로26길 5, 에이스하이엔드타워1차 1층 104호 일부"
서울,836,구로대륭포스트8차점,"디지털로26길 43, 대륭포스트타워8차 1층 111호 일부"
서울,228,가산포휴점,"서울특별시 금천구 가산디지털1로 225, 1층 122-1호(가산동, 에이스가산 포휴)"
서울,342,대륭포스트5차점,"서울특별시 금천구 디지털로9길 68, 1층 112~113호(가산동, 대흉포스트타워 5차)"
서울,216,가산디지털단지역점,"서울특별시 금천구 벚꽃로 298, 1층 104-2호(가산동, 대륭포스트타워6차)"
서울,152,에이스K-1타워점,"서울특별시 금천구 가산디지털2로 166, 1층 101호(가산동, 에이스1타워)"
서울,933,가산갑을그레이트밸리점,"디지털로9길 32, 갑을그레이트밸리 1층 114호"
서울,255,가산W센터점,"서울특별시 금천구 가산디지털1로 181, 1층 110호(가산동, 가산 더블유센터)"
서울,595,가산반도아이비밸리점,"서울특별시 금천구 가산디지털로 204, 1층 105호(가산동)"
서울,454,가산SJ테크노빌점,"서울특별시 금천구 벚꽃로 278, 1층 104호(가산동, SJ테크노빌)"
서울,669,내곡동한국콜마점,서울 서초구 헌릉로8길 60 상가동 106호
서울,890,아스크타워점,"디지털로10길 37, 아스크타워 1층 126호"
서울,64,가산스카이밸리1차점,"서울특별시 금천구 가산디지털1로 142, 1층 129호(가산동, 가산 더스카이밸리 1차)"
서울,1014,가산어반워크점,"가산디지털2로 135, 가산어반워크 1층 122호 일부"
서울,872,퍼블릭가산점,"디지털로 178, 퍼블릭가산 1층 M-115호"
서울,378,에이스하이엔드타워6차점,"서울특별시 금천구 벚꽃로 234, 1층 110호(가산동, 에이스하이엔드타워6차)"
서울,727,가산테라타워점,"서울 금천구 디지털로10길 78, 가산테라타워 105호,106호의 일부"
서울,446,한라원앤원타워점,"서울특별시 금천구 가산디지털2로 101, 1층 118호(가산동)"
서울,895,가산SK트윈테크점,"가산디지털1로 119, SK트윈테크타워 1층 B동 103호"
서울,101,에이스가산타워점,"서울특별시 금천구 디지털로 121, 1층 103호(가산동, 에이스가산타워)"
서울,374,가산IT프리미어타워점,"서울특별시 금천구 가산디지털1로 88, 1층 102-2호(가산동, IT프리미어타워)"
서울,333,대륭19차점,"서울특별시 금천구 가산디지털2로 70, 1층 101호(가산동, 대륭테크노타운19차)"
서울,421,오류동점,"서울특별시 구로구 오류로 51, 1층(오류동)"
서울,410,호서대벤처타워점,"서울특별시 금천구 가산디지털1로 70(가산동, 호서대벤처타워 101호)"
서울,199,금천점,"서울특별시 금천구 시흥대로115길 13, 1층 102호, 103호(독산동)"
서울,958,가산한화비즈메트로2차점,"가산디지털2로 43-14, 가산한화비즈메트로2차 1층 131호, 132호"
서울,580,가산G밸리더리브스마트타워점,"서울특별시 금천구 가산디지털2로 34, 1층 111호(가산동, 지벨리더리브스마트타워)"
서울,466,잔카드림타워점,"서울특별시 금천구 가산디지털2로 35, 1층 105호(가산동)"
서울,129,독산점,"서울특별시 금천구 가산디지털1로 25, 제1층 제102호(가산동, 대륭테크노타운17차)"
서울,293,독산역스카이밸리2차점,"서울특별시 금천구 범안로 1142, 1층 113(일부)호(가산동, 하우스디 더 스카이밸리 가산2차)"
서울,256,금천롯데타워점,"서울특별시 금천구 벚꽃로 110, 지상1층 101호(독산동, 명남더블레스)"
서울,306,금천롯데캐슬2차점,"서울특별시 금천구 벚꽃로 30, 205동 1층 108호(독산동, 금천 롯데캐슬 골드파크 2차)"
서울,85,시흥동점,"서울특별시 금천구 금하로 747-1, 1층 일부(시흥동, 리빙스턴하우스)"
서울,120,시흥대교점,"서울특별시 금천구 금하로 601, 1층 101호(시흥동)"
서울,318,구로SKV1점,"서울특별시 구로구 부광로 88, BB104호(항동, 구로 SK V1 center)"
서울,289,목2동점,"서울특별시 양천구 목둥중앙북로 73, 1층 103호(목동, 덕수프라자)"
서울,192,수유시장점,"서울특별시 강북구 도봉로67길, 1층 07호(수유동, 수유시장)"
서울,189,중앙대후문점,"서울특별시 동작구 흑서로 25, 지하1층(상도동)"
경기,707,지행역점,"경기 동두천시 동두천로 129, 내행프라자 1층 111호"
경기,280,포천소흘점,"경기도 포천시 소흘읍 솔모루로 72, A동 1층 101호"
경기,226,녹양점,"경기도 의정부시 비우로 86, 1층(녹양동)"
경기,627,경기도청북부청사역점,"경기도 의정부시 장곡로 626, B동 1층 109호(신곡동, 금오종합상가)"
경기,792,용현산단점,"산단로76번길 115, 제1층 제103호"
경기,166,어룡역점,"경기도 의정부시 용현로105번길 23-1, 1층 104호(민락동, 대우프라자)"
경기,1039,의정부더리브센텀점,"배꽃길 105, 의정부더리브센텀스퀘어1 지식산업센터1동 1층 125호"
경기,668,의정부듀클래스점,"경기 의정부시 문화로 6, 한강의정부고산듀클래스 A동 A124호"
경기,858,포천용정산단점,"군내면 용정경제로1길 13-17, 나동 1층 101호"
경기,272,별내파라곤스퀘어점,"경기도 남양주시 순화궁로 249, C113호(별내동, 별내역 파라곤스퀘어제판매시설1동)"
경기,696,삼육대후문점,"경기 남양주시 불암로 41-70, 1층"
경기,791,갈매스칸센점,"갈매순환로 180, 현대스칸센알토 1층 BC동 01-0016호"
경기,739,갈매점,"경기 구리시 갈매중앙로 80, 갈매동행정복지센터 1층 102호"
경기,271,다산중앙점,"경기도 남양주시 다산중앙로145번길 15, 1층 111호(다산동, 신해센트럴타워 II)"
경기,416,다산아이파크점,"경기도 남양주시 다산순환로 325, 1층 101호(다산동, 다산 아이파크 상가)"
경기,338,삼송mbn미디어시티점,"경기도 고양시 덕양구 동송로 30, 1층 111호(동산동, 삼송 더샵 미디어시티 근린생활시설)"
경기,826,평내호평역점,"늘을2로 20, 리베로빌딩 1층 116호"
경기,730,남양주시청제1청사점,"경기 남양주시 경춘로양골1길 13, 102호"
경기,1016,구리아름마을점,"동구릉로85번길 21, 1층"
경기,206,구리역점,"경기도 구리시 건원대로 42, 1층 109호(인창동, 삼원골드프라자)"
경기,540,구리한양대병원점,"경기도 구리시 동구릉로6번길 13-1, 대원빌딩 1층 101호(교문동)"
경기,678,구리롯데점,"경기 구리시 경춘로 253, 106호 (인창동, 다우스퀘어)"
경기,299,원흥한일윈스타점,"경기도 고양시 덕양구 삼원로 73, 104호(원흥동)"
경기,1028,고양성사점,"덕양구 호국로 822, 명지캐럿86 1층 101호"
경기,843,검배마을점,"벌말로 200, 새롬프라자 1층 104호"
경기,404,다산DIMC테라타워점,"경기도 남양주시 다산지금로 202, 1층 알01-0103호(다산동, 현대테라타워 DIMC)"
경기,1038,마석경춘로점,"화도읍 경춘로 1872, 1층 105호"
경기,886,고양DMC플렉스데시앙점,"덕양구 향동로 217, 디엠씨플렉스데시앙 지하1층 RB147호"
경기,406,파주야당동점,"경기도 파주시 송학1길 123, 1층 102호(야당동, 프리덴)"
경기,940,명지병원점,"덕양구 화수로14번길 78, 1층"
경기,248,파주운정호수점,"경기도 파주시 가온로 182, 1층 일부(와동동)"
경기,369,미사스카이폴리스점,"경기도 하남시 미사강변한강로 135, 나 123호(망월동, 834-1 미사강변스카이폴리스 지식산업센터)"
경기,675,국립암센터점,"경기 고양시 일산동구 일산로330번길 6-9, 1층 우측 일부호"
경기,273,미사SKV1점,"경기도 하남시 미사강변한강로 155, 1층 근생125호(망월동, 미사강변 SK V1 center)"
경기,575,파주운정목동점,"경기도 파주시 심학산로 423번길 7-37, 1층 102호(목동동, 애플프라자)"
경기,939,일산강선점,"일산서구 강선로49, 일산비스타오피스텔 1층 105호,106호"
경기,142,일산문화공원점,"경기도 고양시 일산동구 중앙로1275번길 38-10, 1층 116호(장항동, 우림로데오스위트)"
경기,155,미사그랑파사쥬점,"경기도 하남시 미사강변동로 95, 1층 1070호(망월동, 힐스테이트 미사역 그랑파사쥬(12-1BL))"
경기,790,일산동구청점,"일산동구 정발산로 38, 장항동이스턴시티 1층 119호"
경기,259,미사호반써밋점,"경기도 하남시 미사강변한강로 270, 상가동 1층 187호(망월동, 미사강변 호반 써밋)"
경기,612,마두역점,"경기도 고양시 일산동구 중앙로 1189, 103호(장항동, GM 굿모닝 법조타운)"
경기,529,일산주엽점,"경기도 고양시 일산서구 중앙로 1456, 107호(주엽동)"
경기,900,일산MBC드림센터점,"일산동구 호수로 596, 엠비씨드림센터 1층 102-1호"
경기,432,일산백석점,"경기도 고양시 일산동구 호수로 358-25, 106호(백석동, 동문타워II)"
경기,452,미사역점,"경기도 하남시 미사강변남로 103, 1층 114호(망월동, 미사랑데르III)"
경기,636,미사학원가점,"경기도 하남시 미사강변대로 64, 1층 107호(풍산동,제일아이조움)"
경기,651,일산레이킨스몰점,"경기도 고양시 일산서구 호수로 817, 38호(대화동, 레이킨스몰)"
경기,631,원마운트점,"경기도 고양시 일산서구 한류월드로 300, 1층 1117호(대화동, 고양 원마운트)"
경기,322,한강미사점,"경기도 하남시 미사대로 520, C동 1층 029호(덕풍동, 현대지식산업센터 한강미사2차)"
경기,249,킨텍스꿈에그린점,"경기도 고양시 일산서구 킨텍스로 240, 판매시설동 1층 131호(대화동, 킨텍스 꿈에그린)"
경기,923,빛마루방송지원센터점,"일산동구 태극로 60, 1층 로비"
경기,149,미사스마트밸리점,"경기도 하남시 미사강변서로 16, 1층 알105호(풍산동, 하우스디스마트밸리)"
경기,227,미사현대2차점,"경기도 하남시 미사대로 540 A동 C-123호(덕풍동, 현대지식산업센터 한강미사2차)"
경기,1013,덕은지엘메트로시티점,"덕양구 청초로10, 지엘메트로시티한강 디동 1층 113호"
경기,1026,덕은리버워크점,"덕양구 청초로 66, 덕은리버워크지식산업센터 1층 101호"
경기,852,하남유테크밸리점,"미사강변중앙로7번안길 25, 유테크밸리 1층 D104호"
경기,270,하남U1점,"경기도 하남시 하남대로 947, A동 1층 173B호(풍산동, 하남테크노밸리 U1 CENTER)"
경기,640,하남시청점,"경기도 하남시 대청로 26, 1층 102호의 일부호(신장동, 하남리빙텔)"
경기,978,김포시청점,"사우중로 45, 김포코아센타 1층 106호"
경기,325,김포운양점,"경기도 김포시 김포한강1로 227, 광장프라자 1층 116호(운양동)"
경기,747,김포풍무점,"경기 김포시 풍무로 102, 1층 일부"
경기,754,김포금빛초점,"경기 김포시 태장로 825, 자이애비뉴2 1층 110호"
경기,197,위례중앙점,"경기도 성남시 수정구 위례광장로 320, 109호(창곡동, 아이에스센트럴타워)"
경기,267,위례역점,"경기도 성남시 수정구 위례광장로 21-13, 1층 105호(창곡동, 힘찬프라자)"
경기,544,성남을지대점,"경기도 성남시 수성구 산성대로567번길 10, 1층(양지동)"
경기,554,철산역롯데캐슬점,"경기도 광명시 시청로 50, A상가동 AA119호(철산동, 철산역 롯데캐슬&SKVIEW 클래스티지)"
경기,658,부천테크노파크쌍용3차점,"경기도 부천시 석천로 397, 203동 2층 213호(삼정동, 부천테크노파크쌍용3차)"
경기,646,부천도당공단점,"경기도 부천시 평천로832번길 50, 1층(도당동)"
경기,924,약대오거리점,"수도로 86, SB타워 1층 104호"
경기,997,부천대우테크노파크점,"원미구 도약로 261, 부천대우테크노파크 1층 105-1호"
경기,667,성남의료원점,"경기 성남시 수정구 시민로205번길 34, 1층"
경기,296,부천테크노파크점,"경기도 부천시 석천로 345, 부대동 110호(삼정동, 부천테크노파크)"
경기,660,김포구래점,"경기 김포시 김포한강9로 95, 1층 111호"
경기,694,성남이마트점,"경기 성남시 수정구 수정로 205, 산운빌딩 1층"
경기,190,춘의점,"경기도 부천시 조마루로385번길 131, 1층 1호(춘의동)"
경기,341,춘의테크노파크점,"경기도 부천시 부천로198번길 36, 춘의테크노파크 103동 106 일부호(춘의동)"
경기,870,성남신동아파라디움점,"수정구 공원로 322, 신동아파라디움 1층 112호"
경기,759,하안사거리점,"경기 광명시 범안로 1050, 성보프라자 1층 107호"
경기,538,신중동역점,"경기도 부천시 중동로248번길 124, 상가동 105호(중동, 중앙프라자)"
경기,782,부천가톨릭대학교,"원미구 지봉로 43, 가톨릭대학교 김수환관 1층"
경기,143,부천시청점,"경기도 부천시 길주로 205, 103호(중동, 솔라리움A동)"
경기,840,SKn테크노파크테크동점,"중원구 사기막골로 124, SKn테크노파크 테크동 지하2층 B207호"
경기,334,부천유베이스타워점,"경기도 부천시 부흥로315번길 62, 113호(중동, 필-그린타워)"
경기,1001,상대원센트럴2차점,"중원구 사기막골로 99, 성남센트럴비즈타워2차 지하 2층 B218호"
경기,1012,성남우림라이온스밸리2차점,"중원구 사기막골로45번길 14, 성남우림라이온스밸리2차 지하3층 B308호 일부"
경기,43,중동현대점,"경기도 부천시 석천로183번길 21, 1층 106호(중동)"
경기,663,성남고등반도점,"경기 성남시 수정구 고등동 603, 반도아이비밸리 1층 105호"
경기,618,과천힐스테이트중앙점,"경기도 과천시 관문로 92, B동 B103호(중앙동, 힐스테이트 과천중앙)"
경기,984,성남크란츠테크노점,"중원구 둔촌대로 388, 크란츠테크노 1층 115-3호"
경기,233,광명에이스점,"경기도 광명시 하안로 108, A동 1층 103호(소하동, 에이스 광명타워)"
경기,969,과천중앙공원점,"별양상가1로 35, 상아빌딩 1층 107호"
경기,54,상동역점,"경기도 부천시 상동로 90, 147호(상동, 메가플러스빌딩)"
경기,1003,소사역점,"소사구 경인옛로 37, 힐스테이트소사역 1층 129호"
경기,926,성남금강펜테리움IT타워점,"중원구 갈마치로 215, 금강펜테리움IT타워 지하1층 제120-1호, 제120-2호"
경기,810,상동역4번출구점,"원미구 길주로 86, 해피플러스 1층 106호"
경기,393,김포이젠메카존점,"경기도 김포시 양촌읍 황금로 117, 다동 1층 119호"
경기,867,광명테크노파크점,"하안로 60, 광명SK테크노파크 C동 1층 105호"
경기,556,옥길광양프런티어점,"경기도 부천시 양지로 237, 1층 105호(옥길동, 광양프런티어밸리5차)"
경기,893,상대원중일3차점,"중원구 둔촌대로 519, 중일아인스프라츠3차 1층 105호"
경기,833,성남시콕스타워점,"중원구 둔촌대로 484, 시콕스타워 B108호 일부"
경기,740,과천위버필드점,"경기 과천시 별양상가2로 35, 과천위버필드상가 3동 1층 115호"
경기,527,부천역점,"경기도 부천시 부일로 464, 1층 103호 (심곡동, 태강캐슬)"
경기,549,성남시청점,"경기도 성남시 중원구 성남대로997번길 11, 1층 103~104호(여수동)"
경기,49,송내투나점,"경기도 부천시 부일로221번길 26, 1층 101호(상동, 삼원타운)"
경기,519,판교제2테크노밸리점,"경기도 성남시 수정구 창업로 54, 지하 1층 B105호(시흥동)"
경기,770,과천상상자이점,"경기 과천시 과천대로7길 65, 과천상상자이타워 1층 B116호"
경기,945,과천펜타원점,"과천대로12길 117, 1동 1층 101호"
경기,1023,학운리산단점,"양촌읍 황금로 265, 1층 일부"
경기,891,과천크리에이션타워점,"과천대로7길 46, 과천크리에이션 1층 110호"
경기,1029,과천센텀스퀘어점,"과천대로7길 20, 과천센텀스퀘어A동 1층 101호"
경기,472,야탑역점,"경기도 성남시 분당구 성남대로926번길 6, 1층 104호(야탑동, 야탑대덕프라자)"
경기,682,과천디테크A타워점,"경기 과천시 과천대로7길 33, A동 102호(갈현동, 디 테크 타워 과천)"
경기,59,송내남부역점,"경기도 부천시 송내대로 29, 105호(송내동)"
경기,173,야탑점,"경기도 성남시 분당구 야탑로75번길 15, 1층 101-1호(야탑동, 세화2001빌딩)"
경기,496,판교우림w시티점,"경기도 성남시 분당구 판교로255번길 9-22, 1층 123호(상평동, 우림더블유시티)"
경기,569,광명역코스트코앞점,"경기도 광명시 일직로 43, 지1층 L062호(일직동, GIDC)"
경기,351,광명GIDC A동점,"경기도 광명시 일직로 43, 1층 1084호(일직동, GIDC)"
경기,1018,시흥은계지산점,"은계중앙로306번길 50, 마이크로빌딩 1층 101호"
경기,156,광명역자이타워점,"경기도 광명시 새빛공원로 67, B동 101호(일직동, 광명역자이타워)"
경기,935,시흥대야점,"호현로 147, 1층 108호"
경기,910,광명U타워점,"신기로 22, 테이크호텔 1층 175-1호"
경기,885,안양메가밸리점,"동안구 학의로 268, 안양메가밸리 1층 S104호"
경기,246,판교중앙점,"경기도 성남시 분당구 대왕판교로606번길 31, 1층 109호(삼평동)"
경기,941,안양금강펜테리움IT타워점,"동안구 관양동 810, 금강펜테리움 IT 타워 1층 117호"
경기,732,시흥은계호수공원점,"경기 시흥시 은계중앙로 236, 1층 110호"
경기,291,에이스청계타워점,"경기도 의왕시 성고개로 53, 1층 142호(포일동, 에이스청계타워)"
경기,517,판교역점,"경기도 성남시 분당구 분당내곡로 117, 1층 108호(백현동, 알파돔타워4)"
경기,239,인덕원디지털엠파이어점,"경기도 안양시 동안구 시민대로 387, A동 1층 110호(관양동, 디지털엠파이어)"
경기,167,평촌스마트점,"경기도 안양시 동안구 시민대로 311, 1층 102호(관양동, 금강스마트빌딩)"
경기,297,평촌하이필드점,"경기도 안양시 동안구 벌말로 66, 1층 R108호(관양동, 평촌역 하이필드)"
경기,655,동안양세무서점,"경기도 안양시 동안구 시민대로 277, 1층 101호(관양동, 세방글로벌시티)"
경기,225,평촌디지털엠파이어점,"경기도 안양시 동안구 흥안대로427번길 16, 지상1층 124호(관양동, 평촌디지털엠파이어)"
경기,560,안양관평사거리점,"경기도 안양시 동안구 시민대로 266, 1층 108호(관양동, 평촌샤르망오피스텔)"
경기,818,평촌아크로타워점,"동안구 시민대로 230, 아크로타워 2층 217호"
경기,352,서현역점,"경기도 성남시 분당구 황새울로342번길 11, 102호(서현동, 금호리빙스텔)"
경기,389,안양아이에스비즈타워점,"경기도 안양시 만안구 덕천로152번길 25, 1층 130호(안양동, 안양아이에스BIZ타워센트럴)"
경기,327,안양무역센터점,"경기도 안양시 동안구 시민대로 161, 1층 107호(비산동, 안양무역센터)"
경기,956,분당지웰푸르지오점,"분당구 수내로 39, 분당지웰푸르지오 1층 120-1호"
경기,979,범계에이스하이테크시티점,"동안구 시민대로109번길 29, 에이스하이테크시티범계 105-1호"
경기,803,수내2호점,"분당구 황새울로258번길 32, 코리아나빌딩 1층 115호"
경기,901,명학아너비즈타워점,"만안구 전파로44번길 57, 아너비즈타워 1층 108호"
경기,769,수내역점,"경기 성남시 분당구 황새울로 224, 청구블루빌 1층 103호"
경기,996,경기광주역동점,"장지1길 28, 대광프라자 1층 103호"
경기,401,성결대점,"경기도 안양시 만안구 성결대학로 54, 1층(안양동)"
경기,364,정자학원가점,"경기도 성남시 분당구 성남대로 381, 1층 106호(정자동, 폴라리스빌딩)"
경기,619,군포한림휴먼타워점,"경기도 군포시 엘에스로 172, 1층 105호(금정동,한림휴먼타워)"
경기,633,금정2차SKV1점,"경기도 안양시 동안구 엘에스로 136, 1층 122호(호계동)"
경기,811,정자역점,"분당구 성남대로331번길 8, 킨스타워 1층 104호"
경기,163,호계데시앙플렉스점,"경기도 안양시 동안구 엘에스로 122, 1층 106호(호계동, 호계 데시앙플렉스)"
경기,851,정자한솔마을점,"분당구 내정로 58, 스포라이프 스포츠센터 1층 119호"
경기,877,안양WE19점,"동안구 엘에스로91번길 19, WE19 1층 102호"
경기,952,금정역점,"금정동 689-28, 1층"
경기,450,군포센트럴비즈파크점,"경기도 군포시 공단로140번길 38, 1층 121호(당정동)"
경기,92,미금천사점,"경기도 성남시 분당구 성남대로 165, 1층 113호(금곡동, 천사의도시1 오피스텔)"
경기,690,군포IT밸리점,"경기 군포시 고산로148번길 17, 군포IT밸리 1층 S-105호"
경기,555,오리역점,"경기도 성남시 분당구 성남대로 52, 1층 105호(구미동, 그랜드프라자)"
경기,802,오리역하나EZ타워점,"분당구 성남대로43번길 10, 하나EZ타워 1층 110호"
경기,48,동천역점,"경기도 용인시 수지구 신수로 767, 에이동 138호(동천동, 분당수지 U-TOWER)"
경기,964,시흥시청점,"새재로17번길 6, 해솔프라자 1층 101호"
경기,409,시흥장곡점,"경기도 시흥시 진말1로 18, 1층 112호(장곡동)"
경기,777,내대지마을점,"경기 용인시 수지구 현암로 153, 건영타운 1층 105호"
경기,550,시흥능곡역점,"경기도 시흥시 능곡번영길 24,1층 105호(능곡동)"
경기,760,의왕더리브비즈원점,"경기 의왕시 오봉산단3로 25, 의왕더리브비즈원 지하 1층 B106호"
경기,566,수지구청점,"경기도 용인시 수지구 수지로296번길 47, 104호(풍덕천동, 수석빌딩)"
경기,915,광교에이스1차점,"영통구 대학4로 17, 에이스광교타워 1층 114호"
경기,104,광교우미뉴브점,"경기도 용인시 수지구 광교중앙로 338, 1층 R-135호(상현동, 광교우미 뉴브)"
경기,1027,안산선부점,"선부광장1로 66, 용현빌딩 1층 106호, 122호"
경기,830,배곧로얄팰리스점,"서울대학로264번길 26-29, 다인로얄팰리스5차 1층 108,109호"
경기,261,광교중앙점,"경기도 수원시 영통구 센트럴타운로 111, 1층 101호(이의동, 광교스타힐스 오피스텔)"
경기,281,광교법조타운점,"경기도 수원시 영통구 광교중앙로248번길 7-2, A동 1층 103호(하동, 원희캐슬 광교)"
경기,1015,경기도청점,"영통구 도청로66번길 6, 힐스테이트광교중앙역퍼스트 1층 143호"
경기,691,안산자유센터점,"경기 안산시 단원구 화랑로 358 , 1층 126호,127호"
경기,795,안산삼성점,"단원구 광덕대로 263, 브레스빌 1층 107호"
경기,430,광교CBD광장점,"경기도 수원시 영통구 도청로18번길 26, 1층 101호(이의동, 힐스테이트광교중앙역)"
경기,857,광교SK뷰레이크점,"영통구 법조로 25, 광교SK뷰레이크 1층 143호"
경기,597,안산현대해상점,"경기도 안산시 단원구 고잔2길 9, 1층 107호(고잔동, 하이베라스)"
경기,294,안산초지점,"경기도 안산시 단원구 원선1로 38, 상가동 111호(초지동, 두산위브아파트)"
경기,394,포레나광교점,"경기도 수원시 영통구 광교호수공원로 300, 155호(하동, 포레나 광교)"
경기,204,안산한대역점,"경기도 안산시 상록구 광덕1로 375, 1층 114호(이동, 강우프라자)"
경기,96,안산고잔점,"경기도 안산시 단원구 광덕3로 167-10, 109호(고잔동, 유니프라자)"
경기,957,안산트리플렉스점,"단원구 풍전로 37-9, 트리플렉스에이단지 301동 1층 138호"
경기,630,기흥ICT밸리B동점,"경기도 용인시 기흥구 기흥로 58, B동 B101호(구갈동, 기흥ICT밸리 SKV1)"
경기,825,용인백현마을점,"동백중앙로 358-12, 유타운 1층 103호 일부"
경기,874,인계동삼성생명점,"팔달구 장다리로 311, 1층 좌측호실"
경기,461,안산타크라3차점,"경기도 안산시 단원구 만해로 205, A동 128호(성곡동, 타원 TAKRA III)"
경기,284,기흥힉스유타워점,"경기도 용인시 기흥구 중부대로 184, A동 146호(영덕동, 힉스유타워)"
경기,824,수원이노플렉스점,"영통구 신원로 304, 이노플렉스 3동 1층 104호 일부"
경기,919,수원콤비프라자점,"팔달구 효원로 288, 1층 106호"
경기,971,수원시청역4번출구점,"권선구 효원로266번길 25 , 1층일부"
경기,183,수원인계점,"경기도 수원시 팔달구 권광로124번길 13, 1층 110호(인계동, 테라스 더 아델라움)"
경기,821,수원SKV1점,"권선구 평동로79번길 45, 수원SKV1 125호"
경기,665,안산그랑시티시그니처타워점,"경기 안산시 상록구 해양3로 15, 그랑시티시그니처타워 1층 107호"
경기,202,수원터미널점,"경기도 수원시 권선구 경수대로 270, 1314호(권선동, 터미널동)"
경기,914,수원테크트리영통점,"영통구 신원로 55, 테크트리영통 1층 125호"
경기,467,영통삼성점,"경기도 수원시 영통구 신원로 126, B동 1층(신동, 브레인하우스)"
경기,462,영통디지털엠파이어2차점,"경기도 수원시 영통구 신원로 88, 101동 1층 119호(신동,디지털엠파이어2)"
경기,335,망포역점,"경기도 수원시 영통구 덕영대로1556번길 16, 1층 106호(영통동, 디지털엠파이어빌딩)"
경기,607,시흥호반써밋더프라임점,"경기도 시흥시 거북섬남로 77, 121동 B108호(정왕동, 호반써밋더프라임)"
경기,203,수원고색점,"경기도 수원시 권선구 산업로 180, 117, 118호(고색동, 디에이치타워)"
경기,231,수원고색중앙점,"경기도 수원시 권선구 산업로156번길 201, 1층 110,111호(고색동)"
경기,230,고색1단지점,"경기도 수원시 권선구 오목천로152번길 68, 1층 122호(고색동, 골든프라자)"
경기,1022,삼성SDI기흥본사점,"기흥구 공세로 150-20, 삼성SDI E3동 1층"
경기,965,삼성전자TheUniverSE점,"기흥구 서천동로 59, 삼성전자 TheUniverSE 지하 1층, 지상 2층"
경기,236,기흥테라점,"경기도 용인시 기흥구 서천로201번길 11, 지하1층 C-L134호(농서동, 기흥 테라타워 지식산업센터)"
경기,943,동탄원희캐슬점,"삼성1로5길 6, 동탄원희캐슬 1층 102호"
경기,654,동탄삼성디오네점,"경기도 화성시 삼성1로 209, 1층 114호(석우동, 동탄 삼성 디오네 오피스텔)"
경기,573,동탄성심병원점,"경기도 화성시 삼성1로 144-13, 1층 102호(석우동)"
경기,951,동탄실리콘앨리점,"동탄영천로 150, 현대실리콘앨리동탄 지하1층 SB동 B130호"
경기,52,동탄비즈타워점,"경기도 화성시 동탄첨단산업1로 63-12, 117-2호(영천동)"
경기,523,동탄샹보르줌타워점,"경기도 화성시 동탄대로 700, 1층 103호(영천동, 샹보르 줌타워)"
경기,814,동탄퍼스트코리아점,"동탄첨단산업1로 58, 퍼스트코리아 1층 124호"
경기,1002,동탄더큐브온에어점,"동탄대로23안길 31, 동탄더큐브온에어 1층 117호"
경기,949,동탄루체스타비즈점,"동탄기흥로 594-7, 동탄루체스타비즈 1층 108호, 109호"
경기,526,동탄w스페이스점,"경기도 화성시 동탄대로23길 101, 1층 110호(영천동, W스페이스)"
경기,215,동탄IX타워점,"경기도 화성시 동탄첨단산업1로 27, 금강펜테리움 IX타워 근린생활시설 1층 M17호(영천동)"
경기,672,동탄우미뉴브점,"경기 화성시 동탄대로23길 121, 141호"
경기,373,동탄펜테리움IT타워점,"경기도 화성시 동탄기흥로 557, 1층 112호(영천동, 금강펜테리움IT타워)"
경기,998,이천마장점,"마장면 중앙로10번길 12, 1층"
경기,628,동탄역에이스큐브점,"경기도 화성시 동탄광역환승로 73, 207동 1층 E164호(오산동, 동탄역 반도유보라 아이비파크 8.0)"
경기,959,동탄역디에트르점,"동탄오산로 29, 동탄역디에트르더플레이스마당 1층 126호"
경기,975,동탄카림점,"동탄대로시범길 134, 카림애비뉴 1층 1055호"
경기,844,세교더퍼스트타워점,"독산성로 425, 더퍼스트타워세교 1층 113호"
경기,1019,동탄프리미엄아울렛점,"동탄기흥로 257번가길 24-3, 1층"
경기,749,동탄목동호반포레점,"경기 화성시 동탄신리천로1길 73, 호반프라자 1층 106호"
경기,725,동탄AP점,"경기 화성시 동탄산단8길 19, 산단프라자 1층 104호"
경기,337,동탄호수공원점,"경기도 화성시 동탄대로5길 21, 1층 E164호(송동, 라크몽)"
경기,1010,이천하이닉스후문점,"부발읍 대산로288번길 96, A동 1층 104호"
경기,905,동탄방교점,"동탄기흥로 31, 1층 111호"
경기,365,평택드림테크점,"경기도 평택시 청북읍 드림산단4로 42-12, 101호"
경기,210,평택고덕점,"경기도 평택시 고덕면 고덕여염12길 76, 104호"
경기,879,안성아양점,"옥산동 598, 해천프라자 1동 1층 105호"
경기,911,안성중앙점,"중앙1길 3, 1층 일부"
경기,562,고양화정점,"경기도 고양시 덕양구 화신로 264,1층 103호(화정동, 브릿지타워)"
인천,524,인천검단아라점,"인천광역시 서구 바리미로 17, 1동 102호(원당동)"
인천,525,인천검단신도시점,"인천광역시 서구 이음5로 24, 제1총 제101호(원당동, 쓰리엠타워)"
인천,95,계양구청점,"인천광역시 계양구 계산새로 71, C동 103호(계산동, 하이베라스빌딩)"
인천,408,서운점,"인천광역시 계양구 서운로 45, 1층 일부호(서운동)"
인천,425,효성동현대4차점,"인천광역시 계양구 새벌로 108, 상가동 103호(효성동, 현대아파트)"
인천,347,인천U1광장점,"인천광역시 부평구 주부토로 236, B동 1층 162호(갈산동, 인천테크노밸리U1 CENTER)"
인천,84,삼산점,"인천광역시 부평구 충선로203번길 24, 1층 120호, 121호(삼산동, 삼산프라자)"
인천,553,부평우림라이온스점,"인천광역시 부평구 부평대로 283, B동 1층 116호 (청천동, 부평우림라이온스밸리)"
인천,928,검단블루텍점,"보듬로 158, 블루텍 1층 공존 141호"
인천,812,부평현대해상점,"부평대로64번길 1, 1층"
인천,615,부평대로점,"인천광역시 부평구 부평대로 16-1, 1층(부평동)"
인천,599,부평점,"인천광역시 부평구 경원대로1403번길 4, 1층(부평동)"
인천,1032,인천성모병원점,"동수로52번길 14, 가톨릭대학교인천성모병원 어린이병원 1층"
인천,758,청라지웰점,"인천 서구 중봉대로612번길 10, 지웰에스테이트 1층 105호"
인천,534,청라에이스점,"인천광역시 서구 파랑로 495, 청라에이스하이테크시티 1동 108호(청라동)"
인천,314,인천만수동점,"인천광역시 남동구 백범로 107, 1층 전부호(만수동)"
인천,685,모래내시장점,"인천 남동구 구월로276번길 40, 106호"
인천,148,주안역점,"인천광역시 미추홀구 주안로 116, B101호(주안동, 주안리가스퀘어)"
인천,679,인천예술회관역점,"인천시 남동구 예술로 192번길 30, 1층 103호 (구월동)"
인천,741,인천도화점,"인천 미추홀구 숙골로87번길 2, 센타프라자 1층 111호"
인천,576,아인여성병원점,"인천광역시 미추홀구 경인로 372, 201동 지2층 B2029호(주안동, 포레나 미추홀)"
인천,610,인하대점,"인천광역시 남구 인하로77번길 6, 1층(용현동)"
인천,381,신포점,"인천광역시 중구 우현로 35-1, 1층 일부 및 2층(신포동)"
인천,988,인천논현역점,"청능대로 583, 중앙프라자 1층 103호"
인천,345,호구포역점,"인천광역시 남동구 논현로46번길 22, 에이동 1층 115호(논현동, 코아루파크)"
인천,961,인천남동테크노타워점,"호구포로 189, 남동테크노타워 1층 111호"
인천,813,롯데마트연수점,"청능대로 87, 1층"
인천,367,영종하늘별빛점,"인천광역시 중구 하늘중앙로 193, 1층 118호(중산동, 조양타워)"
인천,468,인천연안부두점,"인천광역시 중구 연안부두로 45, 에이동 7호(항동7가)"
인천,994,송도씨워크점,"센트럴로 313, 송도씨워크인테라스한라 1층 비150호"
인천,871,송도스테이에디션점,"센트럴로 281, 송도스테이에디션 B동 1층 101호"
인천,440,송도AT센터점,"인천광역시 연수구 송도과학로 70, 153호(송도동, 송도AT센터)"
인천,176,송도IT센터점,"인천광역시 연수구 송도과학로 32, 1층 에이 117-1호(송도동, 송도테크노파크IT센터)"
인천,429,송도센트로드점,"인천광역시 연수구 인천타워대로 323, 상가동 1층 디117호(송도동, 송도 센트로드)"
인천,991,송도스마트스퀘어점,"송도미래로11번길 27, 송도스마트스퀘어 A동 107호"
인천,541,송도인천대점,"인천광역시 연수구 하모니로 271,제1동 제112호(송도동, 송도코스테이주건축물)"
인천,125,송도스마트밸리점,"인천광역시 연수구 송도미래로 30, E동 2층 204-1호(송도동, 송도 BRC 스마트밸리 지식산업센터)"
강원,459,춘천모다아울렛점,"강원도 춘천시 방송길 77, 1층 1120, 1130호(온의동, 춘천 센트럴타워 푸르지오)"
강원,396,원주단계천점,강원도 원주시 돌터1길 10-5 (우산동)
강원,412,심평원사거리점,"강원도 원주시 입춘로 110, 파라다이스프라자 1층 103호(반곡동)"
강원,986,강릉월화거리점,"금성로12번길 6, 1층 101호"
충북,846,더샵청주센트럴점,"흥덕구 복대로 220, 더샵청주센트럴 1층 근린생활시설 4호"
충남,766,천안4공단점,"충남 천안시 서북구 직산읍 4산단7로 34, 1층 103호"
충남,356,천안삼성점,"충청남도 천안시 서북구 3공단5로 58, 1층 104호(성성동)"
충남,316,천안미래에이스점,"충청남도 천안시 서북구 백석공단1로 10, 지원140호(백석동 천안 미래에이스하이테크시티)"
충남,103,천안아산역점,"충청남도 아산시 배방읍 고속철대로 147, 107호(우성메디피아)"
대전,968,대전대덕산단점,"신일동로17번길 5, 신일테크노 1층 102호"
대전,882,대전DCC점,"대전 유성구 엑스포로123번길 27-22, 1층 5호"
대전,708,대전을지한화점,"대전 서구 둔산로51번길 84, 21세기빌딩 1층 103호"
대전,1011,대전법원점,"둔산로123번길 43, PJ빌딩 1층 105호"
대전,804,둔산은하수점,"대전 서구 둔산남로9번길 45, 1층 104호"
대전,755,둔산제일학원점,"대전 서구 둔산서로 29, 1층 일부"
대전,697,대전오류동점,"대전 중구 계룡로816번길 11, 1층"
대전,722,대전대흥점,"대전 중구 중교로 29, 1층"
세종,521,세종대명벨리온점,"세종특별자치시 집현중앙7로 6, 1동 1층 A130호(집현동, 지식산업센터)"
세종,175,세종시청점,"세종특별자치시 한누리대로 2144, 1층 110호(보람동, 스마트허브II)"
전북,822,완주첨단점,"봉동읍 원둔산1길 42, 1층 102호"
전북,358,전주서신점,"전라북도 전주시 완산구 당산로 39, 상가108동 1층 113호(서신동, 새마을금고)"
전북,240,전주아중점,"전라북도 전주시 덕진구 무삼지로 55, 1층 101호(인후동1가)"
전북,426,전주효자점,"전라북도 전주시 완산구 거마평로 191-2, 1층(효자동1가)"
전북,362,전주효천지구점,"전라북도 전주시 완산구 효천중앙로 22, A동 지하1층 A-B112호(효자동2가)"
전북,154,전주평화점,"전라북도 전주시 완산구 모악로 4750, 1층 (약국우측) (평화동1가)"
전북,815,정읍상동점,"중앙로 296, 1층 일부"
전북,220,남원의료원점,"전라북도 남원시 충정로 365, 2층(고죽동, 남원의료원)"
전남,413,화순전남대학병원점,"전라남도 화순군 화순읍 일심동길 3, 1층"
전남,903,순천법원점,"왕지5길 34, 1층 102호"
전남,456,목포하당점,"전라남도 목포시 비파로 96, 1층 113호(상동)"
전남,552,목포신세계병원점,"전라남도 목포시 백년대로 258, 1층(상동)"
전남,632,목포삼학점,"전라남도 목포시 용당로 69, 1층(산정동)"
광주,168,광주수완점,"광주광역시 광산구 장신로 133(수완동, 삼광빌딩)"
광주,873,수완센트럴점,"수완로9번길 1-10, 1층 일부"
광주,288,상무버들점,"광주광역시 서구 상무버들로 20, 1층 101호(유촌동)"
광주,848,광주유스퀘어점,"서구 무진대로 904, 유스퀘어 1층 159호"
광주,567,광주내방점,"광주광역시 서구 월드컵4강로 210번길 16, 1층(내방동)"
광주,449,광주금남로점,"광주광역시 동구 제봉로 171, 1층 2층(궁동)"
광주,582,광주상무중앙점,"광주광역시 서구 상무중앙로 62, 1층(치평동)"
광주,387,광주서석점,"광주광역시 동구 제봉로82번길 13, 1층(서석동)"
광주,862,조선대점,"동구 필문대로287번길 29-23, 1층"
광주,642,광산구청점,"광주광역시 광산구 광산로29번길 18, 1층(송정동)"
광주,745,광주진월점,"전남 광주시 남구 서문대로 700, 광동빌딩 1층 104호"
광주,716,광주봉선점,"전남 광주시 남구 봉선2로 81, 가로수빌딩 101호"
경북,623,문경점촌점,"경상북도 문경시 중앙6길 16, 1층 102호(점촌동)"
경북,112,상주벚꽃점,경상북도 상주시 냉림4길 91(냉림동)
경북,856,구미신평점,"구미대로 399, 신평상가 1층 117호"
경북,605,구미공단점,"경상북도 구미시 1공단로 192, 1층 10,11호(공단동)"
경북,384,경산하양점,"경상북도 경산시 하양읍 서사도리9로 17, 1층 110호(드림스퀘어2)"
경북,98,경산중산점,"경상북도 경산시 경산로 267, 1층(중산동)"
경북,600,경주동국대병원점,"경상북도 경주시 석현로 21, 1층 102호(석장동)"
경남,411,충무공점,"경상남도 진주시 에나로77번길 10, 103호(충무공동)"
경남,531,경남테크노파크점,"경상남도 창원시 의창구 창원대로 18번길 46, 1층(팔용동, 경남창원과학기술진흥원)"
경남,315,창원유니시티점,"경상남도 창원시 의창구 중동중앙로 83, 1층 108호(중동, D7PARK)"
경남,963,마산교방푸르지오점,"마산합포구 성호동 51-9, 1층"
경남,869,마산창동점,"마산합포구 불종거리로 27-1, 1층 101호"
경남,158,상남점,"경상남도 창원시 성산구 중앙대로 104, 1층 114호(상남동, 마이우스빌딩)"
경남,159,상남한마음점,"경상남도 창원시 성산구 마디미로21번길 17, 104호(상남동)"
경남,785,창원웅남동점,"성산구 연덕로15번길 14, 1층 101호 일부"
경남,735,양산북부점,"경남 양산시 중앙우회로 138, 1층"
경남,326,양산역점,"경상남도 양산시 양산역6길 3, 1층 105호(중부동, 센트럴스위트)"
경남,222,양산물금점,"경상남도 양산시 물금읍 물금로 57, 상가2동 115호(양산 이지더원 5차 아파트)"
경남,186,양산증산점,"경상남도 양산시 물금읍 서들로 148, 104호"
경남,328,양산덕계점,"경상남도 양산시 덕계로 20, 1층(덕계동)"
경남,584,김해복음병원점,"경상남도 김해시 활천로 35, 1층(삼정동)"
경남,798,양산사송점,"동면 외송로 30, 사송더샵데시앙2차 7단지 1층 제7-112호"
경남,925,김해율하점,"율하1로 114, 101호"
경남,888,거제장평점,"장평로8길 23, 1층 102호"
경남,572,사천카이점,"경상남도 사천시 사남면 유처길 281, 상가동 1층 105호(사천흥한에르가아파트)"
대구,1034,대구지묘점,"팔공로91길 32, 101호"
대구,397,대구신월성점,"대구광역시 달서구 월성로 100, 501동 1층 111호(월성동, 월성 삼정그린코아 에듀파크)"
대구,252,경대병원역점,"대구광역시 중구 달구벌대로 지하 2190, 지하1층(삼덕동2가, 경대병원역)"
대구,339,대구월배삼정점,"대구광역시 달서구 조암남로32길 40, 402동 1층 115호(대천동, 월배삼정그린코아포레스트)"
대구,539,동대구점,"대구광역시 동구 동부로26길 16, 1층 114호(신천동, 동대구역 부띠끄시티 드라마오피스텔)"
대구,415,대구월성래미안점,"대구광역시 달서구 조암남로 43, 1층(월성동)"
대구,447,대구범어1호점,"대구광역시 수성구 동대구로 397, 1층 103호(범어동, 웰스빌딩)"
대구,201,대구진천역점,"대구광역시 달서구 월배로 71, 1층 108호(진천동, 진전트윈팰리스)"
대구,265,대구수성점,"대구광역시 수성구 들안로 325, 101동 1층 근린생활시설 6호(수성동 2가, 롬바드 아파트)"
대구,372,대구상인점,"대구광역시 달서구 송현로7길 15, 1층 2호 103호(상인동)"
울산,695,울산대학로점,"울산 남구 대학로33번길 16, 1층"
울산,681,울산삼산점,"울산시 남구 남중로 122, 1층(삼산동)"
부산,661,부산강서구청점,"부산 강서구 대저로 265, 1층"
부산,835,부산구포시장점,"구포동 602-26, 1층 102호"
부산,1004,부산동래구청점,"충렬대로237번길 96, 1층"
부산,710,부산연산중앙점,"부산 연제구 거제천로154번길 58, 예서두레라움드림아파트 1층 102호"
부산,444,서면일번가점,"부산광역시 부산진구 신천대로62번길 34, 1층 일부(부전동, 동흥빌딩)"
부산,23,부산BIFC점,부산광역시 남구 문현금융로 40 109호
부산,28,부산센텀점,"부산광역시 해운대구 센텀중앙로 97, A동 씨-104호 일부(재송동)"
부산,594,부산범일점,"부산광역시 동구 자성로133번길 31, 105호(범일동, 신일빌딩)"
부산,574,부산초량점,"부산광역시 동구 중앙대로 236번길 3-6, 1층(초량동)"
부산,763,부산중앙마린점,"부산 중구 충장대로9번길 49, 엘빌딩, 1층 101호"
부산,61,부산경성대점,"부산광역시 남구 수영로 295, 1층 102호(대연동)"
부산,414,부산중앙역점,"부산광역시 중구 충장대로4번길 6, 1층(중앙동4가)"
부산,317,해운대NC점,"부산광역시 해운대구 해운대로 813, 1층 138호(좌동, 지팝건축물)"
제주,361,제주인제점,"제주특별자치도 제주시 고마로 133, 1층(일도이동)"
제주,601,서귀포일호광장점,"제주특별자치도 서귀포시 서문로 5-2, 1층(서귀동)"
