지역,매장명,주소,전화번호
제주도,제주애월구엄포구점(미니버전),"제주특별자치도 제주시 애월읍 구엄리 606 , 1층 빽다방",070-4300-0443
경기도,오산공군기지점,경기 평택시 신장동 229-17 2층,031-669-1515
경기도,광명초교점,경기도 광명시 광명로928번길 16,02-6958-7991
전라북도,완주혁신점,"전북특별자치도 완주군 이서면 기지로 47, 103호",063-904-3330
서울특별시,자양역점,"서울 광진구 뚝섬로34길 67 (자양동, 광진트라팰리스) 1층",02-6954-0059
서울특별시,종로꽃시장점,서울 종로구 종로 255 (종로5가) 1층,070-4333-1040
전라남도,목포활어회플라자점,"전남 목포시 고하대로 641-21 (산정동, 목포 활어회 플라자) 판매동 138호",061-274-2233
충청남도,공주동학사점,충청남도 공주시 반포면 동학사1로 272,070-8838-0464
부산광역시,부산일광신도시점,부산광역시 기장군 일광읍 해빛6로 43-25,051-723-0714
경기도,부천소사본점,"경기 부천시 소사구 소사본동 82-4, 1층",070-4820-2589
대구광역시,빽다방 빵연구소 대구서재점,"대구 달성군 다사읍 서재리 781 1층,2층",053-587-1608
서울특별시,길음뉴타운점,"서울 성북구 길음로 33 (길음동, 길음뉴타운) 길음뉴타운제비동 제지하2층 9호",미등록
강원도,원주무극부대점,강원특별자치도 원주시 가현동 5 (군부대內),미등록
충청북도,청주복대대농점,충청북도 청주시 흥덕구 대농로 68(복대동),043-234-5509
서울특별시,청계산입구역점,"서울시 서초구 청계산로 217, 1층",미등록
경기도,안산원곡군자점,"경기 안산시 단원구 화랑로 32 (원곡동, 군자상사) 1층",070-4060-0701
충청남도,천안두정대우점,충남 천안시 서북구 두정로 244,041-565-7338
전라북도,김제신풍점,전북특별자치도 김제시 금성로 96 (신풍동),063-545-8259
전라북도,전주아중견훤로점,전주시 덕진구 견훤로 233 (인후동1가) 1층,063-247-2050
부산광역시,부산자갈치시장점,"부산 중구 자갈치로 33 (남포동6가, 신천지) 1층",미등록
인천광역시,인천가좌가림고점,"인천 서구 원적로 63, 111호",0507-1346-3702
경기도,용인고림내안애점,"경기 용인시 처인구 경안천로 120, 1층",031-336-1854
경기도,안양비산래미안점,"경기 안양시 동안구 관악대로 133, 1층",031-442-1343
경기도,구리인창삼거리점,경기 구리시 동구릉로53번길 4 (인창동) 1층,031-566-2645
경상북도,영천망정점,경상북도 영천시 창신1길 42,054-333-8566
대구광역시,대구동촌역점,대구 동구 동촌로16길 16 (검사동) 1층,053-982-1124
서울특별시,염창역달빛거리점,서울특별시 양천구 공항대로 618,02-2646-1163
강원도,속초터미널점,"강원도 속초시 조양동 1419-5, 1층",070-5100-5180
충청남도,천안용곡세광점,충청남도 천안시 동남구 풍세로 769-28,041-577-0410
전라북도,완주삼례터미널점,"전북 완주군 삼례읍 동학로 28, 1층 빽다방",063-291-8119
전라북도,전북순창점,전북특별자치도 순창군 순창읍 순창로 225,063-653-6003
강원도,인제원통점,"강원도 인제군 북면 원통리 656-41, 1층",미등록
인천광역시,인천국세청점,인천광역시 남동구 남동대로765번길 25,070-7802-2085
대전광역시,대전목양마을점,대전광역시 중구 목동 88-6,042-252-8204
서울특별시,이수역13번출구점,"서울 동작구 사당동 132-10, 1층",070-4060-0042
인천광역시,인천계양위너스카이점,인천 계양구 효성동 325-2 D동 107호,070-5055-5054
서울특별시,신논현역점,서울 서초구 반포동 738-47,070-5057-3910
대구광역시,대구시지점,대구광역시 수성구 달구벌대로 3205 (신매동),053-794-2223
경기도,부천중동점,"경기도 부천시 부흥로 315번길 62, 1층",032-710-7998
경기도,철산자이더헤리티지점,경기 광명시 철산동 235 1층,070-5055-0808
전라북도,정읍호남고점,전북특별자치도 정읍시 초산로 5 (시기동),063-700-8588
인천광역시,인천용현시장북문점,인천 미추홀구 독정이로 24-1,미등록
대전광역시,대전하기동점,대전광역시 유성구 송림로 44,042-825-0819
경기도,광교센트럴점,"경기 수원시 영통구 이의동 1322-8, 1층",미등록
경기도,산본흥진점,"경기 군포시 오금로 15-30, 1층",031-395-1343
전라북도,김제시청점,전북특별자치도 김제시 중앙로 57 (서암동),070-8648-3033
서울특별시,이태원점,서울 용산구 이태원로20길 2-12 (이태원동) 1층,02-797-4208
서울특별시,장위자이레디언트점,"서울특별시 성북구 돌곶이로30길 24, 상가동 107호 좌측",02-942-1007
충청남도,천안두정오성점,충남 천안시 서북구 오성로 1,041-562-7338
경상북도,포항연일점,경북 포항시 남구 연일읍 동문로76번길 10-6 105호,054-610-1070
전라남도,목포연산점,전라남도 목포시 연산로 163,070-7378-1451
경기도,기흥테라타워점,"경기도 용인시 기흥구 서천로201번길 11 (지하1층 C-L143,144호)",031-203-3599
충청북도,충북음성점,충북 음성군 음성읍 수정로 55 (읍내리) 1층,070-7604-2456
경상북도,김천신음점,경북 김천시 시청로 57,054-810-7776
경기도,평택고덕유보라점,"경기도 평택시 고덕국제2로 45, 131호",070-4324-1095
대전광역시,대전둔산더샵엘리프점,대전 서구 탄방로 112 102호,070-4175-0030
경기도,남양주마석중흥점,경기도 남양주시 화도읍 맷돌로 117,031-592-0328
대구광역시,대구이천푸르지오점,대구 남구 이천동 474-1 상가동,미등록
대전광역시,대전관저마치광장점,대전 서구 구봉로 133 에스프라자,070-4351-1513
경기도,안양덕천점,경기 안양시 만안구 안양동 192-20,031-466-1989
서울특별시,대전선화해모로점,대전 중구 선화동 193-26,070-7510-1004
경기도,빽다방 빵연구소 오산가장점,"경기도 오산시 가장산업동로66, 지하 1층 및 1층(가장동)",070-5055-2299
서울특별시,장위전통시장점,서울 성북구 장위동 66-320,미등록
전라북도,군산경장철길숲점,전북특별자치도 군산시 미장길 29,070-5227-2275
경기도,안양관양시장점,경기 안양시 동안구 관양동 1420-41 1층,031-425-7999
충청남도,아산세교초교점,충남 아산시 배방읍 세교중앙로 32,미등록
경기도,의정부KT사거리점,경기 의정부시 신흥로 193,031-928-7137
인천광역시,대전월평선사점,대전광역시 서구 청사로120,042-335-4423
부산광역시,부산사상역점,"부산광역시 사상구 광장로56번길 5, 1층",051-909-2280
서울특별시,신내우남점,"서울시 중랑구 봉화산로 56길 51, 우남푸르미아 상가 1층",02-3422-0404
전라북도,전주효문중점,전북특별자치도 전주시 완산구 용리로 86 (삼천동1가),070-5030-1030
경기도,시흥메가폴리스점,경기도 시흥시 협력로 281,010-7979-2623
경기도,안산성포예술인점,경기 안산시 상록구 성포동 583-5,070-5001-1505
충청북도,청주비하월드점,충청북도 청주시 흥덕구 가로수로 1099 (비하동),미등록
전라북도,익산하나로사거리점,전북특별자치도 익산시 하나로 434 (어양동),070-8666-4770
경기도,동탄역디에트르더마당점,경기도 화성시 동탄오산로 29 (오산동),031-374-9575
경상남도,김해외동점,경상남도 김해시 내외중앙로 47 (외동),미등록
경기도,가평읍내사거리점,경기도 가평군 가평읍 가화로 132,070-5222-0222
인천광역시,인천올리브백화점점,인천광역시 남동구 남동대로 880 (간석동) 110호,070-8211-1775
경기도,안성중앙대점,경기도 안성시 대덕면 대학10길 21,010-7433-8624
경기도,신장사거리점,경기도 하남시 신장로 111 (신장동),070-7525-0999
전라남도,여수학동점,전라남도 여수시 시청동5길 14 (학동),061- 682-8979
전라남도,영광터미널농협점,전라남도 영광군 영광읍 신남로 177,070-7575-0080
경상북도,포항법원점,경상북도 포항시 북구 법원로 175 (양덕동),054-244-0587
충청남도,공주중동점,충청남도 공주시 무령로 219-1 (산성동),041-881-6788
대전광역시,대전지족역사점,대전광역시 유성구 노은로 273 (지족동),042-825-6898
전라남도,순천시청점,전라남도 순천시 장명로 15 (장천동),070-4012-3012
서울특별시,강일2지구점,서울특별시 강동구 아리수로93나길 38 (강일동),02-481-0077
전라북도,전주송천중앙점,전북특별자치도 전주시 덕진구 송천중앙로 154 (송천동1가),미등록
서울특별시,정릉역점,서울 성북구 정릉로26길 61 1층,070-8680-9533
경기도,광명전통시장남부점,경기도 광명시 오리로 963-1 (광명동),02-2066-3442
전라북도,익산역서부점,전북특별자치도 익산시 군익로 520-16 (송학동),031-443-2119
인천광역시,인천신검단풍경채1차점,"인천광역시 서구 금정로 12 (불로동, 신검단중앙역풍경채어바니티)",070-4333-0077
대구광역시,대구서문시장점,대구광역시 중구 큰장로 126 (대신동),053-421-3337
경기도,안산선부한양점,경기도 안산시 단원구 달미로 67 (선부동),010-8350-2615
대구광역시,대전천동리더스시티점,"대전광역시 동구 안샘로 11 (천동, 리더스시티4BL)",042-710-8316
서울특별시,종로새문안점,서울특별시 종로구 새문안로83,02-738-1777
서울특별시,까치산역점,서울특별시 강서구 강서로 35 (화곡동),02-6080-2766
경기도,부천고리울점,경기도 부천시 오정구 고리울로52번길 24,070-7622-6398
충청남도,천안입장점,충청남도 천안시 서북구 입장면 하장4길 2,070-4304-1151
부산광역시,부산서면에이원프라자점,부산광역시 부산진구 중앙대로 668 (부전동),070-8211-0861
전라북도,고창흥덕점,전북특별자치도 고창군 흥덕면 서이길 1-1,063-562-3097
강원도,강원평창점,강원특별자치도 평창군 평창읍 노성로 101,033-332-7640
경기도,동탄산업단지점,경기도 화성시 동탄기흥로 147-13 (방교동),031-8043-7742
경기도,김포고촌역점,경기도 김포시 고촌읍 김포대로 348,031-8049-7545
서울특별시,미아역점,서울특별시 강북구 도봉로 190 (미아동),02-980-8881
서울특별시,양천향교역점,서울특별시 강서구 강서로 471 (마곡동),02-6083-3515
충청북도,충북괴산점,충청북도 괴산군 괴산읍 읍내로 286,043-833-7966
제주도,제주연동사장1길점,제주특별자치도 제주시 연동8길 7 (연동),064-746-2213
인천광역시,인천구월테크노밸리점,인천광역시 남동구 선수촌공원로17번길 1 (구월동),070-75757-0005
경기도,의정부역브라운스톤점,"경기도 의정부시 시민로179번길 10 (신곡동, 의정부역 브라운스톤 리버뷰)",070-4233-3108
전라북도,전주중산점,전북특별자치도 전주시 완산구 중화산로 43 (중화산동2가),미등록
경상북도,포항한동대점,경상북도 포항시 북구 흥해읍 한동로 558,미등록
충청남도,천안두정점,충청남도 천안시 서북구 두정로 271 (두정동),미등록
경기도,광명광복점,경기도 광명시 광복로 70 (철산동),070-7575-2010
인천광역시,인천계산삼거리점,인천 계양구 경명대로 1059,070-5222-0909
대구광역시,대구상동금륜점,대구광역시 수성구 청수로 54 (상동),053-216-7161
부산광역시,부산양정자이더샵점,"부산광역시 부산진구 연수로38, 170동 1층 118호",051-911-2375
충청북도,제천강제점,충청북도 제천시 장평천로 1 (강제동),043-645-9800
경기도,안양어반포레점,경기도 안양시 만안구 안양동 618,031-360-1030
경기도,오산세교가수점,경기도 오산시 초평중앙로 127-4,070-5100-2999
강원도,하이원그랜드호텔점,강원특별자치도 정선군 사북읍 하이원길 265,010-5854-2512
서울특별시,관악중부시장점,서울특별시 관악구 행운1길 132 (봉천동),미등록
대전광역시,충남대정문점,대전 유성구 대학로 86 1층 107호,042-824-7887
경상북도,의성안계점,경상북도 의성군 안계면 안계길 149,미등록
전라북도,익산금마점,전북특별자치도 익산시 금마면 금마길50,063-833-6389
인천광역시,인천서구경서점,인천광역시 서구 도요지로 24 (경서동),032-299-6088
제주도,서귀포516로점,제주특별자치도 서귀포시 516로 450 (상효동),미등록
대구광역시,대구엑스코점,대구광역시 북구 유통단지로8길 70 (산격동),053-262-9268
경상남도,진주상봉점,경상남도 진주시 의병로 56 (상봉동),055-747-3341
인천광역시,소래포구역점,인천광역시 남동구 소래역로36,미등록
경기도,화성새솔송린점,경기도 화성시 노들길 4,0507-1487-2223
인천광역시,인천부평금호이수점,인천광역시 부평구 마장로272번길 57,070-4333-1110
경기도,경기북부청사역점,경기도 의정부시 장곡로 620 (신곡동),070-5228-2200
서울특별시,신촌연세로점,서울특별시 서대문구 연세로 23 (창천동),070-5055-2002
인천광역시,인천학익신동아점,인천광역시 미추홀구 매소홀로 474 (학익동),032-243-5168
서울특별시,미아사거리성북우체국점,서울특별시 성북구 동소문로 304 (하월곡동),02-909-1104
전라북도,군산소룡점,전북특별자치도 군산시 공항로 86 (소룡동),063-471-8814
전라남도,담양메타점,전라남도 담양군 담양읍 깊은실길 16,070-8680-8880
전라북도,전주효천교점,전북특별자치도 전주시 완산구 효천중앙로 49 (효자동2가),063-222-0621
경기도,고양원당e편한시티점,"경기도 고양시 덕양구 호국로790번길 101 (성사동, e편한세상 시티 원당)",031-966-7310
경상북도,의성군청점,경상북도 의성군 의성읍 중앙길 83,070-4800-4999
경기도,의왕서해그랑블점,"경기도 의왕시 경수대로 262 (오전동, 의왕서해그랑블(블루스퀘어))",070-7868-4219
강원도,강릉경포해변점,강원특별자치도 강릉시 창해로 473 (강문동),033-651-5610
부산광역시,부산연산월드컵대로점,부산광역시 연제구 월드컵대로 159 (연산동),051-852-0451
서울특별시,도봉천점,서울특별시 도봉구 도봉로177길 26 (도봉동),070-5089-3333
제주도,제주종합경기장점,제주특별자치도 제주시 오라로 150 (오라일동),070-8824-2268
전라남도,목포포미점,전라남도 목포시 포미로 10 (용해동),070-5055-2000
경기도,부천엘림캐슬점,경기도 부천시 소사구 경인로 255 (심곡본동),070-8880-3691
강원도,강릉교동광장점,강원특별자치도 강릉시 솔올로5번길 52 (교동),070-7510-2223
충청남도,서산대산점,충청남도 서산시 대산읍 구진로 28,070-8691-3277
경상북도,구미송정푸르지오점,경상북도 구미시 백산로 64 (송정동),054-444-5144
대전광역시,대전선화빌리프점,대전광역시 중구 대종로517번길 61 (선화동),042-222-1401
경기도,평택대점,경기도 평택시 현신로 12 (용이동),031-647-0864
대전광역시,대전갈마중로점,대전광역시 서구 갈마중로 35 (갈마동),042-369-2135
서울특별시,금천시흥문일점,서울특별시 금천구 시흥대로51길 33 (시흥동),070-4488-2403
서울특별시,안암성북천점,서울특별시 성북구 고려대로8길 71,미등록
전라남도,전남강진점,전라남도 강진군 강진읍 보은로2길 33,070-4066-2000
서울특별시,외대앞역교차로점,"서울특별시 동대문구 외대역동로 63-12 (휘경동, 이문휘경 지웰에스테이트)",070-7808-6549
충청남도,천안동남경찰서점,충청남도 천안시 동남구 청수14로 102 (청당동) 108호,041-569-0410
경상남도,경남하동빛드림본부점,경상남도 하동군 금성면 경제산업로 509,070-7537-0998
전라남도,완도청해진점,전라남도 완도군 완도읍 청해진남로 15,061-886-8866
전라북도,전주효자기전점,전북특별자치도 전주시 완산구 우전로 339 (효자동3가),070-8780-9799
대구광역시,대구화원명천로점,대구광역시 달성군 화원읍 명천로 135,053-263-0750
충청남도,천안청당벽산점,충청남도 천안시 동남구 청당2길 99 (청당동),070-5220-2200
전라북도,전주에코백석점,전북특별자치도 전주시 덕진구 백석남로 131 (송천동2가),063-717-7706
인천광역시,인천송도센트로드점,인천광역시 연수구 인천타워대로 323 상가D동 1층 114호,032-831-3696
강원도,춘천신북샘밭점,강원특별자치도 춘천시 신북읍 신샘밭로 366,미등록
서울특별시,상일동역점,서울특별시 강동구 고덕로 391 (고덕동),02-3426-7789
경기도,수원매탄위브점,경기도 수원시 영통구 인계로220번길 10 (매탄동),031-211-7445
경기도,동두천중앙사거리점,경기도 동두천시 중앙로 261,031-928-5435
충청남도,아산탕정미래초교점,충청남도 아산시 탕정면 탕정면로 54-3,041-533-5689
전라북도,전주삼천세창점,전북특별자치도 전주시 완산구 용리로 177,063-223-8255
서울특별시,혜화역점,서울특별시 종로구 대학로 131,미등록
경기도,부천송내사회체육관점,경기도 부천시 소사구 경인로 110-1,032-662-2232
서울특별시,면목2동점,서울특별시 중랑구 동일로 645,070-4848-1313
전라북도,전주평화사거리점,전북특별자치도 전주시 완산구 모악로 4765,070-4006-7004
세종특별자치시,세종조치원욱일점,세종특별자치시 조치원읍 행복12길 1,044-866-5006
서울특별시,위례아이파크점,서울특별시 송파구 위례광장로 136,미등록
부산광역시,부산서면롯데후문점,부산광역시 부산진구 부전로66번길 26,미등록
서울특별시,신자초사거리점,서울특별시 광진구 뚝섬로 590,070-4060-4600
경기도,광주삼동점,경기도 광주시 고불로 458,031-761-0255
전라북도,전주한옥어진길점,전북특별자치도 전주시 완산구 어진길 40,​070-8844-1405
충청남도,천안중앙시장점,충청남도 천안시 동남구 사직로 4,041-555-1934
전라북도,전주만성북부점,전북특별자치도 전주시 덕진구 만성북로 19,070-5067-0505
전라남도,광양용강점,전라남도 광양시 광양읍 와룡길 5,070-7575-0715
경상북도,경산신대부적점,경상북도 경산시 압량읍 압독2로1길 15,070-7525-5001
경기도,김포구래휴트라움점,경기도 김포시 김포한강10로 133번길 66,031-998-3496
충청남도,당진수청호반점,충청남도 당진시 수청1길 47,070-5055-1000
서울특별시,노량진드림스퀘어점,서울특별시 동작구 노들로2길 7,070-7510-1777
경상남도,양산평산점,경상남도 양산시 평산로 21,055-388-6991
서울특별시,남부터미널점,서울특별시 서초구 효령로55길 10,070-5030-2000
전라북도,전주만성중앙점,전북특별자치도 전주시 덕진구 만성중앙로17-10,070-8744-3100
서울특별시,종로경희궁의아침점,서울특별시 종로구 사직로8길 34,02-2138-3239
서울특별시,구로지밸리점,서울특별시 구로구 디지털로 300,02-6344-3330
서울특별시,둔촌동역점,서울시 강동구 양재대로 1367,02-478-1205
전라북도,김제용지점,전북특별자치도 김제시 용지면 콩쥐팥쥐로 844,063-770-8989
경기도,시흥배곧한라점,경기도 시흥시 서울대학로 172-20,070-4647-1013
서울특별시,종로정동사거리점,서울특별시 종로구 새문안로 46,미등록
대전광역시,대전대흥자이점,대전광역시 중구 충무로107번길 122,070-5056-4401
제주도,제주신비로점,제주특별자치도 제주시 주르레길 1,미등록
대전광역시,대전삼성아파트점,대전광역시 중구 계룡로 856,042-525-1229
강원도,양구버스터미널점,강원특별자치도 양구군 양구읍 중심로 196,033-854-7008
제주도,마포시민공원점,제주특별자치도 제주시 구좌읍 월정3길 60,02-332-8631
대구광역시,대구으뜸병원점,대구광역시 중구 국채보상로 532-1,070-7575-0705
전라남도,광양성황점,전라남도 광양시 성황6길 28,061-795-9582
충청북도,청주가경아이파크점,충청북도 청주시 흥덕구 서현로 60,070-7798-1153
인천광역시,인천가정고점,인천광역시 서구 서달로163번길 4,070-5055-0666
세종특별자치시,세종조치원역점,세종특별자치시 조치원읍 으뜸길 208,044-865-4123
서울특별시,연남센트럴점,서울 마포구 연남동 228-44,070-8880-8080
서울특별시,석촌배명점,서울특별시 송파구 삼학사로 42,02-422-4263
인천광역시,인천부개코오롱점,인천광역시 부평구 부평문화로 216,070-5222-2155
경기도,용인신갈롯데점,경기도 용인시 기흥구 중부대로 375,031-282-2821
전라북도,장수장계점,전북특별자치도 장수군 장계면 한들로 90-1,미등록
경상남도,창원가음한림풀에버점,경상남도 창원시 성산구 가음정로23번길 10-21,070-7777-9787
서울특별시,홍익대제3기숙사점,서울특별시 마포구 성미산로 55,070-4099-3800
전라남도,순천서면점,전라남도 순천시 서면 삼산로 291,061-811-0677
서울특별시,잠실여고후문점,서울특별시 송파구 가락로 140,02-416-0321
전라북도,전북임실점,전북특별자치도 임실군 임실읍 운수로 51,063-778-8777
전라남도,광양칠성점,전라남도 광양시 광양읍 칠성리 126,070-7575-0700
경기도,은현농협에너지점,경기도 양주시 은현면 화합로 1148,070-7575-2448
대전광역시,대전안골네거리점,대전광역시 서구 동서대로 994,070-4099-0330
경기도,의정부호원한주점,경기도 의정부시 평화로 323,031-877-5190
대구광역시,대구만촌역태왕점,대구광역시 수성구 달구벌대로 2599,053-753-7487
경기도,안양포도원점,경기도 안양시 동안구 포도원로 4,031-429-1343
경기도,빽다방 빵연구소 안성당왕점,경기도 안성시 안성맞춤대로 1182 (당왕동),031-677-1182
대전광역시,대전효촌마을점,대전광역시 동구 동서대로1668번길 42,070-5100-6060
경기도,오산궐동점,경기도 오산시 궐리사로 31,070-4247-0925
강원도,속초해수욕장점,강원특별자치도 속초시 해오름로171,033-633-1022
경기도,퇴계원중학교점,경기도 남양주시 퇴계원읍 퇴계원로 53,031-527-7789
경기도,광명기아타운점,경기도 광명시 기아로 46,070-8211-3105
제주도,제주서광로동성길점,제주특별자치도 제주시 동성길 4,070-4333-2111
경기도,경기광주퇴촌점,경기도 광주시 퇴촌면 광동로 72,070-8822-1680
경기도,광명두산위브점,경기도 광명시 광덕산로 26,070-5055-1511
경기도,평택소사벌삼성타워점,경기도 평택시 평남로 858,070-7575-0707
서울특별시,대림성모점,서울특별시 동작구 시흥대로 658,02-6081-0202
인천광역시,인천검암2지구점,인천광역시 서구 승학로 562,070-4647-4625
경기도,구리수택더바임점,경기도 구리시 검배로 76,070-7510-7676
서울특별시,역촌역점,서울특별시 은평구 서오릉로 71,02-351-3512
서울특별시,구로대륭포스트8차점,서울특별시 구로구 디지털로26길 43,02-3149-6996
세종특별자치시,세종산울마을7단지점,세종특별자치시 산울7로 11,070-4888-0666
전라북도,전주시청점,전북특별자치도 전주시 완산구 기린대로 205,미등록
충청북도,청주내수점,충청북도 청주시 청원구 내수읍 청암로 56,043-213-2389
전라북도,전주서신아이파크점,전북특별자치도 전주시 완산구 백제대로 398,​063-251-3959
경상북도,대구군위점,대구광역시 군위군 군위읍 중앙길 90,070-7700-3114
전라북도,익산마동풍경채점,전북특별자치도 익산시 서동로166,063-843-3464
대구광역시,대구복현네거리점,대구광역시 북구 동북로 297,070-4006-0270
부산광역시,부산부곡점,부산 금정구 부곡동 294-5 1층,051-512-7997
경기도,남양주호평점,경기도 남양주시 늘을3로 65-8,070-8780-0925
서울특별시,중랑묵동신도점,서울특별시 중랑구 중랑역로 273,02-6956-3594
경기도,광주고산점,경기도 광주시 고산길 34,미등록
대전광역시,대전홍도점,대전광역시 동구 동산초교로23번길 3,064-803-0661
제주도,제주한라대점,제주특별자치도 제주시 한라대학로 73-1,064-803-0661
충청남도,천안성정현대점,충청남도 천안시 서북구 쌍용대로 297,070-5055-2779
서울특별시,서울한국외대점,서울특별시 동대문구 이문로 119,070-7575-0101
부산광역시,부산역점,부산광역시 동구 중앙대로196번길 6-5,070-8666-3002
인천광역시,인천송도유원지점,인천광역시 연수구 청량로104,032-286-7979
경기도,군포신환점,경기도 군포시 번영로 577,미등록
경기도,시흥은계호수점,경기도 시흥시 은계로 260,070-7575-2987
인천광역시,인천송림아이원점,인천광역시 동구 송미로 7,032-765-0090
경상북도,빽다방 빵연구소 구미옥계점,경상북도 구미시 산호대로25길 10 (옥계동),070-4800-6656
부산광역시,부산구포시장점,부산광역시 북구 구포시장5길 11,051-336-1147
경상남도,김해아이스퀘어점,"경상남도 김해시 김해대로 2342, 아이스퀘어몰 1층 A-105호",070-5222-2022
인천광역시,인천검단연세프라자점,인천광역시 서구 이음5로 20,070-5100-0998
전라남도,담양죽녹원점,전라남도 담양군 담양읍 객사4길 38-18,061-382-3337
서울특별시,석촌호수단길점,서울특별시 송파구 백제고분로39길 5,070-3348-8668
전라남도,전남무안터미널점,전라남도 무안군 무안읍 무안중앙로 2,070-7776-4700
경기도,고양삼송시티점,경기도 고양시 덕양구 동송로 33,02-6448-0214
경기도,의정부경의교차로점,경기 의정부시 의정부동 166-4 1층,0507-1367-1572
서울특별시,중곡사거리점,서울특별시 광진구 용마산로 51,미등록
서울특별시,노원상계3단지점,서울특별시 노원구 동일로217가길 39,미등록
제주도,제주동문시장점,제주특별자치도 제주시 동문로 4,미등록
인천광역시,부평보건소점,인천광역시 부평구 부흥로293번길 8,070-5001-0016
경기도,수원오목천점,경기도 수원시 권선구 삼천병마로1592번길 3,070-5055-3353
전라북도,전주효자상산점,전북특별자치도 전주시 완산구 효자천변2길 13,070-7777-8919
서울특별시,한남순천향점,서울특별시 용산구 대사관로 56,02-790-1847
경상북도,김천부곡점,경상북도 김천시 부곡길145,010-8817-6166
서울특별시,서울경희대점,서울특별시 동대문구 경희대로 20,070-5055-2055
세종특별자치시,세종시립도서관점,세종특별자치시 세종로 1219,044-868-8200
대전광역시,대전노은파로스빌점,대전광역시 유성구 은구비로 18,070-4333-0005
충청남도,천안직산산단점,충청남도 천안시 서북구 직산읍 4산단7로 92,미등록
대전광역시,대전한신s메카점,대전광역시 유성구 테크노3로 65,042-321-9900
경기도,구리검배로점,경기도 구리시 검배로 27,031-522-6392
경기도,신동탄헤센타워점,경기도 화성시 영통로60번길 7,070-7575-0337
대구광역시,대구동성로공평점,대구광역시 중구 동성로6길 77,053-255-4456
대전광역시,대전갈마네거리점,대전광역시 서구 신갈마로 186,070-4012-6582
서울특별시,서울JD타워점,서울특별시 중구 동호로 347,미등록
전라북도,완주군청점,전라북도 완주군 용진읍 운곡4로 20,063-714-3300
서울특별시,서울숭미초교점,서울특별시 도봉구 노해로 178,070-8211-3455
경기도,이천마장점,경기도 이천시 마장면 마장로52번길 16,070-5222-2027
경기도,판교우림w시티점,경기도 성남시 분당구 판교로255번길 9-22,031-628-8954
경기도,동수원사거리점,경기도 수원시 팔달구 경수대로 603,031-242-2738
서울특별시,제기동역점,서울특별시 동대문구 왕산로 110,미등록
인천광역시,인천성민병원점,인천광역시 서구 신석로 79,032-577-5122
인천광역시,인천연수대림점,인천광역시 연수구 원인재로 286,070-4116-5000
전라북도,군산대야점,전라북도 군산시 대야면 번영로 908,063-731-1222
제주도,제주하귀점,제주도 제주시 애월읍 하광로 12,070-5001-1190
서울특별시,광진화양삼거리점,서울특별시 광진구 광나루로 370,070-5222-1446
대구광역시,대구남평리네거리점,대구광역시 서구 서대구로77,053-710-9228
전라북도,전북장수점,전라북도 장수군 장수읍 장천로 175,070-5222-1333
경기도,다산역점,경기도 남양주시 다산중앙로145번길 15,031-552-9035
충청북도,충북혁신도시음성점,충청북도 음성군 맹동면 대하로 291,070-4647-2641
서울특별시,종로3가대로점,서울특별시 종로구 종로 118,02-2273-3777
경기도,평택고덕국제신도시점,경기도 평택시 함박산8길 29,미등록
서울특별시,신이문역점,서울 동대문구 이문동 220-105 1층,070-4027-3638
광주광역시,광주상무금호타운점,광주광역시 서구 치평로 24,미등록
서울특별시,중곡가구거리점,서울특별시 광진구 천호대로 575,070-8656-9729
서울특별시,잠실대교북단점,서울특별시 광진구 자양로 48,02-6958-9358
경기도,고양현대테라타워점,경기 고양시 덕양구 향동동 396 현대테라타워DMC 1층 A-B108호,02-710-5524
강원도,주문진교항점,강원특별자치도 강릉시 주문진읍 연주로 293,미등록
대구광역시,대구복현점,대구광역시 북구 검단로 8,미등록
서울특별시,종로5가역점,서울특별시 종로구 종로 213,02-745-2147
부산광역시,부산영도동삼점,부산광역시 영도구 동삼로 61,051-911-1226
전라북도,전주송천센트럴파크점,전북특별자치도 전주시 덕진구 송천로 1,미등록
제주도,제주한경면수월봉점,제주특별자치도 제주시 한경면 고산서3길 1,064-772-1253
대구광역시,대구두류공원점,대구광역시 달서구 두류공원로 244,070-7575-0717
경기도,부천테크노파크점,경기도 부천시 오정구 삼작로 22,032-321-8692
전라북도,전주모래내시장점,전북특별자치도 전주시 덕진구 안덕원로 165,063-255-3601
서울특별시,몽촌토성역점,서울특별시 송파구 백제고분로51길 23,02-423-3090
대구광역시,대구황금역SK뷰점,대구광역시 수성구 동대구로 95,053-767-0106
대구광역시,대구고성동오페라점,대구광역시 북구 고성북로 34,053-217-7553
경기도,시흥매화산단점,경기도 시흥시 매화동 846,미등록
강원도,강릉강문해변점,강원특별자치도 강릉시 창해로350번길 21,미등록
전라북도,익산부송주공점,전북특별자치도 익산시 궁동로 126,063-723-3232
경기도,소사역점,경기도 부천시 원미구 소사로282번길 8,032-342-5488
서울특별시,관악인헌점,서울시 관악구 남부순환로 1944,미등록
경기도,행신햇빛마을점,"경기도 고양시 덕양구 중앙로554, 1층 108호",070-5055-2424
경기도,과천상상자이점,경기도 과천시 과천대로 7길 65,070-5001-6003
경기도,시흥시청점,경기도 시흥시 시청로 33,070-8770-4793
충청남도,천안신방초원점,충청남도 천안시 동남구 신촌4로 16,041-577-3206
경기도,부천역점,경기 부천시 원미구 부천로 4-1,미등록
경기도,시흥정왕유천점,경기도 시흥시 중심상가로 324,070-8666-3222
경기도,옥정호수공원점,"경기도 양주시 옥정동로 193, 106호",070-4800-0016
경상남도,진해북원로터리점,경상남도 창원시 진해구 여명로 4,055-713-7113
경기도,화정중앙공원점,경기도 고양시 덕양구 화신로 259,031-971-4725
서울특별시,쌍문역2번출구점,서울 도봉구 도봉로 476,미등록
서울특별시,강북중학교점,서울특별시 강북구 한천로150길 70,070-4888-2121
서울특별시,도봉구청점,서울특별시 도봉구 마들로 650,02-3494-0410
대전광역시,대전용산점,대전광역시 유성구 용산1로 83 1층,042-933-8624
충청남도,당진합덕점,충청남도 당진시 합덕읍 덕평로 553,041-363-9394
강원도,춘천엔타점,강원특별자치도 춘천시 후석로 120 춘천ENTA몰 1층 109호,070-8813-8709
서울특별시,상암이안점,서울 마포구 월드컵북로 361,070-8287-2690
인천광역시,인천산곡고점,인천광역시 부평구 부영로189번길 36,032-501-2587
서울특별시,청량리우남SL타워점,서울특별시 동대문구 왕산로 186,070-8667-7560
경기도,안양대우상가점,"경기도 안양시 만안구 안양동 70, 안양대우아파트 상가 102호",070-4099-0440
서울특별시,종합운동장역점,서울특별시 송파구 올림픽로 76,미등록
경기도,성남금광금빛점,경기도 성남시 중원구 광명로 317,031-735-4847
경기도,평택고덕SBC점,경기도 평택시 고덕여염로 118,031-8054-7879
대전광역시,대전괴정점,대전광역시 서구 괴정로 29,042-537-1401
인천광역시,인천효성e편한세상점,"인천광역시 계양구 효서로 145, 상가 2동 1층 106호",070-5014-4662
경기도,신영통현대점,경기도 화성시 영통로 59,070-5001-1818
인천광역시,부평역지하상가점,"인천광역시 부평구 광장로 지하30, 35호 36호",032-715-5597
서울특별시,상계하늘공원점,서울특별시 노원구 덕릉로738,070-7585-9502
대전광역시,대전트리풀시티호수점,대전광역시 서구 도안동로 234,042-542-3283
제주도,서귀포중문로터리점,제주특별자치도 서귀포시 중문관광로 348,064-739-2139
서울특별시,화곡중앙시장점,서울특별시 강서구 가로공원로76길 75,02-2602-7779
서울특별시,영등포시장사거리점,서울시 영등포구 영등포로 202,02-6338-0328
대전광역시,대전도안갑천레이크점,"대전광역시 유성구 원신흥로122-11, 1층 102호",042-721-0063
서울특별시,장승배기역점,서울특별시 동작구 장승배기로 71,070-4333-3993
충청남도,천안아산역점,"충청남도 아산시 배방읍 고속철대로 147, 우성메디피아 1층",041-910-0040
경상남도,진주혁신소호점,경상남도 진주시 범골로54번길 19,070-8667-6608
서울특별시,문래SKV1센터점,서울특별시 영등포구 선유로9길 10,0507-1448-4030
전라북도,완주용진점,전북특별자치도 완주군 용진읍 완주로 212,미등록
충청북도,청주문의IC주유소점,충청북도 청주시 상당구 문의면 미천고은로 61,010-3445-2852
인천광역시,인천검단더시글로점,인천광역시 서구 원당대로 966,070-4006-1095
세종특별자치시,세종전의점,세종특별자치시 전의면 운주산로 1200,044-868-1776
서울특별시,가양중앙점,서울특별시 강서구 양천로57길 13,070-4012-7107
서울특별시,종로3가낙원점,서울특별시 종로구 수표로 115-1,미등록
대전광역시,대전신성산단점,대전광역시 유성구 유성대로1184번길 5-5,042-867-0305
세종특별자치시,세종고운하모니점,세종특별자치시 마음로 272-28,044-866-4806
광주광역시,광주운암벽산점,광주광역시 북구 황계로 59,070-4333-4222
경기도,광주성원점,경기도 광주시 태봉로 51,031-699-8044
충청북도,청주옥산점,충청북도 청주시 흥덕구 옥산면 청주역로 625,043-263-1008
경기도,안양중앙시장점,경기도 안양시 만안구 병목안로 15,070-4242-2240
경기도,성남모란역점,경기도 성남시 중원구 광명로 2,031-755-5557
인천광역시,부평여고점,인천광역시 부평구 부흥로 249,032-221-7668
경기도,평택안정점,경기도 평택시 팽성읍 안정쇼핑로 38-1,0507-1442-4646
세종특별자치시,세종부강점,세종특별자치시 부강면 부강로 53,044-998-0004
전라북도,군산내흥점,전북특별자치도 군산시 정자로 64,063-912-9005
경기도,부천춘의점,경기도 부천시 원미구 부천로198번길 27,미등록
서울특별시,서울중계초교점,서울특별시 노원구 한글비석로15길 27,02-6956-6001
서울특별시,광진이튼1차점,서울특별시 광진구 능동로 68 이튼타워리버1차 1층 114호,02-446-5658
제주도,제주보성시장점,제주특별자치도 제주시 중앙로 179,064-722-6496
충청북도,청주사직푸르지오점,충청북도 청주시 서원구 예체로 55,070-7807-5260
충청남도,천안남서울대점,충청남도 천안시 서북구 성환읍 성진로 57,070-4060-8828
대전광역시,대전송촌5단지점,대전광역시 대덕구 동춘당로44번길 11,070-5055-1234
충청남도,당진신평점,충청남도 당진시 신평면 거산3거리길 13,041-362-1103
서울특별시,노량진2동점,서울시 동작구 노량진로 110,070-8633-5091
서울특별시,영등포도림점,"서울 영등포구 도림로 386, 웰니스 1층",070-7777-3633
경기도,파주한빛마을점,경기도 파주시 와석순환로 66,070-5222-2020
경기도,하남망월점,경기도 하남시 미사강변동로 70,미등록
서울특별시,충무로필동점,서울특별시 중구 필동로 31,02-2274-1905
경기도,병점역SK뷰점,"경기도 화성시 경기대로990, 104동 상가 1층",070-8666-6337
경기도,여주태평리점,경기도 여주시 가남읍 태평로 56,070-7759-7770
서울특별시,퍼블릭가산점,"서울 금천구 디지털로 178, 현대지식산업센터 가산퍼블릭 B동 135호",02-2114-8550
경기도,군포송정점,경기도 군포시 송부로 88,070-5001-5505
경상북도,상주시청점,경상북도 상주시 상서문2길 112,054-907-5535
경기도,일산식사구제거리점,경기도 고양시 일산동구 견달산로 265,070-4107-7077
서울특별시,창동에이치큐브병원점,서울특별시 도봉구 도봉로 604,미등록
인천광역시,인천석남역점,인천광역시 서구 가정로 237-1,070-5208-7888
강원도,강릉남산초교점,강원도 강릉시 남부로 125번길 26,070-8815-4566
경상북도,의성도리원,경상북도 의성군 봉양면 도리원1길 63-1,미등록
제주도,제주애월항점,제주특별자치도 제주시 애월읍 애월로13길 54-1,070-8822-9999
인천광역시,인천삼산미래타운점,인천 부평구 부평북로 442 삼산프라자 1층 103호,070-5001-0100
경기도,과천디테크타워점,경기도 과천시 과천대로7길 33,02-6390-6040
한국,안산반달섬점,"경기도 안산시 단원구 시화호수로 623, 131호",미등록
서울특별시,방학사거리,서울시 도봉구 도봉로 679,02-6958-7770
경상남도,양산석산점,경상남도 양산시 동면 석산리 1449-6,미등록
서울특별시,상봉이지팰리스점,"서울특별시 중랑구 망우로316, 1층 104호",02-6952-4836
경기도,부천중동시장점,"경기도 부천시 원미구 부흥로 199, 1층",070-5222-8700
경기도,병점역복합타운점,경기도 화성시 병점노을5로 26,031-222-9764
서울특별시,구로구청점,서울특별시 구로구 구로동 431-3,미등록
충청남도,천안삼거리점,충청남도 천안시 동남구 충절로 369,070-5222-8080
전라북도,전주혁신1호점,전북특별자치도 전주시 덕진구 기지로 77,063-222-7798
인천광역시,부평북부역점,인천광역시 부평구 경원대로 1366,032-501-7665
경기도,경기광주능평점,경기도 광주시 능평로 55,031-711-0527
제주도,제주송악산점,제주 서귀포시 대정읍 형제해안로 316,064-792-6171
경기도,구리한양대병원점,경기 구리시 경춘로 167 구리수아주퍼스트 1층 102호,0503-5260-8018
경기도,오산원동롯데캐슬점,"경기도 오산시 원당로 35, 오산롯데캐슬스카이파 상가2동 102호",070-4070-0006
인천광역시,인천서부여성회관점,인천광역시 서구 서달로11번길 2,032-213-5678
경기도,하남신장동일점,경기도 하남시 대청로59번길 24,070-5222-7575
서울특별시,강남을지논현점,서울특별시 강남구 논현동 64-8,070-4333-0808
전라남도,순천용당점,전라남도 순천시 용당동 564-5,미등록
경상북도,문경새재점,경상북도 문경시 문경읍 상초리 288-55,010-5959-7899
대구광역시,대구수성범어w점,대구광역시 수성구 달구벌대로 2436,070-7575-0062
세종특별자치시,세종고대점,"세종특별자치시 조치원읍 내창3길 24, 1층 101호",070-4175-2397
서울특별시,중랑신내프라디움점,서울시 중랑구 망우동 584 시티원스퀘어,070-4792-4200
경기도,안양평촌센텀퍼스트점,"경기도 안양시 동안구 갈산로 15, 평촌센텀퍼스트 단지내 상가 A동 121호",031-427-7487
경기도,시흥신천역점,경기도 시흥시 신천로80번길 1,070-7575-2525
세종특별자치시,세종홍대점,세종특별자치시 조치원읍 신안리 445-6,070-8657-2018
경기도,안성공도진사점,경기도 안성시 공도읍 진사길 10,070-4833-3207
경기도,빽다방 빵연구소 용인보라점,경기 용인시 기흥구 한보라2로 5-5,031-275-8354
경상북도,구미봉곡점,경상북도 구미시 봉곡남로 68,054-441-1110
제주도,제주용문마을회관점,제주특별자치도 제주시 용문로 128,064-753-0001
서울특별시,대치사거리점,서울특별시 강남구 삼성로 345,070-4151-3080
경기도,하남감일월드점,경기도 하남시 감일백제로 161,070-7698-6789
강원도,원주공군비행단점,강원특별자치도 원주시 소초면 의관리 542-5 청나래 복지센터 2층,033-735-8820
대구광역시,대구파동나이스점,"대구광역시 수성구 파동로 96, A동 1층",053-716-7259
대구광역시,대구경북예고점,대구광역시 남구 대명동 1805-25,053-213-9969
서울특별시,이대점,서울특별시 서대문구 이화여대길 28,070-7777-9020
서울특별시,한예종석관점,서울특별시 성북구 화랑로32길 149,02-963-2925
경기도,파주오산리점,경기도 파주시 조리읍 등원로 373,070-4530-0730
경기도,남양주도농애시앙점,경기도 남양주시 도농로24 부영애시앙 원앙관 1층,미등록
서울특별시,잠실방이점,"서울시 송파구 올림픽로 350, 1층 101호",02-424-0410
강원도,속초중앙시장점,강원특별자치도 속초시 중앙시장로6길 44,070-8899-5504
전라북도,전북무주점,전북특별자치도 무주군 무주읍 단천로 95,063-322-0763
경기도,안산초지매매단지점,경기도 안산시 단원구 원포공원2로 24,070-8680-1079
부산광역시,부산광안역점,"부산광역시 수영구 광안동 744-15, 1층",070-7701-7770
경기도,동탄서연점,"경기도 화성시 동탄대로4길 47, 1층 106호",070-5222-3433
경기도,광주회덕점,"경기도 광주시 회덕동 274-4, 1층 101호",미등록
충청남도,아산선문대점,충청남도 아산시 탕정면 탕정면로 117,041-541-4836
인천광역시,인천연수영남점,인천 연수구 새말로107번길 15,032-818-0360
경상남도,삼천포점,경상남도 사천시 벌리동 258-10,055-833-0740
제주도,서귀포호근동희망점,제주특별자치도 서귀포시 호근동 807-2,064-900-0566
서울특별시,수유사거리점,서울 강북구 수유동 7-4 1층,070-4799-0240
충청북도,청주방서호반우미린점,충청북도 청주시 상당구 동남로 20,070-7840-2515
경기도,수원탑동초교점,경기도 수원시 권선구 금호로 220,031-8019-8977
부산광역시,부산거제레이카운티점,"부산시 연제구 아시아드대로 39, 상가동 2단지 1층 120호",070-8287-2918
전라북도,전주마전점,전라북도 전주시 완산구 홍산로 375,063-715-2288
경기도,남양주진접제일점,"경기도 남양주시 진접읍 금강로 1529, 1층",031-527-8481
경기도,인덕원벌말점,경기도 안양시 동안구 평촌동 68-14,070-8666-1356
부산광역시,부산연산시장점,부산광역시 연제구 중앙천로2번길 3,051-867-3006
충청남도,대천해수욕장점,충남 보령시 해수욕장4길 66,미등록
경기도,용인고진초교점,경기도 용인시 처인구 고림동 1014 상가동 1층 5호,031-333-1854
경기도,구리장자호수공원점,경기도 구리시 장자대로86번길 18 (수택동),031-568-7232
충청남도,아산터미널점,충남 아산시 모종동 557-15 1층,041-531-1008
경기도,송탄출장소점,경기도 평택시 특구로 19,031-662-0766
대구광역시,대구경대해링턴점,대구 동구 경대로 126 308동 1층,0507-2093-2787
서울특별시,대흥역점,"서울 마포구 대흥로 79 , 1층",02-715-0102
강원도,영월중앙점,강원특별자치도 영월군 영월읍 중앙로 36,033-373-0108
서울특별시,오목교중앙점,서울특별시 양천구 목동동로12길 45,02-2061-4409
서울특별시,신상도초교점,"서울시 동작구 양녕로 183, 1층",미등록
인천광역시,인천청천그랑힐스점,인천광역시 부평구 산청로 97,070-8657-3867
서울특별시,반포원베일리스퀘어점,서울특별시 서초구 반포대로 291 (반포동) 1층 B101호,02-6404-5565
제주도,제주한림점,제주특별자치도 제주시 한림읍 한림중앙로 72,064-796-0166
서울특별시,석계역문화공원점,서울 노원구 석계로3길 3,미등록
대전광역시,대전탄방이편한세상점,대전광역시 서구 탄방동 86-3 정인빌딩 1층,042-487-1095
경기도,안양예술사거리점,"경기도 안양시 만안구 경수대로 1173, 1층 101호",031-471-1002
서울특별시,노원역북부점,"서울 노원구 상계로3길 21 (상계동, 화일빌딩) 1층 101호",02-2138-2405
경기도,광명티아모IT타워점,"경기기 광명시 하안동 304, 1층 111호",02-899-9355
대전광역시,대전용문역점,대전 서구 도산로 372,070-8806-0304
서울특별시,오류동역북부점,서울특별시 구로구 오류동 55-51,02-2616-3442
대구광역시,대구수성구청역점,대구 수성구 범어동 221-8 1층,053-751-3579
경기도,남양주도심역점,"경기도 남양주시 와부읍 덕소로 244, 1층 일부",031-577-1211
충청남도,아산모종점,충남 아산시 모종동 648,041-547-9100
전라남도,영암삼호점,전라남도 영암군 삼호읍 신항로 100,064-462-1206
충청북도,청주수곡점,"충청북도 청주시 서원구 구룡산로 245-1, 1층(수곡동)",043-902-0410
부산광역시,부산수영역점,부산광역시 수영구 연수로416번길8,051-715-8434
강원도,고성간성점,강원특별자치도 고성군 간성읍 간성로 36,미등록
부산광역시,부산공항덕두점,부산광역시 강서구 공항로811번길 38,051-946-3690
전라남도,전남구례점,전남 구례읍 중앙로 37,061-782-0537
경기도,오산주공5단지점,경기 오산시 대원로 63,070-4060-8684
충청남도,천안두정고점,충청남도 천안시 서북구 두정로 117 (두정동),070-8666-1664
서울특별시,자양전통시장점,"서울시 광진구 자양로15길 52, 1층 102호",02-2138-1334
경기도,정약용도서관점,경기도 남양주시 다산동 6175 1층 101호,031-566-9396
서울특별시,서여의도점,서울특별시 영등포구 국회대로70길,070-7575-0010
울산광역시,울산매곡점,울산광역시 북구 매곡동 628.참조은빌딩 1층,052-922-3548
전라북도,전주신일강변점,전북 전주시 완산구 효자천변1길 27,063-714-2070
충청북도,충주교통대점,충북 충주시 대소원면 대학로 19-3,미등록
서울특별시,한강성심병원점,"서울 영등포구 영등포동7가 29-105, 1층 일부",02-2676-1057
인천광역시,인천효성유승점,인천 계양구 아나지로 75 효성다섬프라자 1층,032-266-0011
서울특별시,강동비즈밸리점,"서울 강동구 고덕비즈밸리로 26, B동 1층 117호",02-6072-0660
전라북도,전주근영점,전북특별자치도 전주시 완산구 백제대로 264,063-222-4833
인천광역시,인천영종센텀베뉴점,인천광역시 중구 중산동 1871-1,070-8680-0731
경기도,연천전곡점,경기 연천군 전곡읍 온골로 49 1층,031-832-2220
인천광역시,인천청라휴먼시아점,인천 서구 청라커낼로233번길 4,032-710-4972
경기도,용현송산역점,경기도 의정부시 용현동 8-8 1층 빽다방,070-8887-1963
충청남도,천안풍세점,충남 천안시 동남구 풍세면 보성리 742,041-415-0199
경기도,용인양지점,경기도 용인시 처인구 양지면 양지로 145 1층,031-333-0046
강원도,강원인제점,강원특별자치도 인제군 인제읍 인제로 203,070-8676-1166
경상남도,사천카이점,경남 사천시 사남면 유천리108번지.삼정그린코아상가143동119호,070-4010-5687
서울특별시,빨래골입구점,"서울시 강북구 삼양로293, 1층 106,107호",070-4793-0240
전라남도,전남고흥녹동점,"전라남도 고흥군 도양읍 비봉로154, 1층",070-8703-0220
경기도,부천역곡역북부점,경기도 부천시 역곡동 111-8,070-4006-3345
서울특별시,북가좌점,서울특별시 서대문구 북가좌동 280-12 1층 빽다방,070-4015-7852
서울특별시,서원역점,서울 관악구 신림로 264 1층 101호,미등록
대전광역시,대전교촌점,대전광역시 유성구 교촌동 623-9,070-7777-7759
전라북도,군산지곡점,군산시 옥산면 당북리 431-14 1층,063-467-0724
대구광역시,대구달성공원역점,대구 광역시 중구 수창동 65-14,053-253-1803
제주도,제주노형월랑점,제주 제주시 월랑로10길 9 1층,064-748-0305
경기도,고양일고점,경기도 고양시 덕양구 읍내로 10,070-8657-1793
경상남도,진주혁신아이프라자점,경상남도 진주시 충무공동 328-3 (1층),070-7808-1211
서울특별시,은평DYB점,서울 은평구 가좌로 204,미등록
대전광역시,대전태평유등점,대전광역시 중구 태평동 339-1,미등록
경기도,안산중앙주공점,경기 안산시 단원구 예술대학로 82,070-4162-2665
충청남도,천안신부희망초교점,충청남도 천안시 동남구 단대로 18,070-4012-0814
경기도,오리역점,경기도 성남시 분당구 구미동 185-3,031-719-2088
경기도,판교삼환하이펙스점,"경기 성남시 분당구 판교역로 230, B동 113호",미등록
경상남도,진주충무공점,"경남 진주시 충무공동 22-14, 107호",070-8657-3323
인천광역시,인천작전역힐스테이트점,인천 계양구 봉오대로651번길 4,032-710-1089
서울특별시,중랑구청점,서울시 중랑구 신내동 666 신아타운 1층 104호,02-3422-6540
제주도,서귀포중문점,제주특별자치도 서귀포시 천제연로97(색달동),064-738-6578
부산광역시,부산만덕점,"부산광역시 북구 만덕2로44번길 77, 1층 빽다방",051-337-9453
전라북도,전주덕진구청점,전라북도 전주시 덕진구 벚꽃3길 10 (진북동),070-4322-3345
서울특별시,종로숭인대경점,"서울 종로구 난계로 255 (숭인동, 대경빌딩) 1층",02-2233-0099
서울특별시,사당네스코점,서울 관악구 남부순환로 2064,02-583-0005
경기도,기흥역사거리점,경기 용인시 기흥구 기흥로 4,070-8287-2674
충청북도,충주호암신도시점,충청북도 충주시 호암수청1로 51,043-724-2255
대전광역시,대전용운중앙점,대전 동구 용운동 431-1,070-4035-7800
서울특별시,목동우성점,서울 양천구 목동남로 46,070-7604-2179
서울특별시,중계본동점,"서울특별시 노원구 중계로12가길 2, 103호 빽다방",02-936-8365
경기도,호원범골역점,"경기도 의정부시 신흥로 130, 1층 (온누리 빌딩)",031-837-0311
전라북도,전주우전점,전북 전주시 완산구 쑥고개로 395 1층,063-904-3277
전라북도,전주교대점,"전라북도 전주시 완산구 전주천서로69, 2층(동서학동)",063-288-2950
경상남도,진주시청점,경상남도 진주시 도동천로 112 (상대동),055-920-2060
서울특별시,전농동전동초교점,서울 동대문구 사가정로 145,070-4420-5111
서울특별시,동대문역사문화공원역점,"서울 중구 을지로43길 13 (을지로6가, 대화빌딩) 1층",0507-1351-1859
경기도,동탄목동점,경기 화성시 동탄순환대로18길 16,031-8055-8113
충청남도,아산배방삼성점,충남 아산시 배방읍 배방로173번길 1 1층 101호,070-8657-0987
서울특별시,금천롯데캐슬점,"서울시 금천구 시흥대로291,310동 지하1층 B16호(독산동, 금천롯데캐슬골드파크3차)",02-6952-3935
서울특별시,종로르메이에르점,서울시 종로구 종로1가24,070-4006-1809
경상북도,칠곡남율점,경북 칠곡군 석적읍 남율리 1315,054-975-0888
인천광역시,인천미추홀구청점,인천 미추홀구 숭의동 173-41  1층,032-888-2891
경상남도,거제사등점,경남 거제시 사등면 사등리 1949,055-635-6688
서울특별시,왕십리텐즈힐점,서울 성동구 마장로 137(텐즈힐몰 1층 111호),070-4012-3878
경기도,남양주오남한신점,경기 남양주시 오남읍 진건오남로 545-5,070-402-7211
경기도,빽다방 빵연구소 화정DT점,경기도 고양시 덕양구 충장로 285 (화정동10474),070-4035-2596~7
대전광역시,대전목상점,대전광역시 대덕구 목상동 185-1 상가 1층,042-710-3636
경기도,빽다방 빵연구소 평택청북점,경기도 평택시 청북읍 옥길리 1156-3,070-4110-0116
경기도,분당정자엠코점,"경기도 성남시 분당구 정자일로 146, A108호",031-719-8954
충청북도,오송2산단파라곤점,"충청북도 청주시 흥덕구 오송읍 오송생명7로 146, 103호",043-715-1008
전라북도,완주고산점,전북 완주군 고산면 고산로 81 1층,070-4006-0879
서울특별시,군자역점,서울특별시 광진구 능동로35길 7,02-498-6301
경기도,부천소새울역점,"경기 부천시 소사로 119 ,1층",070-4035-3250
부산광역시,부산용호현대비치점,부산 남구 용호로42번길 14. 1층 110호,0507-1374-2068
서울특별시,합정역사거리점,서울 마포구 독막로 2길 10 (합정동 373-3),0507-1490-7847
부산광역시,부산수영구청점,"부산시 수영구 광남로 31, 1층",051-912-4567
서울특별시,사당방배점,"서울 서초구 동작대로 68, 1층",02-6954-0918
서울특별시,용산한강로3가점,"서울시 용산구 한강대로 15길 9, 1층 102호",02-6013-8624
경기도,시흥장현점,경기도 시흥시 황고개로 526 중앙프라자 제 1층 (101호),010-5946-8409
대전광역시,대전대덕밸리점,대전시 유성구 테크노중앙로 155,042-710-9595
경상남도,진영중흥S클래스점,경남 김해시 진영읍 진영리 1634-6,070-4066-2551
인천광역시,인천불로점,인천 서구 검단로768번길 4 방주프라자 103호,070-4077-1349
경기도,의정부세무서점,"경기도 의정부시 둔야로49번길 49, 1층(의정부동, 담소리빌딩)",070-4070-5280
경기도,시흥배곧도서관점,경기도 시흥시 배곧4로 99 (배곧동),070-4070-0174
서울특별시,신림역2호점,서울 관악구 신림로 324 1층,미등록
경상남도,진해우림필유점,경상남도 창원시 진해구 해원로 43 (석동),055-715-1040
대전광역시,대전가온비즈타워점,대전 대덕구 대화로 120 R116호,042-345-2227
대구광역시,대구상매혁신산단점,대구 동구 이노밸리로 3 (상매동) 1층,053-268-9948
제주도,제주도청점,제주시 신대로 7길 7,070-8900-3535
인천광역시,인천경인교대역점,"인천 계양구 계산동 968-38, 1층 빽다방",미등록
경기도,안산제1종합시장점,"경기도 안산시 단원구 선이로 6, 101호 빽다방 (선부동, 일신건영휴먼빌아파트상가)",070-7798-1279
대전광역시,대전중리가구거리점,대전광역시 대덕구 한밭대로 1157,042-624-0600
제주도,제주월정리점,제주특별자치도 제주시 구좌읍 월정리 545,미등록
경기도,안산시그니처타워점,경기도 안산시 상록구 사동 1639-20 그랑시티 시그니처타워 1층 (112호),070-4006-8668
충청남도,천안공주대점,충남 천안시 서북구 공대길 23 (부대동),070-8716-2525
경기도,화성정남발산점,경기 화성시 정남면 만년로 442-18 1층,미등록
서울특별시,일원영희초교점,"서울 강남구 일원로 3길20, 1층 빽다방",﻿02-451-1103
충청남도,아산신창점,충남 아산시 신창면 남성길 134,041-545-3206
서울특별시,약수시장점,서울특별시 중구 다산로8길 17,02-6104-6227
대구광역시,대구파티마삼거리점,"대구광역시 동구 동대구로 590 302동 지하1층, 102호(신암동, 동대구역화성파크드림오피스텔)",070-4048-6962
전라북도,익산시청점,전북 익산시 인북로 234,070-4048-1112
서울특별시,양평구산드림타워점,"서울 영등포구 선유로47길 15 (양평동4가, 구산드림타워) 105호",02-2636-4246
경상남도,거제한화오션남문점,경상남도 거제시 거제대로3437,010-6606-1102
경기도,화성봉담2지구점,경기 화성시 봉담읍 상리중심상가길 28-9,031-292-1229
서울특별시,종암동아이파크2차점,"서울특별시 성북구 종암동 131-2, 1층",02-2289-8885
서울특별시,상계백병원점,서울 노원구 동일로 1354,070-4333-4229
대구광역시,서대구영무예다음점,"대구광역시 서구 당산로 446, 363동 103호(평리동 633-29번지 외)",0507-1498-9887
대전광역시,대전둔곡점,대전 유성구 구룡동 770-10 번지,070-4334-7767
경상남도,양산북정점,"경상남도 양산시 북정동 891-12,1층",070-4012-4009
경기도,용인백암점,경기도 용인시 처인구 백암면 백암로 217,070-4333-1236
세종특별자치시,세종집현점,"세종시 집현동 1128,1층",0507-1338-0726
경기도,수원율전점,경기 수원시 장안구 서부로 2157 1층,031-895-5808
대전광역시,대전대동점,대전 동구 동대전로46번길 7 106호,0507-1339-6636
서울특별시,월계그랑빌점,서울 노원구 월계동 18 1층 110호,미등록
인천광역시,인천간석북부역점,인천 남동구 석정로 518 엠타워 1층 104호,0507-1315-9084
서울특별시,월계롯데캐슬루나점,서울 노원구 월계로 45길 21,070-4333-8234
경기도,파주적성점,"경기도 파주시 적성면 청송로1026, 1층 일부",미등록
경상남도,진주교대점,경상남도 진주시 신안동 433. 1층,070-4333-8484
서울특별시,여의도역점,서울특별시 영등포구 여의나루로 42,02-785-1117
강원도,강릉중앙시장점,강원도 성남동 60-20,033-823-2773
강원도,강릉옥천점,강릉시 옥천동 287,070-4911-7333
경상북도,구미4공단점,경상북도 구미시 산동면 봉산리 577-2 1층,054-475-5956
전라남도,순천한국병원점,순천시 덕연로 66 1층,070-4048-6667
인천광역시,인천화전초교점,"인천광역시 계양구 주부토로 374, 1층 (102호)",070-4048-4550
서울특별시,대학로점,서울특별시 종로구 대학로 89(연건동) 1층,070-4764-1803
서울특별시,중화동제일시장점,서울 중랑구 묵동 250-38,070-4035-8113
경상남도,김해삼계중앙점,경남 김해시 해반천로 144번길 12,미등록
대전광역시,대전학하오투그란데점,"대전광역시 유성구 학하서로20번길14, 101호",070-4048-5220
경상남도,김해부원점,김해시 부원동 612-14. 1층,055-904-2890
충청남도,당진터미널점,충청남도 당진시 밤절로 136,070-4070-6500
대구광역시,동대구신천테라스점,대구 동구 신천동 331-1,054-745-4456
경기도,빽다방 빵연구소 수원영통점,경기 수원시 영통구 중부대로447번길 9,031-222-1227
전라남도,남악도청사거리점,전남 무안군 남악리 2024,061-281-1112
광주광역시,광주매곡점,광주광역시 북구 서하로 123,070-4006-1125
서울특별시,신도림큐브스테이트점,서울 구로구 경인로 611-7 102호,070-7869-8869
서울특별시,종로평창동점,"서울 종로구 평창문화로 75 (평창동, 글로리아타운) A동 112호",0507-1380-5031
경기도,시흥거북섬점,경기도 시흥시 거북섬남로 47,031-433-1867
서울특별시,마들역점,"서울 노원구 동일로 1554 (상계동, 다래빌딩) 1층",070-4212-0553
충청남도,천안순천향병원점,충청남도 천안시 동남구 순천향4길 40 (봉명동),041-578-5800
강원도,춘천강북점,"강원도 춘천시 충열로 1, 1층",033-251-8886
경기도,평택용죽점,경기도 평택시 용죽3로 20,070-8657-2129
충청북도,청주탑동점,충북 청주시 상당구 용담로 50,070-4035-8300
경기도,갈매금강펜테리움점,경기 구리시 갈매순환로166번길 46 금강펜테리움타워 M-142호,031-869-2454
전라남도,전남진도점,전남 진도군 진도읍 남동리 780-1,0507-1464-8904
대전광역시,대전새여울초점,대전 대덕구 석봉동 501-3,070-4047-4400
전라북도,전주평화모악로점,전라북도 전주시 완산구 모악로4655 1층 빽다방,063-715-2550
인천광역시,청라국제업무단지점,인천 서구 청라한내로100번길 24 1층 132호,미등록
세종특별자치시,세종용포대평시장점,세종시 금남면 용포리 193-30,070-7711-2727
경기도,시흥대야역점,경기 시흥시 대야동 650-1,031-509-0514
대구광역시,대구만촌팔레스점,대구 수성구 만촌동 1463-1 1층,070-4012-7300
서울특별시,해방촌오거리점,서울특별시 용산구 신흥로20길 1,070-4010-8803
대구광역시,대구대현점,대구 북구 대현동 277-11,0507-1371-8729
인천광역시,인천송현점,인천광역시 동구 송현로 25 (송현동),미등록
충청남도,계룡대실지구점,"충청남도 계룡시 두마면 농소로 63, 1층",070-8893-8554
인천광역시,청라3단지루비점,인천 서구 청라동 145-2 청라유-에이치에이유에스 102호,070-4334-5503
전라남도,목포옥암부주점,전남 목포시 남악1로52번길 27. 1층,061-282-6623
인천광역시,청라더리브티아모점,"인천광역시 서구 청라동 202-3, 1층",032-263-1276
부산광역시,부산부경대점,부산 남구 수영로 334번길 53,070-4833-7511
전라북도,전주한옥마을점,전주시 완산구 풍남문2길 9,063-287-1379
강원도,원주단관점,"원주시 단구로 398 , 상가동 b 103호",033-766-7880
충청북도,청주분평농협사거리점,충북 청주시 서원구 청남로 2010,0507-1409-0820
제주도,제주이호테우점,제주특별자치도 제주시 이호일동 1700-4 1충,미등록
대전광역시,대전신탄진IC점,대전 대덕구 신탄진로 681번길 20,042-931-1258
전라북도,익산황등점,전라북도 익산시 황등면 황등로 108,063-918-6001
인천광역시,인천부평공고점,인천광역시 부평구 갈산동 367-4  1층 101호,070-8800-3487
전라남도,목포대성점,"전라남도 목포시 양을로57번길 3, 1층",061-274-0022
충청남도,천안쌍용자이점,충남 천안시 서북구 월봉1길 26,041-577-0813
대전광역시,대전복수목화점,"대전 서구 복수서로 50 (복수동, 삼익목화아파트) 목화아파트 제비상가동 101호",042-587-1110
강원도,강릉입암점,"강원도 강릉시 월대산로 59 입암동 107-1, 1층",033-653-3032
대구광역시,대구상인월배로점,"대구광역시 달서구 상인동 314-6, 1층",070-4900-5756
서울특별시,중계브라운스톤점,"서울 노원구 중계동 506, 176호",02-971-5121
대전광역시,대전천동점,대전광역시 동구 대전로542번길 80-77,042-273-8316
전라북도,완주삼봉지구점,전북 완주군 수계리 1243-3 1층 105호,0507-1437-1173
부산광역시,기장대청점,"부산광역시 기장군 기장읍 대청로 16, 1층",070-4833-0714
서울특별시,길동역점,서울 강동구 길동 391-5,02-6084-7180
대구광역시,대구청라힐스자이점,"대구 중구 남산로 73 (남산동, 청라힐스자이) 상가1동107호",070-4647-4054
제주도,제주이도초교점,제주특별자치도 제주시 일도이동 2036-1 1층,064-723-2279
경기도,시흥포동점,"경기 시흥시 신현로38번길 20 (포동, 신현로 40) 1층",070-4922-0006
전라북도,전주수병원점,"전라북도 전주시 완산구 효자동2가 1255-1, 1층",070-4900-9118
서울특별시,양원역점,서울 중랑구 망우동 618-3 제일프라자 104호,02-3421-6540
제주도,제주아라점,"제주도 제주시 아라일동 6115-7, 1층",미등록
서울특별시,공릉중앙점,서울특별시 노원구 공릉동 345-3,02-977-6631
인천광역시,인천SK리더스뷰2차점,인천 서구 봉오대로 270 302동 B214호,070-4047-8991
세종특별자치시,세종해밀점,"세종특별자치시 해밀3로 51 (해밀동, 스카이허브) 1층",044-864-3619
경기도,파주해오름마을점,경기 파주시 다율동 1044(해올2길 2) 태산W타워 105호,070-8691-4426
경기도,일산어반스카이점,경기 고양시 일산서구 고양대로 666 e편한세상 일산 어반스카이 상가동 c110,031-8073-9392
전라북도,전주안골네거리점,전라북도 전주시 덕진구 안덕원로250 1층,063-247-7410
인천광역시,인천연수보건소점,인천 연수구 청학동 474-9 1층,032-833-9272
경기도,안산시청점,경기도 안산시 단원구 고잔동 529-1,031-362-5232
인천광역시,인천검단금호점,"인천 서구 바리미로5번길 12 다승프라자 2차 1층,105호",032-563-9754
경기도,빽다방 빵연구소 화성남양점,경기 화성시 남양읍 북양리 263-6,031-355-4923
경기도,동탄레이크드림점,경기 화성시 동탄대로 198 1층 105호,031-374-1510
서울특별시,빽다방 빵연구소 북한산성점,서울시 은평구 진관동 279-50,02-352-1202
충청남도,예산군청점,충남 예산군 예산읍 예산로 189,041-335-1939
대전광역시,대전신탄진동일점,대전광역시 대덕구 대청로 38,070-4333-0514
대구광역시,대구불로동점,"대구광역시 동구 불로동 1190, 1층",070-4060-5484
경기도,광주신현점,경기도 광주시 새말길 3,031-716-5927
충청북도,청주사천점,충북 청주시 청원구 새터로 173,미등록
강원도,강원정선점,강원 정선군 정선읍 봉양6길 25-1 (봉양리) 1층 132호,033-562-1102
대전광역시,대전부사점,대전 중구 대종로 299 1층,070-4060-0960
경상남도,진주정촌점,경상남도 진주시 정촌면 예하리 1296 1층,055-762-6717
대전광역시,대전와동점,대전 대덕구 와동 376 1층,070-4304-4320
대전광역시,대전경성큰마을점,"대전광역시 서구 대덕대로162번길 11, 1층",042-710-1977
전라남도,전남목포삼학점,전라남도 목포시 자유로88,070-4099-5654
경기도,철산롯데캐슬점,경기 광명시 철산로29번길 9 효도프라자 1층,02-6085-3031
대구광역시,대구팔달노원점,대구 북구 팔달로 35길 72,0507-1375-6368
대구광역시,대구장기동점,대구 달서구 장기로 243,053-721-6529
전라북도,익산모현현대점,전북 익산시 모현동1가 274-12,070-4334-7889
부산광역시,해운대대동사거리점,부산 해운대구 대천로103번길 29 (좌동 1288),051-704-2852
제주도,제주일도인제점,제주특별자치도 제주시 고마로 100,064-755-2023
서울특별시,서일대점,"서울 중랑구 용마산로 388(면목동, 성호유치원) 1층",02-6368-9789
서울특별시,화곡아덴하임점,"서울특별시 강서구 화곡로 238 (화곡동, 아덴하임) 1층 103호",070-7808-2495
충청남도,계룡시청점,충남 계룡시 장안로 59-3,042-840-6633
대전광역시,대전도안수목토점,대전 서구 도안동 1244 1층,042-710-8090
경상북도,경산하양중앙점,경상북도 경산시 하양읍 하양로 72,053-856-7997
경상북도,울진군청점,경북 울진군 울진읍 울진중앙로 123-1,054-502-8259
경기도,화성남양시장점,경기 화성시 남양읍 남양성지로 139-1,070-8869-5864
대구광역시,대구수성3가점,대구 수성구 수성동3가 72-1,053-721-7152
전라북도,전주대자인병원점,전주시 덕진구 우아동3가749-63,063-714-2004
인천광역시,인천아인여성병원점,인천광역시 미추홀구 주안동 포레나미추홀 201동 1층 1032호,032-713-9919
서울특별시,월곡두산위브점,서울시 성북구 오패산로 46,0507-1498-0352
인천광역시,인천검암우체국점,"인천광역시 서구 승학로414, 1층",032-561-6525
전라남도,나주영산포점,전남 나주시 이창1길 10-1,070-4333-2312
부산광역시,부산명륜점,부산 동래구 명륜로 187번길 8 (명륜동 696-110),070-4332-0015
광주광역시,광주주월골드점,광주 광역시 남구 주월동 1328,0507-1305-3772
경기도,분당수내역1번출구점,경기 성남시 분당구 황새울로258번길 32,070-4077-0565
전라남도,목포여객터미널점,목포시 해안로 189-1,061-242-1234
충청남도,빽다방 빵연구소 천안용곡DT점,천안시 동남구 용곡동 546-6,070-4833-5030
서울특별시,구의중앙점,서울시 광진구 구의로6,02-454-0423
대전광역시,대전낭월점,대전 동구 산내로1305번길 6,042-300-1204
전라북도,전북완주첨단점,전라북도 완주군 봉동읍 둔산리 900-1,070-8287-3824
부산광역시,부산명지국제타워점,부산광역시 강서구 명지국제8로 251,070-4323-1320
대전광역시,대전수정타운점,대전 서구 청사로 282 수정상가 1층,070-4348-0606
전라북도,전주서부시장점,전라북도 전주시 완산구 용머리로149(힐스테이트어울림효자 상가1층 104호),070-4060-5235
서울특별시,난곡세이브점,서울 관악구 신림동 726-7( 난곡로 217) 1,미등록
대전광역시,대전둔산초점,대전 서구 둔산남로 41,042-471-1401
서울특별시,419사거리점,서울 강북구 수유동 279-84,070-8287-1419
서울특별시,공존점,"서울 구로구 새말로 97 (구로동, 신도림테크노마트) 34층",미등록
제주도,서귀포동홍중앙점,제주특별자치도 서귀포시 동홍동 96-4 1층,064-902-9976
서울특별시,가산로데오점,서울 금천구 가산동 60-51(디지털로 200) 가산IT타워 1층,070-4006-5024
전라남도,철원와수리점,전남 무안군 강원도 철원군 서면 와수로 175,033-455-2777
경기도,평택동삭대림점,"경기도 평택시 모산1길 81, 103호",0507-1395-1340
인천광역시,인천관교한신점,인천 미추홀구 주안동 1525번지  1층,070-4833-7442
서울특별시,종로두산위브점,서울 종로구 수송동 58,070-4012-7907
경상남도,양산세무서점,경남 양산시 물금읍 서들로 138 나래스타상가 105호 (가촌리 1301-4),055-363-1420
전라남도,전남나주중앙점,전라남도 나주시 나주로173 1층,070-4066-7116
서울특별시,하계을지병원점,서울 노원구 하계동 179-25 1층,미등록
충청남도,천안성정주공5단지점,충남 천안시 서북구 성정로 72,041-575-6842
서울특별시,마포시민공원점,서울 마포구 망원동 419-3(망원로 19)참존아파트상가 105호,02-332-8631
서울특별시,월계인덕대점,"서울 노원구 월계로 334, 102호",02-6014-0087
경기도,기흥역점,경기 용인시 기흥구 기흥역로 58번길 10,031-307-0068
경기도,수원매교힐스테이트점,경기 수원시 팔달구 효원로93번길 33 2동 107호,070-4046-0303
경기도,안산서울예대점,안산시 단원구 고잔동 646  1층,0507-1370-1211
경기도,파주봉서농협점,경기 파주시 파주읍 봉서리 828-5(통일로 1541),031-954-2988
전라남도,목포중흥S클래스점,전라남도 목포시 비파로 96 (상동) 110호,061-284-8080
서울특별시,뚝섬상원길점,서울 성동구 상원길 50,02-6956-8668
세종특별자치시,세종고운남측점,"세종특별시 고운동 1720, 103호(세종시 마음로 70)",070-8648-0458
전라북도,삼례우석대점,전라북도 완주군 삼례읍 동학로 116,063-291-8110
충청북도,청주방서점,"충청북도 청주시 상당구 단재로 316, 상가 1동 113호(방서동, 청주센트럴자이)",043-714-3588
경기도,화성반월반달마을점,경기 화성시 영통로26번길 15,070-8287-3240
서울특별시,잠실레이크팰리스점,서울 송파구 석촌호수로 144,070-8287-1231
대구광역시,대구칠성하늘채점,대구 북구 칠성동2가 723,053-252-9991
서울특별시,이태원경리단길점,서울 용산구 회나무로13길 5,070-4070-6616
전라남도,전남무안읍점,전남 무안군 무안읍 하마로15 상가동 102호,070-4794-4700
경기도,안산고잔역점,"경기 안산시 단원구 광덕4로 102, 신원프라자 1층 116호",070-7622-3195
대전광역시,대전문화점,"대전 문화동 571-1, 1층",0507-1373-4272
부산광역시,부산북구빙상센터점,부산 북구 금곡대로 48 (덕천동 310-10),051-343-3488
인천광역시,인천논현에코점,인천 광역시 남동구 논현동 768-1,070-8282-2775
경기도,여주중앙점,경기 여주시 세종로 17-1,070-8287-1155
경기도,수원고색산업단지점,"경기소 수원시 권선구 산업로 180, 104호 (고색동, DH테크타워)",070-4010-2722
서울특별시,삼양시장점,서울 강북구 미아동 867-118,070-4027-3328
충청남도,보령동대점,충청남도 보령시 작은오랏4길 15-22,070-4693-2361
충청북도,청주용암현대점,충청북도 청주시 상당구 월평로184번길 147 (용암동),043-292-8256
대구광역시,대구범물시티월드점,대구 수성구 지범로 183,0507-1477-0290
대전광역시,대전장대점,대전 유성구 장대동 352-10,070-5001-5397
서울특별시,장안현대홈타운점,"서울 동대문구 장안벚꽃로 107 (장안동, 장안현대홈타운) 1층 109호",070-4833-1311
경기도,평택고덕로데오점,경기 평택시 고덕갈평6길 27 (고덕동) 121호,031-8054-8997
인천광역시,인천검단블루텍점,인천광역시 서구 오류동 1657-2 (1층 110호),070-4010-4000
서울특별시,가좌역점,서울 서대문구 수색로2길 39,070-7857-7202
강원도,강릉주문진점,"강원도 강릉시 주문진읍 항구로 65, 1층",미등록
인천광역시,백운현대점,인천 부평구 경원대로 1238 이화빌딩 1층,070-4032-1013
서울특별시,목동41타워점,"서울시 양천구 목동동로 293, 1층 1-10호(목동, 현대41타워)",02-2644-7140
서울특별시,논현영동시장점,서울 강남구 논현동 164-11(강남대로 506) 1층 109호,070-4035-3183
경기도,구리인창점,경기 구리시 인창동 412-12 (건원대로91),031-522-4113
대구광역시,대구내당점,"대구 서구 내당동 219-15번지, 1층",053-563-2177
전라북도,익산부송오투점,익산 부송동 216-84 101호/102호,063-831-9555
경기도,남양주사능점,경기 남양주시 진건읍 용정리 768-7(사릉로442번길 25) 1층 101호,070-5097-1535
서울특별시,천호힐데스하임점,"서울 강동구 올림픽로 78길 30 (천호동 437-5) 힐데스하임천호 근생 8, 9호",02-470-1651
전라북도,전주에코세병호점,전라북도 전주시 덕진구 송천동2가 1301-2,070-5088-2660
대전광역시,대전태평쌍용예가점,대전 중구 평촌로 102 (유천동) 1층,070-5066-3498
경기도,다산현대캠퍼스몰점,경기도 남양주시 다산동 6143 (다산순환로 20) 1층 E01-22호,031-869-3339
경기도,부천옥길호반점,"경기도 부천시 옥길동 777-4, 서영아너시티 1차 108호",070-5088-1970
부산광역시,부산사직점,부산 동래구 사직북로 4 자이언츠파크 102호,051-502-7750
경기도,일산하이파크시티점,경기 고양시 일산서구 덕이동 1541(하이파크3로78번길) 리더스프라자 101호,031-994-5055
경기도,수원곡반정동점,경기 수원시 권선구 곡반정로65번길 25,070-4833-1225
광주광역시,광주학운점,광주광역시 동구 의재로 71-1,070-4006-5232
경기도,평택동삭센트럴파크점,경기 평택시 지제동삭2로 181-36,070-5227-3235
대구광역시,대구칠곡학정점,대구 북구 학정동 941-5,053-325-6789
서울특별시,빽다방 빵연구소 연세대SK국제학사점,"서울특별시 서대문구 신촌동 134, 연세대학교 신촌캠퍼스 sk국제학사 지하2층",02-393-2238
서울특별시,등촌성당점,"서울시 강서구 공항대로 41길 51, 1층 101호, 102호",02-3663-4067
대구광역시,대구봉무공원점,"대구 동구 팔공로 242-13 (봉무동, 연세메디컬센터) 1층 109호",053-213-2893
세종특별자치시,세종한뜰마을4단지점,"세종시 어진동 520 한신더휴리저브2 111호,112호",070-4006-4320
인천광역시,인천검단파라곤점,인천광역시 서구 이음2로 29 (상가 603동 306호),070-7782-7667
강원도,강원횡성점,강원 횡성군 문정로 19번길 4,033-343-2537
대전광역시,대전한밭대점,"대전광역시 유성구 학하서로121번길 45-2, 1층",070-8691-3809
제주도,제주함덕점,제주도 제주시 조함해안로 450 (2~4층),064-784-8102
전라북도,전주용소점,"전북 전주시 덕진구 시천로 17, 1층 (107호)",070-4010-4872
대구광역시,대구매천시장점,"대구시 북구 매천동 306번지, 1층",070-4077-3952
경기도,광명G타워점,경기도 광명시 소하로 190 1층 G타워,02-899-6256
강원도,춘천온의점,강원도 춘천시 춘천로 17번길 31 (더스위트캐슬 107호-108호 1층),070-4837-1291
경기도,남양주2청사점,경기 남양주시 다산동 3073-1(다산지금로16번길 43) 1층 106호,031-553-2297
서울특별시,고덕역점,서울 강동구 동남로75길 13-7,02-442-9159
충청남도,천안신안점,"충청남도 천안시 동남구 충절로 21, 1층",041-565-3206
제주도,제주삼도일동점,제주특별자치도 제주시 삼도일동 788-1 1층,070-4366-0812
전라북도,전주서곡지구점,전북 전주시 완산구 세내로544 1층,070-8691-4070
전라남도,목포용해이로점,전남 목포시 용해동 234-7,070-4010-5265
강원도,강원양양점,강원 양양군 양양읍 양양로 57 (남문리) 1층,033-672-7774
경기도,오산세마역점,경기도 오산시 세마역로 95 (세교동),070-8648-0117
경기도,동탄카림3차점,"경기도 화성시 동탄순환대로12길 85, 제3653동 제지1층 제비108호,109호 (산척동, 그린힐 반도유보라 아이비파크 10)",070-4099-5990
경기도,부천상동하얀마을점,"경기도 부천시 상동 556-3번지, 1층",070-4047-4674
인천광역시,운서영종대로점,인천광역시 중구 운서동 3098-1 1층,032-746-0196
경기도,포천신읍점,경기도 포천시 중앙로 103,031-536-2229
제주도,제주화북남문점,제주도 제주시 화북1동 1984-9 1층,070-4010-8526
경기도,진접롯데시네마점,경기 남양주시 진접읍 해밀예당1로 36,070-4099-8090
세종특별자치시,조치원신흥점,세종시 조치원읍 대첩로 68,044-865-2272
전라북도,전주우아한시티점,"전라북도 전주시 덕진구 우아동3가 747-81, 우아한시티 상가 19호",070-4012-3949
대전광역시,대전갑천만년점,대전광역시 서구 만년동 6번지 102호,070-4010-4990
서울특별시,한성대입구역점,"서울 성북구 삼선교로 2-1, 1층",070-4066-0670
서울특별시,금천정훈단지점,"서울 금천구 독산로 211 (독산동, 세진아파트) 1층 101호",070-8648-1140
강원도,강릉내곡점,"강원 강릉시 범일로 631, 1층",033-651-1996
전라북도,익산동산제일점,전북 익산시 평동로 725 동산동 동산제일2차아파트상가 102호,063-858-7775
인천광역시,송도스마트밸리점,"인천광역시 연수구 송도동 214, 송도 BRC 스마트밸리 지식산업센터 F동 207호(상가동)",032-710-9159
경상남도,진주초장점,경남 진주시 초북로 50 (초전동 1699-3) 103호,055-753-0818
부산광역시,빽다방 빵연구소 부산미남역점,"부산광역시 동래구 우장춘로 7 (온천동, 보민빌딩)",051-557-1100
강원도,춘천우두택지점,강원도 춘천시 우두동 1118-1  (신축건물 1층 109호),070-4099-5149
전라북도,정읍수성점,전북 정읍시 수성로 40,063-700-7025
인천광역시,주안센트레빌점,"인천광역시 미추홀구 주안동 22-14, 1층 101호+102호",070-4012-3399
경기도,분당정자역점,"경기 성남시 분당구 성남대로 331번길 13,1층 108호",031-719-6889
인천광역시,인천산곡푸르지오점,인천광역시 부평구 산곡동 124-25,032-713-7982
인천광역시,영종운서스카이점,"인천광역시 중구 흰바위로 284, 디딤돌프라자 1층 (103호)",032-751-7519
전라남도,전남함평점,전남 함평군 함평읍 기각리 1001-5,070-4099-7949
대구광역시,대구공평네거리점,대구 중구 공평로 71 1층,070-4006-0270
충청남도,서산테크노밸리점,충청남도 서산시 성연면 성연4로 27-28,041-584-5734
경기도,다산테라타워점,경기 남양주시 다산동 6250(다산지금로 202) 1층 129호,031-560-9922
대전광역시,대전법동점,"대전 대덕구 법동 282-7, 1층",042-632-0400
강원도,철원동송점,강원 철원군 동송읍 이평리 680-93,070-4010-8811
서울특별시,마곡리더스타워점,서울 강서구 마곡동 800-5(공항대로 228) 리더스타워 1층 111호,02-2039 -3312
경기도,동탄서영아너시티점,"경기 화성시 동탄영천로 101, 132~133호",031-376-6703
전라북도,전주사대부고점,"전라북도 전주시 덕진구 백제대로639, 1층 뺵다방",070-4333-0078
충청남도,아산호서대점,충남 아산시 배방읍 호서로79번길 15,070-4799-3644
경기도,수원호매실칠보점,"경기 수원시 권선구 금호로 56, 1층 102호",031-294-8253
대전광역시,대전스마트시티점,대전 유성구 도룡동 4-8  1층 120호,070-4833-1705
경기도,안산반월공단점,경기도 안산시 단원구 산단로 296  대우테크노피아 1층 제에이106호,070-4006-1707
부산광역시,부산지사동점,부산광역시 강서구 과학산단2로 20번길 6 (지사동 1196-2),051-971-9466
경상북도,경북성주점,"경상북도 성주군 성주읍 성주로3283, M타워 1층 빽다방",054-932-0707
충청북도,충북대병원점,"충북 청주시 서원구 개신동 52-3, 1층",070-4333-1833
인천광역시,인천당하점,인천 서구 청마로167번길 3,032-567-7479
제주도,제주평화로SK점,"제주특별자치도 제주시 해안동 2171, 1층",070-4010-1851
대전광역시,대전유성도안점,"대전 유성구 도안대로 512-16  (1층, 104호)",042-822-0988
경기도,시흥목감조남점,경기 시흥시 조남동 657 키움프라자 111호,070-4833-0219
서울특별시,마곡수명산점,"서울 강서구 내발산동 750-12 (웨스턴빌딩 1층, 103호)",070-7525-0808
대전광역시,대전유성센트럴점,"대전 유성구 계룡로 132번길 10  , 센트럴프라자 1층 105호",042-710-2522
충청남도,천안백석대점,충남 천안시 동남구 문암로 80 1층,010-3061-3634
전라남도,순천왕지점,전남 순천시 조례동 1833-5,070-4010-2424
경기도,동탄역시범단지점,경기도 화성시 청계동 514-2 서진프라자 105호,070-4010-1850
서울특별시,강서구청점,"서울특별시 강서구 화곡로 318-1, 1층",070-4333-0404
서울특별시,목동8단지점,서울 양천구 목동서로 285 황금 프라자 1층 101호,070-4048-0523
서울특별시,길음롯데클라시아점,서울 성북구 길음동 508-16 롯데캐슬클라시아 상가동 117호,070-4010-1581
제주도,서귀포성읍마을점,제주특별자치도 서귀포시 표선면 성읍리 987-3 1층,미등록
서울특별시,숙대입구역점,서울 용산구 갈월동 90-10,02-712-0094
충청남도,아산탕정역점,"충남 아산시 탕정면 한들물빛도시로 70, 109호",041-424-0400
경기도,성남도촌점,"경기 성남시 중원구 도촌남로 27 (도촌동 566, 114호)",070-4027-4334
강원도,속초부영점,강원 속초시 청대로 204번길 39 1층,033-636-1848
경기도,시흥배곧호반써밋점,경기 시흥시 배곧동 228-3,070-7576-4769
충청남도,천안두정대림포레나점,충남 천안시 서북구 두정동 북일로 21 단지내 상가 103호,041-566-8260
부산광역시,부산정관행복타운점,"부산광역시 기장군 정관읍 정관1로 18, 이지1차상가 125동 104호",051-727-8441
경기도,병점역점,"경기도 화성시 떡전골로 96-4, 1층",070-8666-0030
경기도,수원파장점,경기 수원시 장안구 파장로 62,031-252-0964
경기도,연천역점,"경기도 연천군 연천읍 연천로260번길 11, 1층",031-834-6555
경기도,안산월피공원점,"경기도 안산시 상록구 예술광장로 11, 1층 101호",031-410-8472
강원도,춘천후평점,강원 춘천시 후석로 280,033-254-7177
인천광역시,주안북부역점,"인천 미추홀구 주안동 25-65  (5호,6호)",070-8680-0017
인천광역시,부평동아점,"인천 부평구 부평문화로 55 (부평동, 와이디타워) 1층, 102호",032-511-0622
제주도,빽다방 빵연구소 제주합동청사점,제주도 제주시 도남동 663-12,064-722-3334
경기도,시흥능곡장현점,경기 시흥시 능곡번영길 25,070-4365-7596
서울특별시,개롱역점,서울 송파구 가락동 166-2 에스케이허브파크 113호,02-407-7057
강원도,원주간현점,강원특별자치도 원주시 지정면 간현리 1056-13 1층,033-901-2280
광주광역시,광주하남점,광주 광산구 사암로 216번길 30,062-400-3303
서울특별시,상계보람점,서울 노원구 상계동 456-129,02-6227-6952
충청남도,충남부여점,충남 부여군 부여읍 석탑로 53 1층,041-837-8050
서울특별시,장안뉴시티점,"서울 동대문구 장한로 105 (장안동, 장안 NEW CITY) 1층",070-8691-1007
대전광역시,대전지족점,"대전광역시 유성구 지족로 374 (지족동, 옥타브상가)",070-4366-0277
대전광역시,대전탄방역점,"대전 서구 계룡로553번길 18 (탄방동, 조이빌딩) 1층",0507-1338-5439
대전광역시,대전송강동점,대전 유성구 봉산로 24 1층,010-8178-2396
인천광역시,송도닥터플러스몰점,인천광역시 연수구 컨벤시아대로 230번길 54,070-8648-3525
인천광역시,가정역SK리더스뷰점,"인천 서구 가정로 437 (가정동, 루원시티 SK Leaders VIEW) 302동 B231호",032-222-9874
서울특별시,고대구로병원점,서울 구로구 구로동 730-60(구로동로 138),02-6015-9504
전라북도,군산조촌디오션점,"전북 군산시 궁포3로 12, 1층 103호",070-7782-9555
충청남도,아산탕정예미지점,충남 아산시 탕정면 매곡한들5길 6-4,070-7576-1721
전라북도,전주호성점,전라북도 전주시 덕진구 호성동1가 828-14,063-909-3600
인천광역시,인천구월정각초점,인천 남동구 구월동 1241-1,032-463-3113
인천광역시,영종하늘달빛점,인천 중구 하늘달빛로 94 (중산동) 1층,070-4099-4865
전라남도,전남영광읍점,전남 영광군 영광읍 중앙로 166,070-4304-0645
경기도,수원매탄위브점,경기 수원시 영통구 인계로 220번길 10,031-211-7445
전라북도,정읍중앙점,전라북도 정읍시 수성동 571-11,063-532-2306
경기도,안양메가트리아점,"경기도 안양시 만안구 태평로 60번길 42, 1층",0507-1391-1677
경기도,동탄프리미엄아울렛점,경기 화성시 동탄기흥로257번가길 30-2 101호,031-8055-0609
경기도,안양대림대앞점,경기 안양시 동안구 비산로 57 107호,031-464-0013
경상북도,경주보문점,"경북 경주시 보문로 549 (천군동) 1층, 107호",054-773-1140
경기도,범계에이스점,경기 안양시 동인구 시민대로109번길 29 1층 118호,070-7776-8081
경기도,성남상대원센터엠점,경기 성남시 중원구 사기막골로62번길 33,031-620-5887
강원도,원주기업도시점,"강원도 원주시 지정면 신지정로 322-1, 110호",033-735-5959
경기도,평택현촌점,경기도 평택시 현촌 4길 6,031-8054-7740
서울특별시,영등포시장역점,서울 영등포구 국회대로50길 20 포레나영등포센트럴 상가동 117호,070-4353-1971
대전광역시,대전아이파크시티점,대전광역시 유성구 상대복용로29번길 52,042-716-4116
세종특별자치시,세종첫마을점,세종특별자치시 나성동 715 112호,044-863-4432
경기도,오산고인돌공원점,"경기 오산시 문헌공로 3, 1층",070-7507-0925
전라남도,순천연향3지구점,전남 순천시 연향동 1686-2 1층,061-722-4590
경상북도,경산사동점,경북 경산시 사동 31번지 102호,070-8648-0041
강원도,원주건강보험공단점,"강원도 원주시 반곡동 1913-7 가든식스.(1층 102호,103호)",033-813-0776
경상북도,경북고령다산점,경북 고령군 다산면 평리6길 8,054-955-0706
서울특별시,가산AP타워점,서울 금천구 가산동 673(가산디지털1로 16) 가산skv1ap타워 105호,02-6138-2121
경상남도,진주혁신점,경상남도 진주시 충무공동 282-3 동행빌딩 105호,070-7537-3827
전라남도,전남장성점,전라남도 장성군 장성읍 영천리 1038-5 1층,061-393-7477
부산광역시,부산남구청점,부산광역시 남구 대연동 1766-10 ( 못골로 24-1 ),051-711-0803
충청남도,아산온중로점,충남 아산시 온중로 47 1동 101호,041-910-0033
서울특별시,가산그레이트점,서울 금천구 가산동 60-5 갑을그레이트밸리 105호,02-2104-3530
전라북도,완주봉동점,"전라북도 완주군 봉동읍 장기리 216-6, 1층",070-8672-6767
경기도,의정부발곡역점,경기도 의정부시 회룡로 178 발곡프라자 B19호,031-879-0410
충청남도,천안성거점,충청남도 천안시 서북구 성거읍 성거길 107 1층,041-557-2777
경기도,수원호매실능실점,경기 수원시 권선구 호매실로104번길 24-76,031-548-4800
제주도,제주도남점,제주특별자치도 제주시 도남동 920-23,070-5056-3040
대구광역시,대구현풍테크노중리점,대구 달성군 현풍읍 테크노상업로 48,053-611-4151
제주도,빽다방 빵연구소 제주연동점,제주시 연동 256-2 1층,064-805-8403
강원도,원주흥업점,"강원도 원주시 흥업면 흥업리 1830-3, 1층",033-813-2223
경기도,미사센트럴자이점,경기 하남시 풍산동 504,070-8633-2260
충청남도,천안신방성지점,"충청남도 천안시 동남구 서부대로 268, 104~105호",041-575-0410
경기도,성남상대원금상점,경기 성남시 중원구 금상로96번길 2 1층 104호,031-778-7663
전라북도,전주인후점,전북 전주시 덕진구 인후동 1가 846-6 101호,063-903-0413
대전광역시,대전비래점,대전 대덕구 비래동로15번길 2,070-5066-3609
경기도,안양예술공원점,경기도 안양시 만안구 예술공원로 138,031-360-5890
경기도,오산세교금암점,경기 오산시 수청로 199 1층,031-8055-8795
대구광역시,대구칠곡팔거역점,"대구 북구 팔거천동로 222, 102호",031-227-1025
경상남도,밀양미리벌점,경상남도 밀양시 삼문동 719-7 (미리벌 중앙로 46),055-354-1261
전라남도,광양마동점,전남 광양시 마동 1053-5,070-5223-0979
광주광역시,광주첨단재활병원점,"광주광역시 광산구 쌍암동 666-2, 104호",062-973-0851
서울특별시,용마산역점,서울시 중랑구 면목로 27길 4 (면목동 372-21),070-8672-1172
전라남도,목포상동점,"전라남도 목포시 옥암로 182, 1층​",070-8680-0600
강원도,강릉유천점,강원 강릉시 선수촌로 79-7 102호,033-823-0066
경기도,수원정자시장점,경기 수원시 장안구 수성로 261번길 6,031-548-4460
강원도,강릉포남점,강원 강릉시 포남동 1186-1 1층,033-823-0330
경상남도,진주경상대후문점,경상남도 진주시 가좌동 868-25 (가좌길 17-1),070-8988-5886
경기도,안성아양점,경기도 안성시 옥산동 598(안성시 아양1로 77-10) 해천프라자 1동 103호,031-674-1594
서울특별시,신림대학점,"서울 관악구 신림로23길 21 (신림동, 웰탑스터디독서실) 1층",070-8648-1222
부산광역시,부산광안하버뷰점,부산광역시 수영구 민락수변로 49 광안KCC스위첸하버뷰 104호,070-5100-2840
부산광역시,부산금정구청점,부산광역시 금정구 부곡동 64-34 티아이더코어 101호,051-714-0299
대전광역시,대전노은3동점,"대전 유성구 지족동 1025-1 1층,106호",042-710-9600
경기도,수원곡선하늘채점,경기 수원시 권선구 곡반정로 151 1층,070-7542-8075
경상북도,경주대릉원점,경북 경주시 황남동192-4,054-741-0022
서울특별시,수유시장점,서울 강북구 도봉로67길 8,02-989-3122
충청남도,천안신부동아점,충남 천안시 동남구 터미널9길 25,070-8670-4707
경기도,평택법원점,경기 평택시 평남로 1039 105호,031-8054-8945
서울특별시,석촌역점,서울 송파구 백제고분로 385 102호,070-8676-1453
경기도,지축역점,경기 고양시 덕양구 지축1로 39 지축프라자 104호,02-381-6373
전라북도,군산시청점,전북 군산시 조촌4길 15 (조촌동) 1층,070-5056-0332
서울특별시,태릉입구역점,"서울 노원구 동일로 986, 104호",070-4077-2127
전라남도,순천금당점,"전남 순천시 해룡면 장선배기길 141, 1층 104호",070-8670-3058
서울특별시,서대문경희궁점,"서울 종로구 경교장길 35 (평동, 경희궁자이 3단지) 1층 3135호",070-4355-3301
대전광역시,대전갈마점,대전광역시 서구 신갈마로 110-1(갈마동),0507-2093-9760
서울특별시,창동역서부점,서울 도봉구 노해로63다길 10,02-2135-1221
경기도,부천도당산업단지점,경기 부천시 도당동 160-8,032-673-1117
대구광역시,대구효목점,대구 동구 효목로 35,053-751-1219
대전광역시,대전둔산청솔점,대전 서구 둔산로 216 (1층 빽다방 ),070-5066-6160
전라북도,전주아중점,전라북도 전주시 덕진구 아중로 175 102호,070-5100-1995
서울특별시,문정역점,서울 송파구 문정동 643-1(법원로 114),02-2283-1165
경기도,삼송스칸센점,경기 고양시 덕양구 삼송로 240(삼송동 294) 힐스테이트삼송역스칸센 A동 124호,070-4667-3560
서울특별시,번동초교점,서울 강북구 번동 310-4 1층,070-5030-2273
경기도,화성병점2동점,경기도 화성시 병점2로 65,070-5100-1950
전라남도,여수학동e편한점,전라남도 여수시 학동 1번지 일원 A동 102호,061-807-3644
울산광역시,울산서부점,울산광역시 동구 방어진순환도로 925,052-713-8355
서울특별시,구로이앤씨6차점,"서울특별시 구로구 디지털로31길 41 (구로동, 이앤씨벤처드림타워6차), 1층 108호",02-869-1777
경기도,광명일직점,경기도 광명시 일직동 510-7,02-899-9975
대전광역시,대전맑은아침점,대전광역시 서구 내동 17-11 1층 111~112호,042-710-6633
서울특별시,상계역점,서울특별시 노원구 중계동 606 1층 105호,02-2088-5805
세종특별자치시,세종반곡점,"세종특별자치시 한누리대로 1828,108호",044-862-4431
서울특별시,건대동문회관점,서울특별시 광진구 아차산로36길 5,070-7537-1508
서울특별시,정릉뉴타운점,서울특별시 성북구 길음로9길 50 지2층8호 (길음동 1286외2필지 길음뉴타운 상가동 208호),02-2039-3644
경기도,용인마북점,"경기도 용인시 기흥구 마북로 159, 1층 115호",031-8019-8779
충청남도,천안불당쌍용점,충청남도 천안시 서북구 불당11로 99 1층,041-622-3322
대전광역시,대전유성구청점,대전광역시 유성구 어은동 110 동천빌딩 1층,042-716-4045
경기도,구리수택점,경기도 구리시 수택동 847-7(체육관로80번길 9) 1층,031-567-9990
경기도,풍산역점,경기도 고양시 일산동구 중산동 1806 103호,070-4849-0027
제주도,제주애월좋은마트점,제주특별자치도 제주시 애월읍 일주서로 6679 (신엄리) 1층,064-799-1144
충청남도,천안터미널점,"충청남도 천안시 동남구 만남로 15 (신부동, 민현빌딩)",041-523-5343
서울특별시,신당역점,서울특별시 중구 퇴계로 423 (황학동),070-8691-1530
경기도,안산본오2동점,경기도 안산시 상록구 각골로 68 (본오동) 1층,070-8691-2508
세종특별자치시,세종종촌점,세종특별자치시 종촌동 658 104호,044-864-3655
전라북도,전주효자안행교점,전라북도 전주시 완산구 효자동1가 281-3 1층,063-222-0853
경상남도,빽다방 빵연구소 김해삼계한라비발디점,경상남도 김해시 삼계동 634,055-321-3332
대전광역시,대전용두선화점,"대전광역시 중구 중앙로 23-17, 1층 상가 111호",042-223-1008
대구광역시,대구대신자이점,대구광역시 중구 달구벌대로 1955 상가302동 1층 빽다방,053-252-0248
경상북도,경산삼성현공원점,경상북도 경산시 남산면 인흥리 363-15,053-801-9906
대구광역시,대구방촌상명점,대구광역시 동구 화랑로 383,053-982-7893
서울특별시,가산SKV1점,"서울특별시 금천구 가산디지털1로 171, skv1센터 102호",02-6244-8885
인천광역시,송도아트포레점,인천 연수구 송도동 84-2 A동 1층 111호,032-831-2085
경기도,광명소하점,경기도 광명시 소하로 81,02-897-9088
경기도,부천시청역점,경기 부천시 길주로 221 시티오피스 1층 102호,032-327-8242
서울특별시,북서울꿈의숲점,서울특별시 성북구 돌곶이로 220 코오롱하늘채아파트 상가 104동 106호,02-943-7555
전라북도,군산대점,전라북도 군산시 황룡로 9,063-468-1379
경기도,회룡역점,경기도 의정부시 호원동 51-2,031-875-0811
경기도,광교에듀타운점,"경기도 수원시 영통구 이의동 1347-3, 에듀프라자 111호",070-7724-0024
충청남도,충남계룡엄사점,충청남도 계룡시 엄사면 번영로 26,042-349-0096
서울특별시,숭실대점,서울특별시 동작구 상도동 501(사당로 10) 지하1층,02-3280-3910
세종특별자치시,세종다정점,세종특별자치시 다정중앙로 53,044-862-4432
충청북도,청주율량9단지점,충청북도 청주시 청원구 율중로 79번길 8(율량동),043-211-7600
인천광역시,지식정보단지역점,"인천광역시 연수구 송도동 9-19, 에몬스프라자 1층 111호",032-215-7783
경상남도,진주평거수정초점,﻿경남 진주시 진양호로 74 1층,055-741-9655
서울특별시,쌍문세라믹점,서울특별시 도봉구 도당로 10,02) 995-5551
울산광역시,울산삼산롯데점,울산광역시 남구 삼산로 278번길 4,052-257-4009
전라남도,무안목포대점,전라남도 무안군 청계면 도림길 87-23,061-452-4852
경기도,평택센트럴자이점,경기도 평택시 상서재로 50 상가109호,031-652-8631
대구광역시,대구대봉점,대구광역시 중구 대봉로 222,053-422-7898
인천광역시,인천숭의용마루점,인천광역시 미추홀구 인주대로 74 (용현동),032-888-8409
인천광역시,부개주공점,인천광역시 부평구 부흥로 416 101호 1층,032-511-7666
경상북도,칠곡석적중리점,경상북도 칠곡군 석적읍 북중리3길 45,054-973-7773
경기도,광명새마을시장점,경기도 광명시 광명동 342-5 1층,02-2060-4512
서울특별시,양평중흥S클래스점,"서울특별시 영등포구 선유서로24길 6 (양평동1가, 영등포 중흥 S-CLASS) 1층 106호",02-2675-5880
전라남도,해남군청점,전라남도 해남군 해남읍 성내리 21-1,061-535-0890
경기도,수원화서시장점,경기도 수원시 팔달구 동말로 53,0507-2093-8388
제주도,제주일도동문점,제주특별자치도 제주시 일도일동 1047-1 1층,064-755-0100
충청남도,천안병천점,충청남도 천안시 동남구 병천면 아우내순대길 9,041-522-5126
서울특별시,보광점,서울특별시 용산구 보광로 47 1층 (보광동),02-794-5565
전라북도,전주반월점,전라북도 전주시 혁신로 697 108호,063-214-3926
인천광역시,인천만수역점,인천광역시 남동구 구월로 366 (만수동) 1층,032-466-1539
서울특별시,중화역점,"서울특별시 중랑구 봉화산로 39, 1층 101호",02-433-5183
서울특별시,동양미래대점,"서울특별시 구로구 고척동 76-181, 1층 101호",02-3666-5444
서울특별시,공릉역점,서울특별시 노원구 공릉동 395-8,02-975-5550
경기도,이천하이닉스점,경기도 이천시 부발읍 경충대로 2100,070-7619-0077
전라북도,전주만성지구점,전라북도 전주시 덕진구 만성동로 59,070-7585-5595
서울특별시,개봉역북부점,서울특별시 구로구 경인로40길 41(개봉동 181-6),02-2688-2220
경기도,시흥매화점,경기도 시흥시 매화로 46,070-4647-4695
경상북도,영천완산점,경상북도 영천시 시장로 53,054-335-8847
경기도,안산역점,경기도 안산시 원곡동 798-6,031-495-7101
경기도,봉담동화마을점,경기 화성시 봉담읍 동화길 81-10 상도프라자 104호,031-227-1025
충청북도,청주복대사거리점,충청북도 청주시 흥덕구 복대로 173,043-234-9980
경기도,안양충훈부점,경기도 안양시 만안구 석수동 785-16(충훈로 89) 1층 101호,031-341-0300
울산광역시,울산타임스퀘어점,울산광역시 남구 야음동 789-14 울산타임스퀘어 121호,070-4284-8060
경기도,안산본오신안점,경기도 안산시 상록구 본오동 871-6 성문빌딩 1층,070-4101-0060
전라북도,전주삼천흥건점,전라북도 전주시 삼천동 1가 300-3,063-901-5321
전라북도,빽다방 빵연구소 전주평화점,전라북도 전주시 완산구 평화로 210,063-903-0805
경기도,의정부가능역점,경기 의정부시 평화로 633-3 (의정부동),031-821-7264
경기도,동탄호수공원점,경기도 화성시 동탄순환대로 127-5,031-374-5937
경기도,동탄역아이비파크점,경기도 화성시 동탄광역환승로 73,031-374-0132
충청북도,충북보은점,충청북도 보은군 보은읍 보은로 105,070-7585-3324
서울특별시,연희삼거리점,"서울 서대문구 연희로 118, 1층 빽다방",02-2039-3454
인천광역시,인천연안부두점,인천 중구 축항대로86번길 23,032-889-7077
충청남도,아산배방연화점,충청남도 아산시 배방읍 용연로 91,041-534-4318
경상남도,진주평거점,경상남도 진주시 순환로 539,055-920-8889
충청남도,천안차암점,"충청남도 천안시 서북구 3공단6로 58-8, 102호",070-8814-2712
대구광역시,대구상인화성파크점,대구광역시 달서구 상인동 1596,053-633-0777
대구광역시,대구북구서변점,대구광역시 북구 서변동 1787 (호국로 215),053-201-5507
인천광역시,인천선학역점,인천광역시 연수구 학나래로118번길 47,032-816-9788
세종특별자치시,세종소담점,세종특별자치시 한누리대로 2016번지 1층,044-862-9290
경기도,안양석수중앙점,경기도 안양시 만안구 안양로 483(석수동 319-1),031-8068-8868
서울특별시,중계씨앤미점,서울특별시 노원구 동일로204가길 34,02-2243-1544
충청남도,천안불당호반점,"충청남도 천안시 불당 34길 3-17, 1층",041-553-3113
서울특별시,돈암점,서울특별시 성북구 동선동4가 98-2,02-953-2351
인천광역시,인천서운산업단지점,"인천광역시 계양구 서운산단로 3길 4, sb타워 107호",032-555-9313
경기도,하남미사역점,"경기도 하남시 미사강변동로 85(망월동1106), 힐스테이트 에코 미사 111호",031-796-2329
대전광역시,대전용운에코포레점,대전광역시 동구 용운동 297 1층,042-285-5552
경기도,동탄영천K밸리점,경기 화성시 동탄첨단산업1로 14 동탄케이밸리 1층 112호,031-612-7161
충청북도,충북혁신도시진천점,충청북도 진천군 덕산읍 시가로 14,043-535-8672
충청북도,청주테크노폴리스점,"충청북도 청주시 흥덕구 송화로184번길 4, 102호",043-260-2389
서울특별시,강남역CGV점,서울특별시 강남구 테헤란로1길 48,02-566-5353
제주도,제주봉개DT점,제주특별자치도 제주시 봉개동 598,064-755-8686
경상북도,경북고령중앙점,경상북도 고령군 대가야읍 중앙로 13-1 (구. 헌문리234번지),054-906-9828
제주도,제주연동긱스타점,"제주특별자치도 제주시 연동13길 3(연동,진선엘트빌) 1층",미등록
충청남도,충남금산점,충청남도 금산군 금산읍 비단로 319,041-754-5100
전라북도,전주효자LH점,전라북도 전주시 완산구 효자동2가 1332-1,063-714-2119
제주도,서귀포하원점,제주특별자치도 서귀포시 일주서로 443,064-803-0110
서울특별시,마곡역류마타워점,서울특별시 강서구 마곡동 798-2(공항대로 164) 류마타워 105호,02-6080-2912
전라북도,전주본병원점,전북특별자치도 전주시 완산구 유연로 275,063-272-2922
대전광역시,대전보건대점,대전 동구 우암로 329 1층(가양동),042-622-7780
서울특별시,뚝섬역점,서울특별시 성동구 성수동1가 14-51,02-6349-2800
서울특별시,마곡역로뎀타워점,"서울특별시 강서구 마곡동 799-1, 로뎀타워1층 127호",02­-6015-8860
서울특별시,석촌고분역점,서울특별시 송파구 삼전동 101-9 (백제고분로 257),02-422-8526
인천광역시,송도랜드마크시티점,"인천광역시 연수구 랜드마크로 68, 1층 40호",032-859-2006
대구광역시,대구알파시티점,대구광역시 수성구 시지동 584-1,053-791-4373
광주광역시,광주소촌점,"광주광역시 광산구 소촌로 147, 1층 109호",062-943-8855
경기도,부천U1센터점,"경기도 부천시 조마루로385번길 92, 1층 116호(원미동)",032-240-6060
서울특별시,삼양동사거리점,서울특별시 강북구 삼양로 169 (미아동),02-980-3382
경기도,옥정다올스퀘어점,경기도 양주시 옥정동 1049-4( 옥정로 139) 다올스퀘어빌딩 1층 109호,031-857-9849
서울특별시,봉화산역점,서울 중랑구 신내로 211 금강리빙스텔 1층 121호,02-3421-7971
경기도,수원북문점,"경기도 수원시 장안구 정조로 933번길 3, 1층",031-8031-5008
서울특별시,구일역점,"서울특별시 구로구 구일로 8길 56, 구일프라자 1층 102호(구로동)",02-858-1236
전라남도,전남광양덕례점,전라남도 광양시 덕례리 1773-6,미등록
광주광역시,광주진월금당점,광주광역시 남구 금당로 12-1,062-654-6286
인천광역시,송도캐슬파크점,인천광역시 연수구 송도동 8-20 번지,032-834-0816
경기도,성남대원사거리점,경기 성남시 중원구 둔촌대로 389번길 1,031-733-9030
충청남도,천안목천점,충청남도 천안시 동남구 목천읍 충절로 896,041-566-4087
제주도,신서귀포점,제주도 서귀포시 신중로 26-8,미등록
광주광역시,광주신창사거리점,광주광역시 광산구 신창동 1220-1,062-962-1236
인천광역시,송도더테라스점,인천광역시 연수구 송도동 316번지 147호,032-833-0805
세종특별자치시,세종다온주유소점,"세종특별자치시 세종로 1328, 알뜰주유소",044-866-5184
경기도,힐스테이트동탄역점,경기 화성시 동탄기흥로585 상가 126호,031-8043-4344
충청북도,청주개신점,충청북도 청주시 서원구 개신도 628,043-234-0628
경상남도,김해율하점,"경상남도 김해시 율하3로 45, 101호 (율하동, 유성프라자2)",055-311-7111
강원도,태백중앙점,강원도 태백시 황지로 164-1,033-552-1363
경기도,용인수지신봉점,경기도 용인시 수지구 신봉2로 3,031-265-1189
서울특별시,수락산역점,"서울특별시 노원구 상계동 1258, 오피앙상가 103호",02-939-0726
경상북도,경산펜타힐즈점,경상북도 경산시 중산동 635-1 SM타워 117호,053-710-7771
서울특별시,중곡시장점,서울특별시 광진구 중곡동 192-5(서울 광진구 면목로 145),02-6489-0393
충청북도,청주복대점,충청북도 청주시 흥덕구 복대동 2926,043-237-5549
인천광역시,청라SK뷰점,"인천광역시 서구 옥빛로 4, 1층 101호 (청라동)",032-566-4807
경기도,용인한숲시티점,경기도 용인시 처인구 남사읍 한숲로 54 (아곡리),031-322-1009
인천광역시,인천국제성모병원점,인천광역시 서구 탁옥로 104,032-566-6555
경상남도,진해자은점,"경상남도 창원시 진해구 냉천로 156, B102호",055-542-4277
충청남도,천안백석환서점,충남 천안시 서북구 한들3로 78-3 (백석동) 1층,031-716-3888
대전광역시,대전한민시장점,대전광역시 서구 가장동 61-19,070-7514-2135
경기도,송산그린시티점,"경기도 화성시 수노을중앙로 126, 1층 102호 (새솔동)",031-355-1464
경기도,일산강선점,경기도 고양시 일산서구 중앙로 1413 (주엽동 106-3),031-911-9911
대전광역시,대전정림점,대전광역시 서구 정림로 62-1,042-584-2100
대전광역시,대전복수점,대전 서구 복수동로 40,070-7756-4448
경기도,일산가좌마을점,경기도 고양시 일산서구 가좌1로 63,031-921-4544
전라북도,전주효천지구점,전라북도 전주시 완산구 효자동2가 1359-6,063-237-2737
경기도,위례역점,"경기도 성남시 수정구 위례서일로 34, 성희프라자 103호",070-8884-2021
경기도,평택포승점,경기도 평택시 포승읍 여술2길 24,031-686-6008
경기도,김포사우점,"경기도 김포시 사우중로 79 (북변동 825), 1층 103호",031-998-7405
대전광역시,대전만년점,"대전광역시 서구 둔산대로 117번길 82, 그레이스K 2차 1층 101호 (만년동)",042-477-0111
대전광역시,대전문지점,대전광역시 유성구 문지동 649-2,042-864-1224
충청남도,천안원성점,충청남도 천안시 동남구 버들로 127,041-522-3979​
인천광역시,작전현대점,"인천 계양구 효서로 377 (작전동, 현대2차아파트) 1층",032-548-7774
충청북도,청주율량사천점,충청북도 청주시 청원구 율봉로 95,043-215-3330
제주도,제주법조타워점,"제주특별자치도 제주시 남광북1길 1 (이도이동, 제주법조타워)",064-725-1235
대구광역시,대구침산오페라점,대구광역시 북구 침산로 100,053-355-1101
광주광역시,광주첨단2지구점,"광주광역시 북구 첨단연신로 107번길 15, 1층 101호(신용동)",062-572-9900
경상남도,경남하동점,경상남도 하동군 하동읍 경서대로 136,055-882-8870
대전광역시,대전신성점,대전광역시 유성구 신성남로 61,042-862-3700
서울특별시,먹골역점,서울특별시 중랑구 묵동 174-4번지,02-979-2208
경기도,성남신구대점,경기도 성남시 중원구 금광동 2399,031-741-4868
충청남도,당진기지시점,충청남도 당진시 송악읍 반촌로 70-17,070-7576-4334
제주도,제주연동사거리점,"제주특별자치도 제주시 선덕로1, 103호",064-743-0179
경기도,수원권선시장점,경기도 수원시 권선구 세권로 184,031-891-3708
경상북도,왜관역점,경상북도 칠곡군 왜관읍 중앙로8길 7,054-920-7571
경기도,일산풍동점,"경기도 고양시 일산동구 숲속마을로 44, 102호",031-903-4367
전라북도,빽다방 빵연구소 전주기지제호수점,전라북도 전주시 덕진구 중동로 104-16,063-211-7596
세종특별자치시,세종어반아트리움점,"세종특별자치시 나성북로 30, 퍼스트원 105호",044-865-8099
충청북도,충북진천점,충청북도 진천군 진천읍 상산로 73 (읍내리),043-534-5509
인천광역시,호구포역점,"인천광역시 남동구 논현동 636-1, 제일프라자 1층 101호",032-428-3522
경상북도,문경모전점,경상북도 문경시 모전로 61,054-552-2080
충청남도,빽다방 빵연구소 아산배방월천점,충청남도 아산시 배방읍 월천2길 96,041-533-3206
전라남도,나주혁신점,전라남도 나주시 상야1길 7,0507-0289-9438
경기도,고양신원당점,"경기도 고양시 덕양구 고양대로1384번길 7-5 (성사동, 서강프라자)",031-969-4246
서울특별시,행당무학점,서울특별시 성동구 행당동 317-63,02-2299-0226
충청남도,아산역점,충남 아산시 배방읍 희망로46번길 19-3 104호,070-8657-0195
인천광역시,인천원창북항점,인천 서구 원창동 381-68 그리니프라자 104호,032-579-8490
충청남도,아산순천향대학교점,충청남도 아산시 신창면 읍내리 582-10,041-910-4999
경기도,용인둔전점,경기도 용인시 처인구 포곡읍 둔전리 155-5,031-333-5388
경기도,일산위시티점,경기 고양시 일산동구 위시티2로11번길 11,0507-0284-4807
서울특별시,금호금남시장점,서울특별시 성동구 금호동 4가 567,02-6015-1838
전라북도,전북부안점,전북 부안군 부안읍 번영로 123,063-582-0817
제주도,서귀포올레중앙점,제주 서귀포시 중정로61번길 19,064-733-4780
인천광역시,갈산역점,인천광역시 부평구 부평대로 293,032-650-5758
광주광역시,광주호남대점,광주광역시 광산구 선운로 8,062-943-2456
전라북도,군산나운점,전라북도 군산시 나운동 95-17,063-462-0724
대구광역시,대구월배점,"대구광역시 달서구 대천동 934번지, 102호",053-632-1010
강원도,강원화천점,강원도 화천군 화천읍 중앙로 9,033-442-7773
경상남도,진주역점,"경상남도 진주시 관문로 7, 율곡스퀘어 프런티어",055-761-9020
서울특별시,신용산해링턴점,서울 용산구 서빙고로 17(한강로3가) 해링턴스퀘어 판매시설동 1층 9호,02-797-9110
서울특별시,장위뉴타운점,서울 성북구 장월로 140 (장위동) 1층,02-941-1016
경기도,안산초지역푸르지오점,경기도 안산시 단원구 화랑로 150(원곡동) 초지역메이저타운 푸르지오-에코상가2동 106호,031-405-1005
전라남도,화순광덕점,전라남도 화순군 화순읍 중앙로 93,061-371-0099
충청북도,청대사거리점,충청북도 청주시 청원구 직지대로 890,043-902-0122
전라북도,전북진안점,전라북도 진안군 진안읍 진무로 1105-1,063-432-0763
경상북도,경산진량점,경상북도 경산시 진량읍 공단1로 2(진량읍 신상리),053-854-8767
인천광역시,부평금호점,인천광역시 부평구 원길로 34,070-7537-2559
경기도,미사스마트밸리점,경기도 하남시 풍산동 490-2(미사강변서로 16) R111호,031-5175-7111
대전광역시,대전판암역점,대전광역시 동구 옥천로 177,042-282-0507
대구광역시,대구동호점,대구광역시 동구 신서동 538-1 동화해오름타운 101동 4호,053-965-2224
인천광역시,부평남부역점,인천광역시 부평구 경인로 948,032-522-0414
대구광역시,대구용산점,대구광역시 달서구 용산서로 9,070-7543-7783
충청남도,아산테크노밸리점,충청남도 아산시 둔포면 석곡리 1671 108호,041-546-8751
경상북도,경주로데오점,경상북도 경주시 계림로 110-2,054-745-6070
경기도,고양향동점,경기도 고양시 덕양구 향동동 꽃마을로 4,070-7819-4494
경상북도,김천구미역점,경상북도 김천시 혁신1로 50 율곡스퀘어 ktx 117호,054-434-0717
전라남도,여수진남관점,전라남도 여수시 동문로 9,061-666-7629
서울특별시,상봉역점,"서울특별시 중랑구 상봉동 113-4, 102호",02-433-0993
서울특별시,송파사거리점,서울시 송파구 가락로 113 금도빌딩 1층,미등록
대전광역시,대전도마네거리점,대전광역시 서구 도산로 38,042-348-1113
광주광역시,광주일곡점,광주광역시 북구 설죽로 516 1층,062-572-6699
전라남도,목포용당점,전라남도 목포시 영산로 257,061-272-0011
전라북도,익산모현점,전라북도 익산시 모현동1가 822,063-854-7700
경기도,수원황골마을점,경기도 수원시 영통구 영통로 511,031-202-5988
경기도,용인동천점,경기도 용인시 수지구 동천동 887번지 1층 108호,031-262-9696
충청남도,서산해미점,충청남도 서산시 해미면 남문2로 123 (읍내리),041-688-8884
충청북도,청주강서점,"충청북도 청주시 흥덕구 강서로 115, 1층 103, 104호",043-237-2326
충청남도,홍성내포청사점,충청남도 홍성군 홍북읍 청사로48번길 4,041-635-0822
충청북도,충북증평점,충북 증평군 증평읍 중앙로 197 1층 102호,043-836-8999
경기도,의정부금오점,경기도 의정부시 청사로47번길 7-24 (금오동),031-851-1800
경기도,김포감정점,경기도 김포시 중봉로 12,031-998-3737
경상남도,진주금산점,경남 진주시 금산면 중천로 80 (장사리),055-758-1428
경상남도,경남함양점,경상남도 함양군 함양읍 용평리 691-3,055-963-0316
서울특별시,도봉구민회관점,서울특별시 도봉구 도봉로 551,02- 902-1711
서울특별시,용답로데오점,서울특별시 성동구 용답중앙15길 18,02-2215-2284
서울특별시,동묘역점,서울시 종로구 종로334,02-745-7080
경기도,군포첨단점,경기도 군포시 번영로 40,031-462-0307
서울특별시,홍대거리점,서울특별시 마포구 어울마당로 75,02-336-3221
경기도,안성중앙로점,경기도 안성시 중앙로379번길 4,031-677-9633
서울특별시,대림역점,서울시 영등포구 도림로 144,02-832-8188
서울특별시,석계중앙점,서울 성북구 한천로78길 63,02-960-7686
전라남도,목포석현점,전라남도 목포시 영산로 626,061-283-2979
경기도,용인구성언남점,"경기도 용인시 기흥구 구성로 102, 1층 114호",031-286-0316
전라남도,무안남악시장점,전라남도 무안군 삼향읍 남악5로48번길 5,061-283-5114
인천광역시,인천가좌점,인천광역시 서구 원적로 96  1층,032-572-9185
경기도,삼미시장점,경기도 시흥시 삼미시장4길 18,070-7537-0726
인천광역시,청라호수공원점,"인천 서구 청라루비로 99 (청라동, 대우메디피아빌딩), 1층 105호",032-561-5989
전라북도,고창군청점,전라북도 고창군 고창읍 읍내리 229-9,063 -561-6333
경상북도,포항우현점,경북 포항시 북구 아치로 9 (우현동) 1층,054-254-0105
세종특별자치시,세종아름점,세종특별자치시 아름동 1293 해피라움 105호,044-715-5699
서울특별시,화양사거리점,서울특별시 성동구 성수동2가 281-16(아차산로17길 57),02-6466-5599
경기도,수지성복점,경기도 용인시 수지구 성복1로 106,031-261-0181
경기도,서정리역점,경기도 평택시 서정동 318-15(정암로 6),031-664-9989
전라남도,나주듀플렉스호텔점,전라남도 나주시 배멧2길 13 듀플렉스호텔 1층,061-332-4502
경상북도,영천시청점,경상북도 영천시 충효로 74,054-337-8045
서울특별시,신정네거리역점,서울시 양천구 중앙로 276 1층,02-2643-0101
전라북도,전주에코시티점,전북 전주시 덕진구 세병로 22 1층 103호,063-275-5632
대전광역시,대전건양대병원점,대전광역시 서구 관저동 1896,042-716-0910
인천광역시,청라좋은병원점,"인천광역시 서구 청라에메랄드로 84, 청라딜라이트2차 104호",032-278-5511
제주도,제주동광육거리점,제주특별자치도 서귀포시 안덕면 신화역사로 502,064-794-0060
제주도,제주연북로점,제주특별자치도 제주시 과원북4길 19 (노형동) 1층,미등록
경기도,태전한아람초점,"경기도 광주시 태봉로 145-1, 1층 104호 (태전동, 세진상가)",031-767-2691
서울특별시,강동구청점,서울시 강동구 성내로3길 1,0507-0288-9558
전라남도,삼호대불점,전라남도 영암군 삼호읍 대불주거5로 6,061-464-9903
전라북도,정읍상동점,전라북도 정읍시 상동 183-5,063-538-6669
충청북도,오창과학단지점,충청북도 청주시 청원구 오창읍 오창중앙로 121,043-212-6441
대구광역시,대구서구청점,대구 서구 죽채보상로 254,070-8877-7979
서울특별시,가오리역점,서울특별시 강북구 수유동 339-6,02-991-0037
충청남도,아산탕정점,충청남도 아산시 탕정면 탕정면로8번길 33-14 (명암리),041-544-2022
충청남도,천안시청점,충청남도 천안시 서북구 불당동 1489(불당25로 208),041-522-6677
경기도,덕양구청점,경기도 고양시 덕양구 화정로 53-1 글로리아 프라자 105호,031-962-1003
강원도,춘천한림대점,강원도 춘천시 삭주로 64 (교동 15-3),033-241-2501
대전광역시,대전중구청점,대전광역시 중구 대흥동 469-5(보문로 258),070-4647-2914
충청남도,아산북수점,"충청남도 아산시 배방읍북수서로 34, 105호",041-910-0410
서울특별시,상도e편한점,서울특별시 동작구 만양로6 이편한세상 상도노빌리티 1층 106호,02-817-5588
전라남도,무안오룡점,"전라남도 무안군 일로읍 오룡중앙둥로 37, 1층 111·112호(오룡 에듀포레 푸르지오)",061-281-7215
경기도,판교역점,"경기도 성남시 분당구 대왕판교로 606번길 31, 1층 104호",031-706-6888
서울특별시,방학역점,서울특별시 도봉구 도봉로 153길 20,02-954-8748
서울특별시,수유역점,서울특별시 강북구 번동 418-3 (도봉로 352),02-998-3344
대전광역시,대전중리점,대전광역시 대덕구 중리북로 41,042-672-2010
인천광역시,영종운서역점,인천광역시 중구 운서동 2803-1,032-746-9274
대전광역시,대전관저더샵점,"대전광역시 서구 관저로 23, 1층 105호(관저동)",042-541-6478
인천광역시,인천계양맛길점,"인천광역시 계양구 도두리로 33, 102호",032-556-0602
경기도,안양박달시장점,경기 안양시 만안구 양화로 130,031-443-1040
충청북도,충북영동점,충청북도 영동군 영동읍 계산로 3,043-742-7890
인천광역시,부평장제로점,"인천광역시 부평구 장제로 99, 벨라루체 104",032-710-2680
경기도,다산롯데캐슬점,"경기도 남양주시 다산중앙로146번길 22 (다산동, 다산진건지구 상업2-6-1)",031) 564-0701
서울특별시,망우역사거리점,"서울특별시 중랑구 망우동 479, 한일씨너스빌리젠시 1단지",02-433-8825
경기도,양주고읍점,경기 양주시 고읍남로 7 센터 656 105호,031-846-4536
서울특별시,세종대후문점,서울특별시 광진구 군자로 108,02-463-6665
경상북도,포항문덕점,"경상북도 포항시 남구 오천읍 원동로 24, 1층",054-293-0333
경기도,서수원홈플러스점,"경기도 수원시 권선구 금곡동 1124-1, 1층  S타워 105호",031-227-9777
경기도,별내북부점,"경기도 남양주시 별내3로 322, 1층 104호",031-527-2389
경기도,김포풍무사거리점,경기도 김포시 풍무로 112,031-998-7545
대전광역시,대전정부청사점,"대전광역시 서구 둔산중로 134번길 29,  1층 청사프라자 160호",042-331-9795
경기도,산본학원가점,경기도 군포시 산본로 394 대림프라자 106호,031-396-7322
경기도,일산백마점,"경기도 고양시 일산동구 일산로208, 한일파킹타운 103호",031-813-8423
서울특별시,돈암아리랑점,서울특별시 성북구 아리랑로 75,02-924-3050
대구광역시,대구만촌점,"대구광역시 수성구 교학로 58, 1층 (만촌동)",053-742-6221
대구광역시,대구범어KBS점,"대구광역시 수성구 범어로 73 (범어동, 범어에스케이뷰 아파트 2단지)",053) 752-3357
인천광역시,인천학익점,"인천광역시 미추홀구 매소홀로 355, 학익프라자 106호",032-876-6010
경상북도,구미확장단지점,"경상북도 구미시 산동면 신당1로2길 13, 110호 (신당리 1433)",054-474-1198
경기도,부천강남시장점,경기도 부천시 옥산로 155 (도당동 283-18),032-676-3334
대구광역시,대구서부정류장역점,대구광역시 달서구 구마로 264 (송현동),053-623-8862
경기도,파주야당역점,경기도 파주시 경의로 1074,031-949-3788
세종특별자치시,세종대평점,"세종특별자치시 한누리대로 2236, A 140호",044-272-3457
서울특별시,암사역점,서울특별시 강동구 올림픽로 770,02-488-0079
충청북도,청주지웰시티점,충청북도 청주시 흥덕구 대농로 39(청주 솔밭초등학교 앞),043-238-4002
경상남도,경남창녕점,"경상남도 창녕군 창녕읍 군청길 23 (술정리), 1층",055-532-8090
충청남도,천안성성점,"충청남도 천안시 서북구 성성8로 2-34, 우리타워 101호",041-554-2020
서울특별시,강변역점,서울특별시 광진구 강변역로4길 10,02-447-0423
인천광역시,인천청라커낼점,인천광역시 서구 청라커낼로 260번길 15,032-567-3618
충청북도,서원대점,충청북도 청주시 서원구 서원남로 50-5 (서원대 후문),043-903-1199
전라남도,순천오천점,"전남 순천시 오천6길 16, 104호",061-741-5987
경기도,망월사역점,"경기도 의정부시 호원동 459, 신일엘리시움 1층 108호",031-871-0410
경기도,다산중앙점,"경기도 남양주시 다산중앙로123번길 9, 로데오프라자 102호",031-554-5545
전라북도,김제터미널점,"전라북도 김제시 동서로 232, 1층 101호(요촌동)",063-545-2922
경기도,미사강변점,"경기도 하남시 미사강변대로226번길 14, 에스프라자 미사 1층",031-791-7091
대전광역시,대전죽동점,"대전광역시 유성구 죽동로 295, 101호",042-822-7755
경기도,시흥은행점,"경기도 시흥시 은행로 155번길 5, 1층 103호",031-315-2007
전라북도,전주하가점,"전라북도 전주시 덕진구 가련사로 7, 102호 (덕진동2가)",063-274-8100
서울특별시,동대문역점,"서울특별시 종로구 종로 289, 1층(창신동)",02-766-0950
경상남도,사천정동점,경상남도 사천시 정동면 진삼로 1394-1,055-854-6264
경기도,시흥은계점,"경기도 시흥시 은계남로 12, 호반써밋상가 148호",031-316-8808
서울특별시,연신내사거리점,서울특별시 은평구 통일로 840,02-356-9548
서울특별시,월곡래미안점,"서울 성북구 오패산로 98 ,1층 빽다방",02-910-8800
경기도,수원SKV1점,"경기도 수원시 권선구 평동로79번길 45, 112호 (평동, 수원SKV1 모터스 건물 1층)",031-227-0314
경기도,백석역점,"경기도 고양시 일산동구 일산로 46, 1층 107호 (백석동, 남정씨티프라자)",031-905-2888
경상북도,경주용황점,"경상북도 경주시 용황로 74, 협성휴포레용황아파트 상가",054-748-3393
서울특별시,답십리사거리점,서울특별시 동대문구 답십리동 243-2 (전농로 97-1),02-2245-8993
서울특별시,송정역점,서울특별시 강서구 공항대로 23,02-2661-4822
경기도,산본사거리점,경기도 군포시 고산로 694-1,031-385-3563
충청남도,천안직산점,충청남도 천안시 서북구 직산읍 삼은3길 13,041-581-1900
충청남도,천안신방점,충청남도 천안시 동남구 통정4로 6,​041-578-7700
대전광역시,대전월평역점,대전광역시 서구 월평중로 20,042-488-8889
전라남도,목포옥암점,"전라남도 목포시 당가두로 18, 옥암지구 1호공원 앞",061-283-0118
충청북도,청주금천광장점,충청북도 청주시 상당구 산성로 98번길 35 (청주금천광장 옆),043-284-5556
경기도,일산문화공원점,경기도 고양시 일산동구 중앙로1275번길 38-10 (고양등기소 옆),031-932-3369
경기도,옥길퀸즈파크점,경기도 부천시 옥길로 118  퀸즈파크 B동 105호,032-343-7472
경기도,시흥배곧타운점,"경기도 시흥시 배곧4로 30, 배곧타운 1상가",031-499-9328
충청북도,청주오송점,"충청북도 청주시 흥덕구 오송읍 오송생명5로 179, 102호",043-236-1577
서울특별시,쌍문역점,서울특별시 도봉구 도봉로 479,02-902-7971
서울특별시,가산두산위브점,서울특별시 금천구 가산로 99,02-830-4559
대구광역시,대구대실역점,"대구광역시 달성군 다사읍 달구벌대로 866, 1층 105호",053-592-3242
인천광역시,인천작전역점,인천광역시 계양구 효서로 233,032-555-8175
서울특별시,선정릉역점,서울특별시 강남구 봉은사로54길 9,02-568-9365
경기도,하남풍산점,경기 하남시 덕풍동 744  111호,031-792-2523
경기도,양주옥정신도시점,경기도 양주시 옥정동 966-10  폴리프라자 3 104호,031-863-8470
서울특별시,송파하비오점,"서울시 송파구 문정동 618 파크하비오 204동 117,118호",02-400-3379
서울특별시,구산역점,서울특별시 은평구 연서로 129 (구산동 1-15),02-353-6011
강원도,원주무실동점,"강원도 원주시 능라동길 51, 시네씨티타워 1층",033-736-0111
경상북도,구미인동점,경북 구미시 인의동 375-2,054-715-7774
전라북도,전주KBS점,전북 전주시 완산구 마전로 7,063-222-1021
서울특별시,개봉역점,서울시 구로구 개봉동 203-7,02-2613-2220
충청북도,청주율량주성점,충북 청주시 청원구 율량로 187,043-298-3232
서울특별시,합정역점,서울 마포구 월드컵로1길 14 (합정동) B-112-1호,02-336-7106
경상북도,영주가흥동점,경상북도 영주시 대동로34번길 2,054-631-9990
경기도,평택안중점,경기 평택시 안현로서8길 57,031-683-0916
서울특별시,마포경찰서점,서울시 마포구 아현동 618-8 (마포대로 179),02-363-6383
서울특별시,선유도역점,서울시 영등포구 양평동4가 114-1,02-2631-1600
전라남도,목포터미널점,전남 목포시 영산로 515 (상동),061-272-1862
대전광역시,대전목원대점,대전광역시 서구 도안북로93번길 31,042-826-2028
인천광역시,인천루원시티점,"인천 서구 봉오재3로 96, 새롬프라자 1층",032-565-8857
서울특별시,굽은다리역점,서울시 강동구 명일동 346-1,02-428-8797
경기도,시흥세종프라자점,경기도 시흥시 정왕동 1882-4 세종프라자 119호,031-431-0218
인천광역시,빽다방 빵연구소 인천동춘점,"인천광역시 연수구 앵고개로 256, 1층 107호,108호(동춘동)",032-817-7779
서울특별시,창동역점,"서울 도봉구 마들로11길 57, 102호",02-995-7711
인천광역시,인천굴포천역2호점,"인천광역시 부평구 장제로 224,1층",032-504-5757
전라북도,남원중앙점,"전라북도 남원시 남문로 447,1층 104호(하정동)",063-625-1125
서울특별시,강서블루나인점,"서울특별시 강서구 양천로 583 (염창동,우림블루나인비즈니스센터) 지하1층",02-2093-2066
서울특별시,상왕십리역점,서울특별시 성동구 왕십리로 363-1 (하왕십리동),02-2291-7080
서울특별시,낙성대역점,서울 관악구 남부순환로 1919 (봉천동) 1층,02-884-5585
강원도,원주혁신도시점,﻿강원특별자치도 원주시 양지로 26 (반곡동) 1층,033-746-4660
인천광역시,송림오거리점,"인천광역시 동구 송림로 91, 1층(송림동)",032-773-2891
충청남도,예산터미널점,"충남 예산군 예산읍 역전로140번길 2, 1층",0507-1332-7806
세종특별자치시,세종시청점,"세종특별자치시 한누리대로 2143, 101호 (보람동, 금강시티타워)",044-863-5036
서울특별시,올림픽북단점,서울시 광진구 아차산로 480,02-2201-1888
경기도,성남의료원점,"경기도 성남시 수정구 수정로 176-1, 1층 일부호(신흥동)",031-757-8010
충청북도,충북옥천점,충청북도 옥천군 옥천읍 중앙로 45-1,043-732-5887
경기도,마두역점,경기 고양시 일산동구 중앙로 1189,​031-901-3345
서울특별시,구로KT점,서울특별시 관악구 남부순환로 1377 (신림동),02-858-4366
서울특별시,오류동역남부점,서울 구로구 오류동 148-2,02-2060-6610
제주도,빽다방 빵연구소 제주사수본점,제주 제주시 도두이동 1679,064-711-0228
울산광역시,울산옥동점,울산광역시 남구 거마로 15,052-258-0285
전라남도,목포용해점,전남 목포시 연산백련로 13,061-279-1828​
경기도,용인죽전점,"경기도 용인시 수지구 현암로 154, 1층 108호(죽전동, 거풍프라자)",031-889-1533
서울특별시,구의역점,서울 광진구 아차산로 380,02 444 4855
울산광역시,울산송정중앙점,울산광역시 북구 송정16길 28,052 294 8882
경기도,평택고덕역점,"경기도 평택시 고덕여염12길 68, 1층",031-611-8777
서울특별시,방이시장점,서울 송파구 백제고분로48길 6,02-415-1500
충청남도,천안성환중앙점,충청남도 천안시 서북구 성환읍 성환2로 105,041-903-0410
인천광역시,영종하늘도시점,"인천 중구 하늘별빛로 75 (중산동) 로얄페스타, 105호",032-752-0207
전라남도,순천대점,"전남 순천시 삼산2길 33, 1층",061-754-9286
서울특별시,신림난곡점,서울 관악구 난곡로 178,02-868-6863
전라남도,목포역점,전라남도 목포시 수문로 9,061-242-8825
전라북도,전주예수병원점,전라북도 전주시 완산구 서원로 345,063-287-1009
경상남도,김해장유점,경상남도 김해시 삼문로 22,055 326 0410
인천광역시,인천원당점,인천광역시 서구 고산후로95번안길 21,032-566-6950
경상북도,구미형곡점,경북 구미시 신시로 59,054-451-3063
경기도,성남수진푸르지오점,"경기도 성남시 중원구 광명로 89, 푸르지오센트럴오피스텔 상가 1층",031 722 3592
충청남도,천안청당점,"충청남도 천안시 동남구 청수4로 10, 106호",041-562-0369
충청남도,천안백석점,충청남도 천안시 서북구 백석4길 44,041-558-5654
서울특별시,양재시민의숲역점,서울시 서초구 마방로2길 94,02-573-0421
대전광역시,대전봉명우산점,대전광역시 유성구 문화원로 86,042-825-2900
경기도,아주대점,경기도 수원시 영통구 아주로 18(원천동),070-7543-3601
경상북도,경산옥곡점,경상북도 경산시 경산로16길 2-6 (옥곡동),053-814-7676
경기도,시흥장곡공원점,경기도 시흥시 진말로9번길 15,070-4009-3311
서울특별시,화곡역점,서울시 강서구 화곡로25길2,02-2606-1117
서울특별시,보라매타운점,서울특별시 동작구 보라매로 5가길 7,02-832-9706
전라북도,전주송천오송점,전라북도 전주시 덕진구 천마산로 52(송천동1가 107-200),063-251-3255
충청남도,태안터미널점,충청남도 태안군 태안읍 동백로 307,041-674-9877
대전광역시,대전탑립테크노점,대전시 유성구 탑립동 880번지 102호,042-671-1100
경기도,행신역점,경기도 고양시 덕양구 충경로 52,031-970-6456
강원도,화천사내면점,강원도 화천군 사내면 사내로 40-3,033-441-4321
전라남도,순천호수공원점,전남 순천시 왕지2길 15,061-722-3883
경기도,부천원미사거리점,경기 부천시 원미로 119 1층,032-612-4377
인천광역시,인천효성명현점,인천 계양구 효성동 63-8,032-553-3294
서울특별시,노원문화의거리점,서울특별시 노원구 노해로79길 6-19,02-939-1350
경기도,대화역점,"경기도 고양시 일산서구 중앙로 1568(대화동, 하성프라자)",031-911-4999
경기도,성남신흥역점,"경기도 성남시 수정구 산성대로 267, 1층 119-1호(신흥동)",031-733-8889
서울특별시,봉천역점,서울시 관악구 남부순환로 1729(봉천동 926-36),02-882-5585
인천광역시,인천마전역점,"인천광역시 서구 완정로 60 (마전동, 정안빌딩)",032-568-5726
경기도,김포풍무역점,김포시 유현로 238번길 31 웅신타워 114호,031 998 7540
경기도,용인역북남부점,경기도 용인시 처인구 명지로60번길 8-13,031 335 9146
서울특별시,장안동사거리점,서울특별시 동대문구 장한로 140,02-3394-6122
전라북도,전주서신중앙점,전북 전주시 완산구 당산로 39 제일비사벌아파트 상가 108동 111호,063-274-2233
세종특별자치시,세종새롬중앙점,"세종특별자치시 새롬중앙로 47, 세움빌딩 112호",070-7797-4732
충청북도,청주율량중앙점,충청북도 청주시 청원구 율량로 104,043-211-4001
전라북도,익산시민공원점,전북 익산시 무왕로 13길 17,063-918-3737
인천광역시,인천법원삼거리점,인천 미추홀구 소성로 159,032-874-1255
경기도,탄현역제니스점,경기도 고양시 일산서구 탄현동 1640,031-911-0615
경기도,부천역남부점,경기 부천시 경인로 210,032-614-1007
경상남도,진주호탄점,경남 진주시 강변길9번길 6,055-741-3350
경기도,동두천지행역점,경기도 동두천시 지행동 지행로 56,031-868-2825
서울특별시,응암역점,"서울특별시 은평구 은평로 56, 1층(신사동, 안건빌딩)",02-303-3319
전라북도,전주동산점,전라북도 전주시 덕진구 쪽구름로 58,063-214-3789
인천광역시,인천도화청운대점,인천광역시 미추홀구 숙골로87번길 24. 101호 (도화동 가야프라자),032-873-3833
경기도,동탄중앙어울림점,경기 화성시 동탄대로시범길 142 센텀프라자 1층 108-1호,031-373-7020
대구광역시,대구달성테크노점,"대구광역시 달성군 유가읍 테크노상업로 98, 1층",053-611-4﻿701
인천광역시,인천검단사거리점,인천광역시 서구 검단로 474 뷰비스타운 1층,032-565-9700
인천광역시,인천서구청점,인천시 서구 탁옥로 45,032-567-3798
경기도,광교법조타운점,경기도 수원시 영통구 광교중앙로266번길 22,031-211-2017
경기도,문산당동점,"경기도 파주시 문산읍 방촌로 1725, 107호(좋은빌딩3)",031-954-1160
경기도,화성향남로데오점,"경기도 화성시 향남읍 상신하길로328번길 26, 1층 101호(키움프라자)",031-352-0188
경기도,수원탑동점,"경기도 수원시 권선구 탑동로3번길 13, 1층(탑동)",070-4135-9999
인천광역시,인천검암서해점,"인천광역시 서구 승학로 497(검암동, 검암프라자)",032-561-8550
경상북도,예천신도시점,"경상북도 예천군 호명면 새움3로 26, 103호(에비뉴타워)",054-654-0575
경기도,용인구성역점,"경기 용인시 기흥구 용구대로 2398, 주상가동 1층 101-3호(마북동, 연원마을벽산아파트)",031-283-0999
경기도,양평로데오점,경기도 양평군 양평읍 양근리 358-5,031-774-8886
서울특별시,빽다방 빵연구소 신사사거리점,서울시 서초구 강남대로 605,02-517-0410
경상남도,경남거창중앙점,​경상남도 거창군 거창읍 중앙로 123,055-945-3622
충청북도,청주분평중앙점,"충청북도 청주시 서원구 1순환로 1107번길 20, 1층",043-295-7971
인천광역시,인천더블유병원점,"인천 미추홀구 인주대로 410, 탑클래시아 1층",032-421-3302
인천광역시,인천월미도점,"인천 중구 월미로 237 (북성동1가), 1층",032-761-7778
경기도,김포장기역점,"경기도 김포시 김포한강1로51번길 28, 105호(장기동 , 레드클로버)",031-997-4777
경기도,파주금촌1호점,"경기도 파주시 문화로 102 , 제1호(금촌동)",031-948-3358
서울특별시,KBS본관점,서울특별시 영등포구 의사당대로 38,02-783-0783
충청남도,천안불당지웰점,"충청남도 천안시 서북구 불당26로 50, 근린생활시설4동 E103호",041-551-8867
충청남도,천안불당정석점,충남 천안시 서북구 불당21로 71 정석프라자 117호,041-567-2737
충청남도,보령중앙점,충청남도 보령시 중앙로81,041-935-5555
경기도,안산중앙역롯데점,"경기 안산시 단원구 고잔로 108, 1층",031-403-4333
인천광역시,인천청라쓰리엠점,"인천광역시 서구 중봉대로586번길 9-4, 106호(연희동, 쓰리엠타워)",032-566-8833
경기도,수원권선웰빙점,경기도 수원시 권선구 세지로 73,070-8830-9194
인천광역시,인천구월로데오점,인천 남동구 성말로 9,032-815-0410
경기도,평택팽성점,경기도 평택시 팽성읍 팽성송화로 219 1층,031-692-8855
경상남도,진주과기대점,"경상남도 진주시 동진로 21, 1층 (칠암동)",055-753-1435
충청남도,홍성내포중앙점,충청남도 홍성군 홍북읍 청사로 174번길 2 113호,041-635-0222
전라남도,목포북항골든점,"전라남도 목포시 원산중앙로 10, 1층 105호(산정동, 한성골든빌)",061-278-1120
경기도,용인흥덕이시티점,"경기도 용인시 기흥구 흥덕2로87번길 18 C동 115호(영덕동, 이씨티)",031-212-1369
대구광역시,대구진천역점,대구광역시 달서구 월배로 96 (진천동),053-633-8780
충청남도,논산중앙점,충남 논산시 중앙로 480번길 12 글로벌 알디빌딩 1층 108호,041-732-1030
서울특별시,발산역플레이스점,서울특별시 강서구 강서로 395. 플레이스 H 108호,02-2659-2119
경기도,시흥배곧메가점,경기도 시흥시 서울대학로 278번길 43-13 112호,031-497-5384
경기도,오산세교삼미점,경기 오산시 오산대역로 210 1층,031-375-8452
대전광역시,대전유천버드내점,대전광역시 중구 태평로 22-1,042-527-1401
경기도,고양삼송신원점,경기도 고양시 덕양구 신원로 40-46,02-381-8929
대구광역시,대구다사세천점,"대구광역시 달성군 다사읍 세천로 160, 엠코타운 더솔레뉴 상가 303동 105호",053-592-2233
대전광역시,대전가수원중앙점,대전광역시 서구 계백로 1135,042-542-0773
충청남도,천안역점,충청남도 천안시 동남구 대흥로 228,041-566-2737
인천광역시,인천석바위시장점,"인천광역시 남구 경원대로 848(주안동, 주안태흥프라자)",032-432-0411
서울특별시,마곡나루역북부점,"서울특별시 강서구 마곡중앙5로 1길 20, 1층",02-3662-0504
충청남도,당진읍내점,충남 당진시 당진중앙2로 103-11 (읍내동) 1층,041-354-0177
부산광역시,부산장림점,부산광역시 사하구 장림번영로103번길 5,051-265-0410
인천광역시,인천길병원점,"인천광역시 남동구 구월남로 174 , 1층 107호(구월동,그랜드프라자)",032-464-1891
인천광역시,인천용현토지점,인천광역시 남구 낙섬중로 40(용현동),032-884-9910
서울특별시,사가정역점,서울특별시 중랑구 면목로 330-1 1층,02-432-2337
전라북도,정읍터미널점,전라북도 정읍시 중앙로 41,063-532-7733
경기도,김포통진마송점,경기도 김포시 통진읍 조강로 39,031-996-1786
인천광역시,인천임학역점,인천광역시 계양구 장제로 885-1,032-555-7877
서울특별시,약수역점,서울특별시 중구 다산로 131,02-6082-0950
전라남도,무안전남도청점,전라남도 무안군 삼향읍 남악3로 82번길 14  107호,061-283-1025
대전광역시,서대전샘물타운점,대전광역시 유성구 원내로38 원내코아 108호,042-546-1014
광주광역시,광주상무메가점,광주광역시 서구 시청로 60번길 21-6 1층 101호,062-222-8464
충청남도,서산터미널점,충청남도 서산시 율지8로 4 1층,041-664-0180
서울특별시,구파발역미켈란점,"서울 은평구 진관2로 15-8 (진관동, 웅신 미켈란의아침) 1층 101호",02-386-0202
전라남도,광양중마사랑점,"전라남도 광양시 공영로 67, 1층",061-792-0066
충청남도,천안두정역점,"충청남도 천안시 서북구 두정로 271, 1층",041-523-5559
경기도,고양원흥역점,"경기도 고양시 덕양구 삼송로 12, 반도유스퀘어 106호",0507-1412-1947
서울특별시,신설동역1호점,서울특별시 동대문구 왕산로 20,02-6104-7979
전라북도,전주대점,전라북도 전주시 완산구  백마산길 23,063-225-2912
서울특별시,방이역코오롱점,"서울시 송파구 마천로 25, 1층",02-425-4317
경기도,파주운정이마트점,"경기 파주시 와석순환로 125 (동패동, 현대프라자) 1층",032-947-8751
경기도,동탄영천한백점,"경기도 화성시 지산2길 4-2, 1층",031-372-3070
대구광역시,대구경대병원점,"대구시 중구 동덕로26길 18, 1층",053-425-8383
제주도,호텔더본 제주점,제주도 서귀포시 색달로 18,064-766-8933
인천광역시,송도캠퍼스타운점,"인천시 연수구 송도과학로27번길 55, 캠퍼스타운 D동 103호",032-822-0203
대구광역시,대구신월성점,대구광역시 달서구 조암로 29 이래타워 지상 1~2층 112호,053-644-1224
경상북도,포항영일대점,경상북도 포항시 북구 삼호로 237 1층,054-241-0308
경기도,화성향남중앙점,"경기도 화성시 향남읍 행정중앙2로 63-34, 명신프라자 103호",031-353-2276
인천광역시,동인천역점,"인천시 중구 자유공원로 5, 1~2층",032-777-2226
인천광역시,인천신현하늘채점,인천광역시 서구 석곶로 2,032-583-2301
경기도,부천약대점,"경기도 부천시 평천로 718, 1층",032-672-5040
서울특별시,구로시장점,"서울시 구로구 구로동로26길 125, 1~2층",02-856-0779
경기도,김포구래점,"경기도 김포시 김포한강9로 80, 다온프라자 123호",031-989-0412
인천광역시,인하대역SK점,인천광역시 미추홀구 용정공원로 33,032-278-1021
전라남도,순천조례주공점,"전라남도 순천시 신월큰길 32, 1층",061-724-5888
충청북도,청주터미널점,"충청북도 청주시 흥덕구 풍년로 148-1, 1층",043-236-0412
서울특별시,천왕역점,서울특별시 구로구 오리로 1149,02-2688-7766
강원도,홍천중앙점,강원특별자치도 홍천군 홍천읍 꽃뫼로 99 (신장대리) 1층,033-432-4531
충청남도,온양온천역점,충남 아산시 온천대로 1487-5(온천동 211-2번지),041-549-0524
경기도,수원권선이마트점,경기 수원시 권선구 덕영대로1201번길 28 금강빌딩 107호,031-236-9194
경기도,용인동백역점,경기도 용인시 기흥구 동백중앙로 175,031-282-6674
경기도,파주운정산내점,"경기도 파주시 청암로17번길 25, 운정블루 102호",031-947-4539
대전광역시,대전탄방로데오점,"대전광역시 서구 둔산중로14번길 36, 124호(탄방동)",042-471-9396
대전광역시,대전선병원점,"대전시 중구 목중로 18, 1층",042-221-2111
경기도,고양원당중앙점,"경기도 고양시 덕양구 호국로 809, 1층",031-969-8044
충청북도,청주산남점,"충청북도 청주시 서원구 산남로 64, 엔젤변호사빌딩 107호",043-284-7111
충청남도,천안상명대점,"충청남도 천안시 동남구 각원사길 52,1층 103호",041-522-4261
경기도,군포당정역은하점,"경기도 군포시 고산로 248, 은하프라자 1층",031-399-0452
전라남도,목포평화광장점,"전라남도 목포시 원형로 4-1, 1층",061-285-1254
충청남도,천안쌍용중앙점,"충청남도 천안시 서북구 미라8길 23, 1층",041-575-5879
서울특별시,영등포구청역점,서울시 영등포구 당산로 113 (당산동3가 378),02-2068-8870
경기도,의왕포일프라자점,"경기도 의왕시 봇들로 40 101호 (포일동,포일프라자)",031-422-7786
서울특별시,등촌역점,"서울시 양천구 공항대로 564, 1층",02-6401-0000
서울특별시,당산역점,서울 영등포구 양평로 28-1 (당산동6가) 1층,02-2069-1965
경기도,군포당정삼거리점,"경기도 군포시 고산로151번길 7, 1층",031-342-7429
경상남도,경남고성송학점,"경상남도 고성군 고성읍 송학로 140, 1층",055-674-5678
전라남도,여수웅천해변점,"전라남도 여수시 예울마루로 37-15, 1층",061-685-5110
경기도,성남을지대점,"경기도 성남시 수정구 산성대로 535, 1층",031-748-0323
서울특별시,문정법조현대점,"서울특별시 송파구 법원로11길 11, 문정현대지식산업센터1-1 A동 125호",02-3400-0369
서울특별시,구로디지털역점,"서울시 구로구 디지털로32길 79, 1층",02-861-2929
경기도,수원남문점,"경기도 수원시 팔달구 정조로 787-2, 1층",031-244-9960
서울특별시,강북구청점,서울시 강북구 도봉로87길 48,02-991-9599
강원도,강릉금학점,강원도 강릉시 신대학길 14,033-647-1333
서울특별시,강동역헤르셔점,"서울시 강동구 천호대로 1089, 신동아파밀리에 B16호",02-471-5371
서울특별시,강남포스코센터점,서울시 강남구 삼성로85길 11,02-554-9799
서울특별시,강남역태극당점,서울시 강남구 테헤란로4길 46,02-501-8467
서울특별시,강남역지하도점,서울시 강남구 강남대로 396 강남역 지하 쇼핑센터 E-36,02-3452-3989
서울특별시,강남역월드점,서울시 서초구 서초대로77길 37,02-537-1519
서울특별시,가산대륭점,서울시 금천구 벚꽃로 298 107-2호,02-2083-8578
서울특별시,가락시장역점,서울시 송파구 송파대로28길 27,02-404-0410
서울특별시,강남소망점,서울시 강남구 언주로159길 3,02-518-3570
강원도,강릉교동중앙점,강원도 강릉시 솔올로 51,033-652-6566
경상남도,경남산청중앙점,"경상남도 산청군 산청읍 웅석봉로 11, 1층",055-973-0410
서울특별시,건대역화양점,"서울특별시 광진구 아차산로 29길 29-1, 1층",02-462-4886
서울특별시,건대로데오점,"서울시 광진구 아차산로 220, 노유송천빌딩 1층",02-464-2147
경상남도,거제고현터미널점,경상남도 거제시 서문로 79,055-633-3989
강원도,강원대점,"강원도 춘천시 서부대성로239번길 4, 1층",033-257-7737
서울특별시,광운대점,"서울특별시 노원구 광운로 43, 로얄포토빌딩 1층",070-7752-5322
경기도,광명하안뉴코아점,경기도 광명시 범안로 1042,02-897-9764
경기도,광명철산점,"경기도 광명시 오리로856번길 25, 남원빌딩 1층",02-2684-0410
경기도,광명사거리역점,"경기도 광명시 오리로 987, 1층",02-2611-0112
경기도,광교경기대후문점,"경기도 수원시 영통구 대학로 46, 킴엔코시티하임 103",031-309-5263
서울특별시,관악구청점,"서울시 관악구 관악로 155, 1층",02-877-6966
경기도,과천렉스타운점,"경기도 과천시 별양상가1로 25, 렉스타운 102호",02-3418-7787
충청남도,공주대점,"충청남도 공주시 공주대학로 87, 1층",041-881-3890
서울특별시,공덕역롯데캐슬점,"서울 마포구 마포대로 109 (공덕동, 롯데캐슬프레지던트)",02-718-7367
경기도,고양서정마을점,경기도 고양시 덕양구 서정마을1로 20-10,031-979-2100
서울특별시,고속터미널역점,서울특별시 서초구 신반포로 177 반포쇼핑타운 1층 16호,02-535-3608
인천광역시,계양구청점,"인천시 계양구 계산새로 71, 하이베라스 C-111호",032-288-0101
경상북도,경주분황사점,"경상북도 경주시 알천남로 314, 1층",054-777-6070
대구광역시,경북대정문점,"대구시 동구 경대로 36, 1층",053 -959-6151
경기도,군포당동우체국점,"경기도 군포시 군포로499번길 3, 1층",031-427-3669
서울특별시,구파발역점,서울특별시 은평구  진관2로 15-46 메트로 프라자 1층 110호,02-389-0101
경상북도,구미역점,"경상북도 구미시 구미중앙로 80-1, 1층",054-456-1599
경상북도,구미구평롯데점,"경상북도 구미시 인동36길 21, 1층",054-474-2313
경기도,구리인창늘푸른점,"경기도 구리시 건원대로34번길 51, 삼환신일아파트상가 106호",031-555-8860
경기도,구리돌다리점,"경기도 구리시 검배로6번길 27, 1층",031-555-5557
서울특별시,구로코오롱점,"서울특별시 구로구 디지털로30길 31, 코오롱빌란트2차 109호",02-2081-1675
서울특별시,구로로제리움점,"서울시 구로구 가마산로26길 5, 로제리움2차 104호",02-856-0375
광주광역시,광주충장로2호점,광주광역시 동구 금남로1가 19-4,062-222-7454
광주광역시,광주충장로1호점,"광주시 동구 중앙로160번길 15-6, 1~2층",062-225-5481
광주광역시,광주첨단로데오점,"광주시 광산구 첨단중앙로106번길 11, 104호",062-973-8054
경기도,광주이마트점,"경기도 광주시 광주대로 30, 광주터미널 이프라자 ,1층",031-799-7710
광주광역시,광주수완대로점,"광주 광산구 장신로 135 ,1층 빽다방",062-956-2965
광주광역시,광주상무1호점,광주광역시 서구 상무중앙로 103,070-8671-1447
대구광역시,대구도원골든점,"대구시 달서구 도원로 24, 1층",053-635-0853
대구광역시,대구교동시장점,대구광역시 중구 북성로1가 1-11길 (동성로 82),053-426-7877
대구광역시,대구감삼역점,"대구시 달서구 달구벌대로 1662, 1층",053-566-3911
경기도,단대오거리역점,"경기도 성남시 중원구 산성대로 354, 태성빌딩 1층",031-731-0503
충청남도,논산시청점,"충청남도 논산시 시민로194번길 10, 1층",041-733-7121
서울특별시,노원역우리은행점,"서울시 노원구 노해로 482, 덕영빌딩 102",02-930-1350
서울특별시,노량진학원점,"서울시 동작구 만양로 94-2, 1층",02-811-7737
경기도,남양주장현점,"경기도 남양주시 진접읍 장현로 77, 장현프라자 130",031-574-0480
경기도,김포한강CGV점,"경기도 김포시 김포한강11로 288-32, 골든스퀘어 117호",031-997-4556
경기도,김포장기쌍용점,"경기도 김포시 김포한강2로23번길 50, 더베니스 111호",031-988-4563
서울특별시,길음역점,"서울특별시 성북구 동소문로 248, 삼부상가 110호",02-909-3002
경기도,금정역점,"경기도 군포시 산본천로 226번길 1, 1층",031-393-3694
대전광역시,대전관평중점,"대전시 유성구 테크노4로 115, 1층",042-931-0606
대전광역시,대전가오CGV점,대전광역시 동구 가오동607번지 105호,042-273-0915
대구광역시,대구혁신1호점,"대구시 동구 첨단로8길 10, 이노타워 1층",053-965-9399
대구광역시,대구칠곡점,대구광역시 북구 칠곡중앙대로 638,053-325-3737
대구광역시,대구죽전삼정점,대구광역시 달서구 달구벌대로 1533,053-567-3911
대구광역시,대구월성원더풀점,"대구시 달서구 조암로 48, 1층",053-202-1223
대구광역시,대구성서롯데점,"대구시 달서구 성서로 414, 메가스타 112호",053-582-1607
대구광역시,대구상인역롯데점,대구 달서구 상인서로 103-6,053-638-3991
대구광역시,대구보건대점,"대구시 북구 칠곡중앙대로69길 26, 1층",053-311-3911
대구광역시,대구범어역점,"대구시 수성구 달구벌대로 2396, 1층",053-741-1308
대구광역시,대구반월당현대점,"대구시 중구 달구벌대로 2081-22, 1층",053-255-5814
대구광역시,대구반월당지하점,"대구시 중구 달구벌대로 지하 2100, 메트로센터 지하 C-112호",053-253-0169
대구광역시,대구두류점,"대구시 달서구 달구벌대로344길 34, 1층",053-626-7898
대구광역시,대구동성로2호점,"대구광역시 중구 동성로 5길 11, 1층 (동성로 2가)",053-428-6001
대전광역시,대전한남대점,대전광역시 대덕구 한남로 27,042-628-2104
대전광역시,대전터미널서관점,"대전시 동구 동서대로 1689, 대번복합터미널 서관 136호",042-621-2848
대전광역시,대전탄방세이점,"대전시 서구 문정로 86, 1층",042-471-1009
대전광역시,대전타임월드점,"대전시 서구 둔산로31번길 35, 1층",042-487-8334
대전광역시,대전을지병원점,대전광역시 서구 대덕대로 238,070-7575-0715
대전광역시,대전은행점,대전광역시 중구 중앙로156번길 24,042-226-7070
대전광역시,대전은행2호점,대전시 중구 대종로480번길 56,042-223-0628
대전광역시,유성리베라점,대전 유성구 봉명동 468-3,042-826-2171
대전광역시,대전우송대점,"대전시 동구 동대전로 169, 1층",042-627-0305
대전광역시,대전시청역점,"대전시 서구 둔산중로 40, 리치빌 1층",042-488-2914
대전광역시,대전스타게이트점,"대전시 서구 대덕대로 325, 스타게이트 1층 65호",042-484-3971
대전광역시,대전송촌공원점,"대전시 대덕구 송촌북로16번길 58, 1층",0507-1332-7806
대전광역시,대전법원점,"대전 서구 둔산로137번길 27, 둔산빌딩 1층",042-472-1274
대전광역시,대전배재대점,대전광역시 서구 배재로 160 (도마동),미등록
대전광역시,대전반석역점,대전광역시 유성구 북유성대로 303,042-825-0373
대전광역시,대전롯데점,"대전시 서구 도솔로 382, 1층",042-534-9396
대전광역시,대전둔산향촌점,"대전시 서구 둔산로 14, 1층",042-487-6100
대전광역시,대전둔산중앙점,"대전시 서구 대덕대로185번길 22, 1층",042-483-7667
대전광역시,대전노은CGV점,"대전시 유성구 은구비남로33번길 5, 경남아너스빌 111호",042-822-3283
서울특별시,마포복사꽃공원점,서울 마포구 마포대로4길 16,02-6403-7100
강원도,동해천곡점,"강원도 동해시 한섬로 111-7, 현진빌딩 106호",033-535-2323
경기도,동탄은행사거리점,"경기 화성시 동탄지성로 121 (반송동43-2),센터럴파크 오피스텔 105호",031-613-8293
경기도,동탄석우점,"경기도 화성시 삼성1로 160, 디지털스테이션 1층",031-8003-3134
경기도,동탄남광장점,"경기도 화성시 메타폴리스로 54, 117호",031-613-1148
서울특별시,동여의도점,"서울 영등포구 국제금융로 86 (여의도동, 롯데캐슬 아이비) 상가 1층 124호",02-786-0020
부산광역시,부산동아대승학점,부산광역시 사하구 하단2동 816-3,051-914-8285
대구광역시,대구동성로1호점,대구광역시 중구 동성로 34-3,0507-0289-9407
경기도,동서울대점,경기도 성남시 수정구 복정로 72번길 4,031-759-2929
서울특별시,독산롯데점,"서울특별시 금천구 시흥대로 399, 시티렉스 102",02-805-8885
부산광역시,부산광복로점,"부산시 중구 남포길 25-6, 1~2층",051-254-0410
경기도,범계역점,경기도 안양시 동안구 평촌대로 223번길 42,031-387-7713
경기도,범계역사거리점,경기도 안양시 시민대로 171 금강벤처텔 1층,031-382-2322
서울특별시,방화사거리점,"서울시 강서구 금낭화로 91-2, 대승프라자 1층",02-2663-9560
서울특별시,반포고투몰점,"서울시 서초구 신반포로 지하 200, 강남터미널 지하쇼핑몰 G-018호",02-537-5526
서울특별시,반포고투몰2호점,"서울특별시 서초구 신반포로 지하200, 강남터미널 지하쇼핑몰 T-012호",02-3477-6663
경기도,미금역농협점,"경기도 성남시 분당구 돌마로90번길 4, 엘레강스프라자 1동 104호",031-713-1021
경기도,문산시장점,"경기도 파주시 문산읍 문산로 35-3, 1~2층",031-952-1027
전라남도,목포장미의거리점,"전라남도 목포시 비파로51번길 31, 1층(상동)",061-283-0170
서울특별시,목동파리공원점,서울 양천구 목동서로 65 (목동가든스위트),02-2648-8202
서울특별시,목동역점,서울 양천구 오목로 231 (신정동),02-2606-1883
경기도,명학역점,"경기도 안양시 만안구 안양로 110, 1층",031-340-7758
서울특별시,명일역점,"서울시 강동구 구천면로 418, 1층",미등록
인천광역시,부평청천중점,인천시 부평구 부평구 세월천로 35,032-511-7978
인천광역시,부평테마의거리점,"인천광역시 부평구 경원대로 1395, 부평일번가빌딩 110호",032-525-1123
인천광역시,부평로데오점,인천광역시 부평구 부평대로20번길 18-1,032-514-7775
경기도,부천중동현대점,"경기도 부천시 석천로169번길 34, 파크리움 103호",032-327-3777
경기도,부천원종중앙점,"경기도 부천시 오정구 소사로 747, 1층",032-672-0798
경기도,부천역CGV점,경기도 부천시 원미구 부일로460번길 5,032-667-9548
경기도,부천신중동점,"경기도 부천시 중동로 254번길 64, 신일아르디세 104호",032-221-0844
경기도,부천상지초교점,"경기도 부천시 원미구 장말로199번길 6-4, 1층",032-656-2400
부산광역시,부산화명코오롱점,"부산시 북구 금곡대로285번길 19, 1층",051-363-3197
부산광역시,부산정관동오점,"부산광역시 기장군 정관면 정관읍 정관7로 17-3, 동오A타워 105호",051-727-8033
부산광역시,부산장산역점,"부산시 해운대구 해운대로 814, 1층",051-703-8434
충청남도,서산호수공원점,"충청남도 서산시 호수공원10로 7, 101호 (예천동, 배터라이프)",041-666-0180
대전광역시,서대전홈플러스점,대전시 중구 계백로 1686번길 16,042-587-0410
경기도,상현역점,"경기도 용인시 수지구 광교중앙로 310, 신명프라자 105호",031-261-9749
서울특별시,상암KGIT점,"서울특별시 마포구 월드컵북로 402, KGIT센터 105",02-6393-5582
경기도,상동역푸른마을점,"경기도 부천시 원미구 상동로 84,1층",032-328-9960
경기도,상동역북부점,경기 부천시 길주로 105,032-328-3400
강원도,삼척대학로점,강원특별자치도 삼척시 진주로 29,033-940-1220
경기도,삼성전자정문점,경기도 수원시 영통구 삼성로 172-4,031-8081-0079
경기도,산본중앙점,"경기도 군포시 산본로343번길 23, 1층",031-393-8550
경기도,산본역점,"경기도 군포시 산본로323번길 16-5, 1층",031-390-6210
서울특별시,불광역점,서울 은평구 통일로 738-1,02-352-3530
경기도,야탑역NC점,"경기도 성남시 분당구 야탑로75번길 15, 세화2001빌딩 104-1호",031-703-3965
경기도,분당서현대명점,"경기도 성남시 분당구 황새울로360번길 12, 1층",031-706-4014
경기도,분당서현교보점,"경기도 성남시 분당구 분당로 53번길9,106호",031-705-9323
경기도,송내역로데오점,"경기도 부천시 상일로 92, 삼회월드프라자 102",032-323-7600
경기도,송내역남부점,경기도 부천시 소사구 송내대로 33 105호,032-462-3259
강원도,속초중앙로점,"강원도 속초시 중앙로 123-1번지, 1층",070-8819-5504
부산광역시,센텀SH밸리점,"부산시 해운대구 센텀동로 35, 1층",051-746-5011
세종특별자치시,세종도담센트럴점,"세종시 한누리대로 583, 도담센트럴프라자 105호",044-862-2290
서울특별시,성신여대역점,"서울특별시 성북구 동소문로20나길 3, 1층",02-928-4618
서울특별시,성수역롯데캐슬점,"서울시 성동구 성수이로 113, 1층",02-464-2876
경기도,성남수진점,"경기도 성남시 수정구 수정로 106, 113호",031-757-6288
경기도,성남가천대역점,"경기도 성남시 수정구 성남대로 1330, 일성오피스텔 105호",031-604-4414
서울특별시,선릉중앙점,"서울시 강남구 선릉로86길 8, 1층",02-566-0708
서울특별시,선릉역1호점,서울특별시 강남구 테헤란로51길 10 정다운빌딩 102호,02-557-0410
서울특별시,서초역점,"서울시 서초구 서초대로 240, 동일하이빌 110호",02-522-0100
서울특별시,서울대메트로빌점,"서울특별시 관악구 남부순환로 1811 (봉천동, 신원메트로빌) 1층",02-875-0577
서울특별시,서울교대점,"서울특별시 서초구 서초중앙로22길 25, 서초리시온 109호",02-586-0511
서울특별시,서울과기대점,"서울시 노원구 공릉로 217, 1층",02-949-0112
전라남도,순천연향점,"전라남도 순천시 연향상가8길 23, 1층",061-725-1223
전라남도,순천신대1호점,전라남도 순천시 해룡면 신대2길 3,061-900-9800
경기도,수원천천롯데점,"경기도 수원시 장안구 만석로19번길 25-3, 강민크리닉 106",031-268-8789
경기도,수원정자백설점,"경기도 수원시 장안구 정자천로173번길 17, 투대일타운 102",031-268-8777
경기도,수원장안cgv점,"경기도 수원시 장안구 경수대로940, 일호골든타워 108",031-239-3005
경기도,수원인계중앙점,경기도 수원시 인계로166번길 48-21,070-4147-3147
경기도,수원영통중앙점,"경기도 수원시 청명남로 31, 키라레스토아 1층 105-1호",031-273-3885
경기도,수원역점,"경기도 수원시 팔달구 향교로 9-1, 1층",070-4131-2628
경기도,수원망포역점,"경기도 수원시 영통구 덕영대로 1535, 현대프라자 112호",031-205-8959
경기도,수원금곡칠보점,경기도 수원시 권선구 금곡로 100(금곡동 1082),031-292-4648
서울특별시,수서역점,"서울시 강남구 밤고개로1길 10, 수서현대벤처빌 109호",02-3412-4243
경기도,수내역초림점,"경기도 성남시 분당구 백현로101번길 17, 초림프라자 1층",031-717-0811
인천광역시,송도학원가점,"인천광역시 연수구 신송로 161(송도 더 하이츠, 106호)",032-831-4496
인천광역시,송도월드마크점,"인천광역시 연수구 컨벤시아대로 116, 103호",032-834-4801
인천광역시,송도글로벌1호점,"인천광역시 연수구 송도문화로28번길 28, 204동 1층 4-130호(송도동, 송도글로벌캠퍼스푸르지오)",032-811-1107
경기도,송내역법조타운점,"경기도 부천시 원미구 부일로221번길 46, 1층",032-323-3050
경기도,안산선부산호점,"경기도 안산시 단원구 선부광장1로 66, 용현빌딩 104",031-405-5995
경기도,안산본오주공점,"경기도 안산시 상록구 샘골로 189,1층",031-418-9875
경기도,안산고잔월드점,"경기도 안산시 단원구 광덕대로 174, 월드타운 1층",031-439-0410
경기도,안산고잔롯데점,"경기도 안산시 단원구 광덕대로 145, 강희그랜드오피스텔 106호",031-411-3574
경상북도,안동옥동센터점,"경상북도 안동시 광명로 171-1, 1층",054-852-3157
경상북도,안동문화의거리점,"경상북도 안동시 서동문로 184-1, 1층",054-855-6566
서울특별시,아차산점,"서울시 광진구 천호대로129길 17, 1층",02-3437-3377
충청남도,아산신용화점,충청남도 아산시 용화고길 55번길 21,041-544-0046
충청남도,아산배방점,충남 아산시 배방읍 배방로 25 1층,041-910-0167
서울특별시,신촌역점,"서울시 서대문구 연세로2길 6, 1층",02-363-3284
경기도,신중동역점,"경기도 부천시 길주로 307, 로얄프라자 107",032-329-0913
서울특별시,신림역1호점,서울 관악구 신림동 1639-8 1층,02-887-8833
경기도,시흥정왕옥구점,경기도 시흥시 옥구상가2길 3,031-434-1255
경기도,시흥정왕로데오점,경기도 시흥시 정왕동 1738-1 로즈프라자 1층,031-434-2007
서울특별시,여의도시범상가점,"서울특별시 영등포구 63로 45, 시범상가 7동 13호",02-761-6916
서울특별시,양재역점,"서울시 강남구 남부순환로 2615, 극동스타클래스 104호",02-575-0824
서울특별시,압구정역점,강남구 신사동 압구정로 156,02-3446-0410
경기도,안양평촌학원가점,경기 안양시 동안구 평촌대로 130 신세기프라자 109호,031-385-5585
경기도,안양역점,"경기도 안양시 만안구 만안로 224, 1층",031-466-6260
경기도,안양비산점,안양시 동안구 비산동 관악대로 177,031-384-0513
경기도,안양남부시장점,"경기도 안양시 만안구 안양로 259, 1층",031-446-3494
경기도,안양관양타워점,"경기도 안양시 동안구 관악대로287번길 33, 1층",031-385-7890
경기도,안양일번가점,"경기도 안양시 만안구 장내로139번길 35, 1층",031-443-2119
서울특별시,안암역점,"서울시 성북구 인촌로 99-7, 1층",02-925-3246
경기도,안성공도골드점,"경기도 안성시 공도읍 공도로 132, 골드일번가 113호",031-618-6367
경기도,안산한대앞역점,경기도 안산시 상록구 광덕1로 369,031-408-0403
경기도,안산초지풍림점,"경기 안산시 단원구 광덕1로 64 (초지동, 현대프라자) 1층",031-482-0410
경기도,안산중앙역점,경기도 안산시 단원구 중앙대로 907 안산종합상가 1동1117호,031-439-4333
경기도,안산중앙역남부점,경기도 안산시 단원구 광덕4로 234 115호,031-481-9361
경기도,안산원곡보성점,"경기도 안산시 단원구 원초로 30, 보성프라자 108-1호",031-405-5288
경기도,수지구청점,경기도 용인시 수지구 풍덕천로 144-1 102호,031-306-7000
경기도,용인처인중앙점,"경기도 용인시 처인구 금령로 90번길 3-4, 1층 (김량장동)",031-338-9146
경기도,용인기흥구청점,"경기도 용인시 관곡로64번길 18, 모닝프라자 108",031-285-1366
경기도,용인강남대점,"경기도 용인시 기흥구 강남로 3, 강남앤플러스 124호",031-274-8002
서울특별시,용산문배점,서울시 용산구 백범로 90길 74,02-703-0410
서울특별시,용산국방부점,서울특별시 용산구 이태원로 4길 14,02-749-4631
충청북도,오창호수공원점,"충청북도 청주시 청원구 오창읍 중심상업1로 50, 1층",043-215-1525
경기도,오산역점,경기 오산시 대원로 14 명동빌딩 1층,070-8264-0927
경기도,오산시청점,"경기도 오산시 오산동 운암로 35 , 1층 104호",031-378-1751
서울특별시,오금역점,"서울시 송파구 오금로 306, 가락스타클래스 111호",02-2043-8500
경상북도,영주하망동점,경상북도 영주시 영주로 231(하망동 345-30),054-633-6788
서울특별시,영등포신세계점,서울시 영등포구 영중로 5,02-2635-4320
서울특별시,연신내역점,"서울시 은평구 연서로29길 6, 1층",02-389-2682
서울특별시,역삼역GS점,"서울시 강남구 봉은사로30길 73, 1층",02-565-0410
서울특별시,은평초교점,"서울시 은평구 은평로 235, 1층",02-353-1082
서울특별시,월곡역점,"서울시 성북구 화랑로 91, 1층",02-6369-2666
서울특별시,원효용문시장점,서울특별시 용산구 새창로 132,02-6223-3994
강원도,원주중앙1호점,"강원도 원주시 무실로12번길 31, 1층",033-748-7787
강원도,원주장미공원점,"강원도 원주시 장미공원길 32, G2타워 101",033-747-8900
강원도,원주단구GS점,"강원도 원주시 남원로534번길 20, 1층",033-762-3123
전라북도,원광대점,"전라북도 익산시 무왕로4길 4, 1층",063-852-5089
울산광역시,울산일산점,"울산시 동구 일산진11길 23, 1층",052-252-9002
울산광역시,울산삼산현대점,울산광역시 남구 돋질로 302번길 17,070-7743-0410
서울특별시,우장산역점,"서울시 강서구 강서로 245, 1층",02-2601-1119
경기도,용인죽전누리점,"경기도 용인시 기흥구 죽전로 20, 108호(보정동, 누리애뜰상가)",031-898-0933
인천광역시,인천굴포천역점,"인천 부평구 길주로647번길 20, 삼성프라자 101호",032-519-6536
인천광역시,인천구월아시아점,"인천광역시 남동구 인하로 607, 모아프라자 106호",032-464-9289
인천광역시,인천구월NC점,"인천광역시 남동구 인하로 497-9, 1층 101호(구월동, 신현프라자)",032-433-3600
인천광역시,인천구월CGV점,"인천광역시 남동구 예술로 198, CGV 홈플러스 1층",032-446-0410
인천광역시,인천간석벽산점,"인천시 남동구 호구포로 921, 청산빌딩 101호",032-432-0410
인천광역시,인천가좌한신점,"인천시 서구 장고개로337번길 16, 한신휴플러스상가 401-117",032-577-9185
경상남도,인제대점,"경상남도 김해시 인제로 187, 1층",055-324-4748
경기도,인덕원역우정점,"경기도 안양시 동안구 관악대로 480, 우정빌딩 104",031-422-1102
전라북도,익산영등제일점,"전라북도 익산시 고봉로30길 4, 1층",063-831-0030
경기도,의정부센트럴점,"경기도 의정부시 시민로 80, 센트럴타워 A-110호",031-870-2230
경기도,의정부로데오점,"경기도 의정부시 호국로1298번길 77, 1층",031-848-6869
경기도,의정민락위드점,경기도 의정부시 오목로205번길 22,031-851-5929
경기도,의왕계원예대점,"경기도 의왕시 계원대학로 40, 1층",031-421-0447
서울특별시,응암역이마트점,"서울시 은평구 은평로 101, 1층",02-6408-6603
서울특별시,잠실새내점,"서울시 송파구 백제고분로7길 45, 1층",02-420-8838
경기도,일산후곡9단지점,"경기도 고양시 일산서구 일산로 559, 성일빌딩1층",031-922-5999
경기도,일산주엽역점,"경기도 고양시 일산서구 강성로 121, 일산삼회프라자 113",031-924-5894
경기도,일산라페스타점,"경기도 고양시 일산동구 무궁화로 31-2, 풍성프라자 108",031-926-3471
경기도,일산동구청점,경기도 고양시 일산동구 정발산로 38 이스턴시티 122호,031-932-1994
인천광역시,인하대점,인천광역시 인하로77번길 29,032-872-6555
인천광역시,인천청라진영점,"인천시 서구 청라라임로 71, 진영메디피아 1층",070-8211-0074
인천광역시,인천차이나타운점,"인천시 중구 차이나타운로 24-2, 1층",032-777-2891
인천광역시,인천연수점,인천광역시 연수구 먼우금로188번길 12,032-812-1219
인천광역시,인천신포시장점,인천광역시 중구 신포동 64-3,032-762-1788
인천광역시,인천신기시장점,"인천시 남구 인하로 259, 1층",032-876-9910
인천광역시,인천송도점,"인천광역시 연수구 컨벤시아대로 81, 드림시티 1층",032-858-0410
인천광역시,인천서창e편한점,"인천시 남동구 서창남로 50, 1층",032-466-5384
인천광역시,인천모래내시장점,"인천광역시 남동구 구월로 268, 1층 103호",032-464-5219
인천광역시,인천만수1호점,인천광역시 남동구 만수로 59,032-246-2207
인천광역시,인천라피에스타점,"인천시 남동구 논고개로 61, 라피에스타 168호",032-435-7955
인천광역시,인천동암역북부점,"인천광역시 부평구 열우물로 39, 1층",032-424-7837
인천광역시,인천논현역점,"인천광역시 남동구 논고개로 93, 1층 109호(논현동, 보미리즌텔)",0507-1307-3147
인천광역시,인천논현역2호점,"인천시 남동구 논고개로123번길 17, 아이플렉스 134-1호",032-426-0207
인천광역시,인천남동초교점,"인천시 남동구 장승남로 41, 101호",032-463-1343
충청북도,제천중앙로점,"충청북도 제천시 의림대로14길 2, 1층",043-651-7111
제주도,제주중앙여고점,제주특별자치도 제주시 남광로2길 43-13,070-8814-6545
제주도,서귀포시청점,제주특별자치도 서귀포시 중앙로 109. 1층,064-762-6451
제주도,제주삼화부영점,"제주도 제주시 화삼북로 135, 1층",064-723-5479
제주도,제주대학로점,"제주도 제주시 광양8길 12-1, 1층",070-4010-2808
제주도,제주노형뜨란채점,제주특별자치도 제주시 수덕로 41 (1층),064-711-5538
경기도,정왕역점,"경기도 시흥시 마유로 418번길 10, 104호",031-433-7714
서울특별시,정릉시장점,"서울특별시 성북구 보국문로 50, 1층",070-4151-0229
전라북도,전주서신롯데점,"전라북도 전주시 완산구 새터로 122-23, 1층",063-251-8989
전라북도,전주객사1호점,"전라북도 전주시 완산구 전주객사5길 44-6, 1층",063-283-2911
전라북도,전북도청타운점,"전라북도 전주시 완산구 홍산중앙로 33, O&J빌딩 102",063-223-1021
전라북도,전북대1호점,"전라북도 전주시 덕진구 권삼득로 301, 1층",063-272-3235
광주광역시,전남대후문점,"광주시 북구 우치로90번길 16, 1층",062-261-9228
서울특별시,장한평역점,"서울시 동대문구 천호대로85길 7, 1층",02-2216-0410
서울특별시,잠실장미상가점,"서울시 송파구 올림픽로35길 104, 잠미종합상가 A상가 110호",02-419-4999
서울특별시,잠실역지하도점,서울시 송파구 올림픽로 265 잠실역지하쇼핑센터 B-12호,02-413-2016
충청남도,천안쌍용월봉점,"충청남도 천안시 서북구 월봉로 84, 월봉메디컬빌딩 105호",041-576-5858
충청남도,천안신부점,충남 천안시 동남구 먹거리 11길 40,041-522-9052
충청남도,천안두정중앙점,"충청남도 천안시 서북구 두정로 166, 1층",041-562-5552
충청남도,천안구성점,"충청남도 천안시 동남구 충절로 292, 1층",041-567-5858
경상남도,창원합성1호점,경남 창원시 마산회원구 합성남7길 6 (합성동),055-297-2237
경상남도,창원상남시장점,"경상남도 창원시 성산구 마디미로 39, 1층",055-281-3715
경상남도,창원메트로시티점,"경상남도 창원시 마산회원구 삼호로 80, 메트로시티상가 B동 1층",055-251-0266
경상남도,진주로데오점,"경상남도 진주시 촉석로186번길 6, 1층",055-790-9388
경상남도,진주경상대1호점,"경상남도 진주시 진주대로 516번길 6-1, 1층/2층(103호/ 201호)",055-757-1236
서울특별시,중랑역동부시장점,"서울시 중랑구 망우로32길 14, 1층",02-432-1077
서울특별시,중계은행사거리점,"서울시 노원구 한글비석로 235, 1층",02-932-0410
인천광역시,주안역점,"인천 미추홀구 주안로 100, 1층",032-423-4262
서울특별시,종암사거리점,"서울시 성북구 종암로 132, 우림카이저팰리스 상가 111호",02-998-8934
서울특별시,종로관철점,"서울시 종로구 종로10길 21,1층",02-720-0102
경기도,평택이충점,"경기도 평택시 이충로35번길 22, 뜨란프라자 102호",031-668-9007
경기도,평택소사벌1호점,"경기도 평택시 평남로 929, 1층 107호(비전동,우리타워)",031-618-1518
경기도,평택로데오점,경기도 평택시 평택2로 10번길 34 (평택동),031-651-7877
경기도,평촌역금강점,"경기도 안양시 동안구 시민대로 311, 금강스마트빌딩 1층",031-346-0272
경기도,평촌CGV점,"경기도 안양시 동안구 관평로170번길 33, 1층",031-388-5020
경기도,평내호평역점,"경기도 남양주시 늘을2로 32, 호평프라자 113호",031-559-5455
경기도,판교유스페이스점,"경기도 성남시 분당구 대왕판교로 660, 유스페이스 1층 134호",031-628-1789
경기도,파주금릉역점,"경기도 파주시 금빛로 24, 1층 우평프라자 105호",031-944-1917
경상남도,통영시립도서관점,경상남도 통영시 무전3길 14,055-643-7913
제주도,탐라도서관점,"제주도 제주시  노형6길 27, 1층",064-625-3100
충청북도,충북대중문점,"충청북도 청주시 서원구 내수동로 101, 1~2층",043-266-1007
대전광역시,충남대후문점,대전시 유성구 궁동로18번길 37,042-826-1131
강원도,춘천석사CGV점,"강원도 춘천시 지석로 85, 강남프라자 101호",033-261-8701
강원도,춘천명동점,"강원특별자치도 춘천시 중앙로67번길 18 (죽림동, 브라운가) 1층 제1105호",033-242-0410
충청북도,청주중앙공원점,"충청북도 청주시 상당구 상당로59번길 13, 1층",043-225-1122
서울특별시,천호역롯데점,"서울시 강동구 천호옛길 94, 1층",02-474-0410
서울특별시,천호역로데오점,"서울시 강동구 올림픽로70길 57, 1층",02-477-0066
경기도,화정역점,"경기도 고양시 덕양구 화신로272번길 58, 1층 107호",031-973-6310
경기도,화성삼성점,"경기도 화성시 효행로 1289, 일동 1층 일부호(반월동)",031-225-7773
경기도,화성병점점,"경기도 화성시 효행로 1028, 섬성프라자 1층",031-225-0990
서울특별시,홍제삼거리점,"서울시 서대문구 통일로 426, 1층",02-732-0410
충청남도,홍성로데오점,충청남도 홍성군 홍성읍 아문길29번길 56 (오관리) 1층,041-631-1627
서울특별시,홍대입구점,서울 마포구 와우산로23길 44 (서교동) 1층,0507-2093-3429
부산광역시,해운대역리베라점,부산광역시 해운대구 구남로29번길 32,051-743-5004
서울특별시,한티역점,"서울시 강남구 도곡로 405, 1층",02-501-7750
서울특별시,한양대점,"서울시 성동구 마조로 21, 1층",02-2297-3234
경상북도,포항죽도시장점,경상북도 포항시 중앙로 256-3,054-246-1508
경기도,포천송우중앙점,"경기 포천시 소흘읍 송우로 80, 황금프라자 , 1층",031-543-3255
경기도,시흥거모점,경기도 시흥시 군자로 517-1,031-508-0159
서울특별시,등촌성당점,"서울특별시 강서구 공항대로41길 51, 세신그린코아 101호",02-3663-4067
서울특별시,남대문시장점,서울시 중구 퇴계로 37,02-772-9750
경기도,시흥대야롯데점,경기도 시흥시 비둘기공원7길 51,031-312-7093
대구광역시,대구침산점,대구광역시 북구 침산로 168,053-242-1252
충청북도,청주성안롯데점,"충청북도 청주시 상당구 성안로 13, 씨유멀티플렉스 1004호",043-221-5991
제주도,제주제원점,제주도 제주시 신광로 56,064-747-2451
충청남도,천안성정롯데점,충청남도 천안시 서부3길 77,041-565-5800
세종특별자치시,세종시정부청사점,세종특별자치시 도움8로 11-11,044-866-7563
경기도,파주교하중앙점,경기도 파주시 청석로 262,031-945-3354
서울특별시,마곡역GMG점,강서구 마곡중앙6로 16 마곡지엠지타워 1층,02-2061-4246
서울특별시,서울숲역점,서울 성동구 왕십리로 100,02-499-8242
충청북도,청주가경골드점,"충청북도 청주시 흥덕구 가경로 9-22, 골드프라자 108호",043-232-1860
충청남도,당진문예의전당점,"충청남도 당진시 시청1로 77, 1층",041-357-7947
서울특별시,명지대점,서울특별시 서대문구 거북골로 19,02-302-4495
서울특별시,면목역점,"서울시 중랑구 겸재로 178, 1층",02-6014-5368
경기도,광주태전점,경기도 광주시 고불로 56,031-797-9721
서울특별시,고속터미널지하점,서울시 서초구 신반포로 188 고속터미널 지하 5호매장,02-594-0410
대전광역시,대전관저중앙점,대전광역시 서구 관저로 157,042-541-0773
대전광역시,대전중앙로지하점,"대전시 중구 중앙로 지하145, 중앙로지하상가 C구역 가열 14호",042-242-9090
경기도,야탑역대덕점,경기 성남시 분당구 성남대로 926번길 6 야탑대덕프라자 1층,031-701-5221
인천광역시,인천옥련점,인천광역시 연수구 독배로 35 106호,032-833-5298
서울특별시,망원시장점,서울특별시 마포구 월드컵로13길 34,02-332-2740
경기도,수원역전시장점,"경기도 수원시 팔달구 덕영대로 931-1, 1층",031-252-0330
경기도,화성수원대점,경기 화성시 봉담읍 와우로 108,031-224-2238
경기도,시흥월곶점,경기도 시흥시 월곶동 1014-3 101호,031-404-7316
경기도,남양주덕소점,"경기도 남양주시 와부읍 덕소로 88, 1층",031-521-7674
전라북도,군산수송점,"전라북도 군산시 동수송안길 21, 1층",063-471-0401
대전광역시,대전역점,"대전시 동구 대전로815번길 3, 1층",042-226-0454
경기도,분당미금역천사점,경기도 성남시 분당구 성남대로 165,031-716-3888
울산광역시,울산남목초교점,"울산시 동구 동해안로 28, 1층",052-235-4003
경기도,용인동백쥬네브점,"경기도 용인시 기흥구 동백중앙로 283, 골드프라자 D121호",031-274-1366
서울특별시,청량리역점,"서울시 동대문구 왕산로 209, 1층",02-3293-0032
경기도,동탄솔빛나루점,"경기도 화성시 동탄중앙로 76, 서건프라자 109호 1층",031-8003-0402
서울특별시,신대방삼거리점,서울특별시 동작구 국사봉1길 28,02-825-5077
대전광역시,충남대병원점,대전광역시 중구 계룡로920번길 36,042-220-5901
서울특별시,태평로점,"서울시 중구 세종대로 82, 1층",02-318-3323
경상북도,구미상모점,"경상북도 구미시 상사서로 77, 1층",054-465-5460
충청남도,천안불당중앙점,"충청남도 천안시 서북구 검은들3길 58, 매가클래스블루 1층",041-556-0410
